Year,State_Province,Cumulative_black_mass_cap,Cumulative_refining_cap
2025,AL,0,0
2026,AL,0,0
2027,AL,0,0
2028,AL,0,0
2029,AL,18000,0
2030,AL,18000,0
2031,AL,18000,0
2032,AL,18000,0
2033,AL,18000,0
2034,AL,18000,0
2035,AL,18000,0
2036,AL,18000,0
2037,AL,18000,0
2038,AL,18000,0
2039,AL,18000,0
2040,AL,18000,0
2041,AL,18000,0
2042,AL,18000,0
2043,AL,18000,0
2044,AL,18000,0
2045,AL,18000,0
2046,AL,18000,0
2047,AL,18000,0
2048,AL,18000,0
2049,AL,18000,0
2050,AL,18000,0
2025,AZ,9100,0
2026,AZ,9100,0
2027,AZ,9100,0
2028,AZ,9100,0
2029,AZ,14100,0
2030,AZ,14100,0
2031,AZ,14100,0
2032,AZ,14100,0
2033,AZ,14100,0
2034,AZ,14100,0
2035,AZ,14100,0
2036,AZ,14100,0
2037,AZ,14100,0
2038,AZ,14100,0
2039,AZ,14100,0
2040,AZ,14100,0
2041,AZ,14100,0
2042,AZ,14100,0
2043,AZ,14100,0
2044,AZ,14100,0
2045,AZ,14100,0
2046,AZ,14100,0
2047,AZ,14100,0
2048,AZ,14100,0
2049,AZ,14100,0
2050,AZ,14100,0
2025,BC,0,0
2026,BC,0,0
2027,BC,0,0
2028,BC,250000,250000
2029,BC,250000,250000
2030,BC,250000,250000
2031,BC,250000,250000
2032,BC,250000,250000
2033,BC,250000,250000
2034,BC,250000,250000
2035,BC,250000,250000
2036,BC,250000,250000
2037,BC,250000,250000
2038,BC,250000,250000
2039,BC,250000,250000
2040,BC,250000,250000
2041,BC,250000,250000
2042,BC,250000,250000
2043,BC,250000,250000
2044,BC,250000,250000
2045,BC,250000,250000
2046,BC,250000,250000
2047,BC,250000,250000
2048,BC,250000,250000
2049,BC,250000,250000
2050,BC,250000,250000
2025,CA,45823.36185,45823.36185
2026,CA,45823.36185,45823.36185
2027,CA,45823.36185,45823.36185
2028,CA,45823.36185,45823.36185
2029,CA,45823.36185,45823.36185
2030,CA,45823.36185,45823.36185
2031,CA,45823.36185,45823.36185
2032,CA,45823.36185,45823.36185
2033,CA,45823.36185,45823.36185
2034,CA,45823.36185,45823.36185
2035,CA,45823.36185,45823.36185
2036,CA,45823.36185,45823.36185
2037,CA,45823.36185,45823.36185
2038,CA,45823.36185,45823.36185
2039,CA,45823.36185,45823.36185
2040,CA,45823.36185,45823.36185
2041,CA,45823.36185,45823.36185
2042,CA,45823.36185,45823.36185
2043,CA,45823.36185,45823.36185
2044,CA,45823.36185,45823.36185
2045,CA,45823.36185,45823.36185
2046,CA,45823.36185,45823.36185
2047,CA,45823.36185,45823.36185
2048,CA,45823.36185,45823.36185
2049,CA,45823.36185,45823.36185
2050,CA,45823.36185,45823.36185
2025,FL,15,0
2026,FL,15,0
2027,FL,15,0
2028,FL,15,0
2029,FL,15,0
2030,FL,15,0
2031,FL,15,0
2032,FL,15,0
2033,FL,15,0
2034,FL,15,0
2035,FL,15,0
2036,FL,15,0
2037,FL,15,0
2038,FL,15,0
2039,FL,15,0
2040,FL,15,0
2041,FL,15,0
2042,FL,15,0
2043,FL,15,0
2044,FL,15,0
2045,FL,15,0
2046,FL,15,0
2047,FL,15,0
2048,FL,15,0
2049,FL,15,0
2050,FL,15,0
2025,GA,12000,12000
2026,GA,22000,12000
2027,GA,32000,129143
2028,GA,32000,129143
2029,GA,32000,129143
2030,GA,32000,129143
2031,GA,32000,129143
2032,GA,32000,129143
2033,GA,32000,129143
2034,GA,32000,129143
2035,GA,32000,129143
2036,GA,32000,129143
2037,GA,32000,129143
2038,GA,32000,129143
2039,GA,32000,129143
2040,GA,32000,129143
2041,GA,32000,129143
2042,GA,32000,129143
2043,GA,32000,129143
2044,GA,32000,129143
2045,GA,32000,129143
2046,GA,32000,129143
2047,GA,32000,129143
2048,GA,32000,129143
2049,GA,32000,129143
2050,GA,32000,129143
2025,IL,24000,0
2026,IL,24000,0
2027,IL,24000,0
2028,IL,24000,0
2029,IL,24000,0
2030,IL,24000,0
2031,IL,24000,0
2032,IL,24000,0
2033,IL,24000,0
2034,IL,24000,0
2035,IL,24000,0
2036,IL,24000,0
2037,IL,24000,0
2038,IL,24000,0
2039,IL,24000,0
2040,IL,24000,0
2041,IL,24000,0
2042,IL,24000,0
2043,IL,24000,0
2044,IL,24000,0
2045,IL,24000,0
2046,IL,24000,0
2047,IL,24000,0
2048,IL,24000,0
2049,IL,24000,0
2050,IL,24000,0
2025,IN,0,0
2026,IN,5,5
2027,IN,5,5
2028,IN,5,5
2029,IN,5,5
2030,IN,5,5
2031,IN,5,5
2032,IN,5,5
2033,IN,5,5
2034,IN,5,5
2035,IN,5,5
2036,IN,5,5
2037,IN,5,5
2038,IN,5,5
2039,IN,5,5
2040,IN,5,5
2041,IN,5,5
2042,IN,5,5
2043,IN,5,5
2044,IN,5,5
2045,IN,5,5
2046,IN,5,5
2047,IN,5,5
2048,IN,5,5
2049,IN,5,5
2050,IN,5,5
2025,KY,270,270
2026,KY,270,270
2027,KY,270,270
2028,KY,270,270
2029,KY,270,270
2030,KY,270,270
2031,KY,270,270
2032,KY,270,270
2033,KY,270,270
2034,KY,270,270
2035,KY,270,270
2036,KY,270,270
2037,KY,270,270
2038,KY,270,270
2039,KY,270,270
2040,KY,270,270
2041,KY,270,270
2042,KY,270,270
2043,KY,270,270
2044,KY,270,270
2045,KY,270,270
2046,KY,270,270
2047,KY,270,270
2048,KY,270,270
2049,KY,270,270
2050,KY,270,270
2025,MA,30000,0
2026,MA,30000,0
2027,MA,30000,0
2028,MA,30000,0
2029,MA,30000,0
2030,MA,30000,0
2031,MA,30000,0
2032,MA,30000,0
2033,MA,30000,0
2034,MA,30000,0
2035,MA,30000,0
2036,MA,30000,0
2037,MA,30000,0
2038,MA,30000,0
2039,MA,30000,0
2040,MA,30000,0
2041,MA,30000,0
2042,MA,30000,0
2043,MA,30000,0
2044,MA,30000,0
2045,MA,30000,0
2046,MA,30000,0
2047,MA,30000,0
2048,MA,30000,0
2049,MA,30000,0
2050,MA,30000,0
2025,MI,22680,0
2026,MI,22680,0
2027,MI,22680,0
2028,MI,22680,0
2029,MI,22680,0
2030,MI,22680,0
2031,MI,22680,0
2032,MI,22680,0
2033,MI,22680,0
2034,MI,22680,0
2035,MI,22680,0
2036,MI,22680,0
2037,MI,22680,0
2038,MI,22680,0
2039,MI,22680,0
2040,MI,22680,0
2041,MI,22680,0
2042,MI,22680,0
2043,MI,22680,0
2044,MI,22680,0
2045,MI,22680,0
2046,MI,22680,0
2047,MI,22680,0
2048,MI,22680,0
2049,MI,22680,0
2050,MI,22680,0
2025,MO,0,0
2026,MO,0,0
2027,MO,0,0
2028,MO,0,0
2029,MO,0,0
2030,MO,0,206085.3314
2031,MO,0,206085.3314
2032,MO,0,206085.3314
2033,MO,0,206085.3314
2034,MO,0,206085.3314
2035,MO,0,206085.3314
2036,MO,0,206085.3314
2037,MO,0,206085.3314
2038,MO,0,206085.3314
2039,MO,0,206085.3314
2040,MO,0,206085.3314
2041,MO,0,206085.3314
2042,MO,0,206085.3314
2043,MO,0,206085.3314
2044,MO,0,206085.3314
2045,MO,0,206085.3314
2046,MO,0,206085.3314
2047,MO,0,206085.3314
2048,MO,0,206085.3314
2049,MO,0,206085.3314
2050,MO,0,206085.3314
2025,NC,500,500
2026,NC,10500,14504.625929
2027,NC,10500,14504.625929
2028,NC,12500,16504.625929
2029,NC,12500,16504.625929
2030,NC,38000,28504.625929
2031,NC,38000,28504.625929
2032,NC,38000,28504.625929
2033,NC,38000,28504.625929
2034,NC,38000,28504.625929
2035,NC,38000,28504.625929
2036,NC,38000,28504.625929
2037,NC,38000,28504.625929
2038,NC,38000,28504.625929
2039,NC,38000,28504.625929
2040,NC,38000,28504.625929
2041,NC,38000,28504.625929
2042,NC,38000,28504.625929
2043,NC,38000,28504.625929
2044,NC,38000,28504.625929
2045,NC,38000,28504.625929
2046,NC,38000,28504.625929
2047,NC,38000,28504.625929
2048,NC,38000,28504.625929
2049,NC,38000,28504.625929
2050,NC,38000,28504.625929
2025,NJ,500,500
2026,NJ,500,500
2027,NJ,500,500
2028,NJ,500,500
2029,NJ,500,500
2030,NJ,500,500
2031,NJ,500,500
2032,NJ,500,500
2033,NJ,500,500
2034,NJ,500,500
2035,NJ,500,500
2036,NJ,500,500
2037,NJ,500,500
2038,NJ,500,500
2039,NJ,500,500
2040,NJ,500,500
2041,NJ,500,500
2042,NJ,500,500
2043,NJ,500,500
2044,NJ,500,500
2045,NJ,500,500
2046,NJ,500,500
2047,NJ,500,500
2048,NJ,500,500
2049,NJ,500,500
2050,NJ,500,500
2025,NV,86075,86075
2026,NV,206075,206075
2027,NV,216075,216075
2028,NV,216075,216075
2029,NV,216075,216075
2030,NV,216075,216075
2031,NV,216075,216075
2032,NV,216075,216075
2033,NV,216075,216075
2034,NV,216075,216075
2035,NV,216075,216075
2036,NV,216075,216075
2037,NV,216075,216075
2038,NV,216075,216075
2039,NV,216075,216075
2040,NV,216075,216075
2041,NV,216075,216075
2042,NV,216075,216075
2043,NV,216075,216075
2044,NV,216075,216075
2045,NV,216075,216075
2046,NV,216075,216075
2047,NV,216075,216075
2048,NV,216075,216075
2049,NV,216075,216075
2050,NV,216075,216075
2025,NY,120,120
2026,NY,120,120
2027,NY,120,120
2028,NY,120,120
2029,NY,10120,120
2030,NY,10120,120
2031,NY,10120,120
2032,NY,10120,120
2033,NY,10120,120
2034,NY,10120,120
2035,NY,10120,120
2036,NY,10120,120
2037,NY,10120,120
2038,NY,10120,120
2039,NY,10120,120
2040,NY,10120,120
2041,NY,10120,120
2042,NY,10120,120
2043,NY,10120,120
2044,NY,10120,120
2045,NY,10120,120
2046,NY,10120,120
2047,NY,10120,120
2048,NY,10120,120
2049,NY,10120,120
2050,NY,10120,120
2025,OH,4500,4500
2026,OH,17600,17600
2027,OH,17600,17600
2028,OH,17600,54005.69026
2029,OH,17600,54005.69026
2030,OH,17600,54005.69026
2031,OH,17600,54005.69026
2032,OH,17600,54005.69026
2033,OH,17600,54005.69026
2034,OH,17600,54005.69026
2035,OH,17600,54005.69026
2036,OH,17600,54005.69026
2037,OH,17600,54005.69026
2038,OH,17600,54005.69026
2039,OH,17600,54005.69026
2040,OH,17600,54005.69026
2041,OH,17600,54005.69026
2042,OH,17600,54005.69026
2043,OH,17600,54005.69026
2044,OH,17600,54005.69026
2045,OH,17600,54005.69026
2046,OH,17600,54005.69026
2047,OH,17600,54005.69026
2048,OH,17600,54005.69026
2049,OH,17600,54005.69026
2050,OH,17600,54005.69026
2025,OK,20000,0
2026,OK,20000,0
2027,OK,20000,0
2028,OK,20000,0
2029,OK,20000,0
2030,OK,45359,0
2031,OK,45359,0
2032,OK,45359,0
2033,OK,45359,0
2034,OK,45359,0
2035,OK,45359,0
2036,OK,45359,0
2037,OK,45359,0
2038,OK,45359,0
2039,OK,45359,0
2040,OK,45359,0
2041,OK,45359,0
2042,OK,45359,0
2043,OK,45359,0
2044,OK,45359,0
2045,OK,45359,0
2046,OK,45359,0
2047,OK,45359,0
2048,OK,45359,0
2049,OK,45359,0
2050,OK,45359,0
2025,ON,20000,2500
2026,ON,20000,2500
2027,ON,20000,2500
2028,ON,20000,2500
2029,ON,38000,2500
2030,ON,68000,32500
2031,ON,68000,32500
2032,ON,68000,32500
2033,ON,68000,32500
2034,ON,68000,32500
2035,ON,68000,32500
2036,ON,68000,32500
2037,ON,68000,32500
2038,ON,68000,32500
2039,ON,68000,32500
2040,ON,68000,32500
2041,ON,68000,32500
2042,ON,68000,32500
2043,ON,68000,32500
2044,ON,68000,32500
2045,ON,68000,32500
2046,ON,68000,32500
2047,ON,68000,32500
2048,ON,68000,32500
2049,ON,68000,32500
2050,ON,68000,32500
2025,PA,15000,0
2026,PA,15000,20000
2027,PA,15000,20000
2028,PA,15000,20000
2029,PA,15000,20000
2030,PA,15000,20000
2031,PA,15000,20000
2032,PA,15000,20000
2033,PA,15000,20000
2034,PA,15000,20000
2035,PA,15000,20000
2036,PA,15000,20000
2037,PA,15000,20000
2038,PA,15000,20000
2039,PA,15000,20000
2040,PA,15000,20000
2041,PA,15000,20000
2042,PA,15000,20000
2043,PA,15000,20000
2044,PA,15000,20000
2045,PA,15000,20000
2046,PA,15000,20000
2047,PA,15000,20000
2048,PA,15000,20000
2049,PA,15000,20000
2050,PA,15000,20000
2025,SC,21840,20040
2026,SC,21840,20040
2027,SC,21840,20040
2028,SC,21840,20040
2029,SC,21840,20040
2030,SC,21840,56445.69026
2031,SC,21840,56445.69026
2032,SC,21840,56445.69026
2033,SC,21840,56445.69026
2034,SC,21840,56445.69026
2035,SC,21840,56445.69026
2036,SC,21840,56445.69026
2037,SC,21840,56445.69026
2038,SC,21840,56445.69026
2039,SC,21840,56445.69026
2040,SC,21840,56445.69026
2041,SC,21840,56445.69026
2042,SC,21840,56445.69026
2043,SC,21840,56445.69026
2044,SC,21840,56445.69026
2045,SC,21840,56445.69026
2046,SC,21840,56445.69026
2047,SC,21840,56445.69026
2048,SC,21840,56445.69026
2049,SC,21840,56445.69026
2050,SC,21840,56445.69026
2025,TX,10000,10000
2026,TX,30000,30000
2027,TX,49000,90360.504704
2028,TX,49000,90360.504704
2029,TX,49000,90360.504704
2030,TX,49000,363403.18170400005
2031,TX,49000,363403.18170400005
2032,TX,49000,363403.18170400005
2033,TX,49000,363403.18170400005
2034,TX,49000,363403.18170400005
2035,TX,49000,363403.18170400005
2036,TX,49000,363403.18170400005
2037,TX,49000,363403.18170400005
2038,TX,49000,363403.18170400005
2039,TX,49000,363403.18170400005
2040,TX,49000,363403.18170400005
2041,TX,49000,363403.18170400005
2042,TX,49000,363403.18170400005
2043,TX,49000,363403.18170400005
2044,TX,49000,363403.18170400005
2045,TX,49000,363403.18170400005
2046,TX,49000,363403.18170400005
2047,TX,49000,363403.18170400005
2048,TX,49000,363403.18170400005
2049,TX,49000,363403.18170400005
2050,TX,49000,363403.18170400005
