Country,Scenario,Vehicle,Year,New_Sales,Total_Stock,EV_Retirement,LIB_recycling_vector,LIB_repurpose_vector,LIB_reuse_ev_vector,LIB_available_vector,LIB_evfail_total_vector,LIB_bothfail_vector,LIB_recycling,LIB_repurpose,LIB_reuse_EV
Mexico,ACCII,Medium trucks,2022,4,4,0,0|0|0|0|0|0|0|0|0|0|0|0|0|0|0|0|0|0|0|0|0|0|0|0|0|0|0|0|0|0|0,0|0|0|0|0|0|0|0|0|0|0|0|0|0|0|0|0|0|0|0|0|0|0|0|0|0|0|0|0|0|0,0|0|0|0|0|0|0|0|0|0|0|0|0|0|0|0|0|0|0|0|0|0|0|0|0|0|0|0|0|0|0,0|0|0|0|0|0|0|0|0|0|0|0|0|0|0|0|0|0|0|0|0|0|0|0|0|0|0|0|0|0|0,0|0|0|0|0|0|0|0|0|0|0|0|0|0|0|0|0|0|0|0|0|0|0|0|0|0|0|0|0|0|0,0|0|0|0|0|0|0|0|0|0|0|0|0|0|0|0|0|0|0|0|0|0|0|0|0|0|0|0|0|0|0,0,0,0
Mexico,ACCII,Medium trucks,2023,22,26,0,0|0|0|0|0|0|0|0|0|0|0|0|0|0|0|0|0|0|0|0|0|0|0|0|0|0|0|0|0|0|0,0|0|0|0|0|0|0|0|0|0|0|0|0|0|0|0|0|0|0|0|0|0|0|0|0|0|0|0|0|0|0,0|0|0|0|0|0|0|0|0|0|0|0|0|0|0|0|0|0|0|0|0|0|0|0|0|0|0|0|0|0|0,0|0|0|0|0|0|0|0|0|0|0|0|0|0|0|0|0|0|0|0|0|0|0|0|0|0|0|0|0|0|0,0|0|0|0|0|0|0|0|0|0|0|0|0|0|0|0|0|0|0|0|0|0|0|0|0|0|0|0|0|0|0,0|0|0|0|0|0|0|0|0|0|0|0|0|0|0|0|0|0|0|0|0|0|0|0|0|0|0|0|0|0|0,0,0,0
Mexico,ACCII,Medium trucks,2024,389,414.907443121026,0.002547113771475207,0|0|0|0|0|0|0|0|0|0|0|0|0|0|0|0|0|0|0|0|0|0|0|0|0|0|0|0|0|0|0,0|0|0|0|0|0|0|0|0|0|0|0|0|0|0|0|0|0|0|0|0|0|0|0|0|0|0|0|0|0|0,0|0|0|0|0|0|0|0|0|0|0|0|0|0|0|0|0|0|0|0|0|0|0|0|0|0|0|0|0|0|0,0|0|0|0|0|0|0|0|0|0|0|0|0|0|0|0|0|0|0|0|0|0|0|0|0|0|0|0|0|0|0,0|0|0|0|0|0|0|0|0|0|0|0|0|0|0|0|0|0|0|0|0|0|0|0|0|0|0|0|0|0|0,0|0|0|0|0|0|0|0|0|0|0|0|0|0|0|0|0|0|0|0|0|0|0|0|0|0|0|0|0|0|0,0,0,0
Mexico,ACCII,Medium trucks,2025,516,930.2608791748341,0.017920927024943113,0|0|0|0|0|0|0|0|0|0|0|0|0|0|0|0|0|0|0|0|0|0|0|0|0|0|0|0|0|0|0,0|0|0|0|0|0|0|0|0|0|0|0|0|0|0|0|0|0|0|0|0|0|0|0|0|0|0|0|0|0|0,0|0|0|0|0|0|0|0|0|0|0|0|0|0|0|0|0|0|0|0|0|0|0|0|0|0|0|0|0|0|0,0|0|0|0|0|0|0|0|0|0|0|0|0|0|0|0|0|0|0|0|0|0|0|0|0|0|0|0|0|0|0,0|0|0|0|0|0|0|0|0|0|0|0|0|0|0|0|0|0|0|0|0|0|0|0|0|0|0|0|0|0|0,0|0|0|0|0|0|0|0|0|0|0|0|0|0|0|0|0|0|0|0|0|0|0|0|0|0|0|0|0|0|0,0,0,0
Mexico,ACCII,Medium trucks,2026,618,1538.3051767819072,0.27515187388750145,0|4|0|0|0|0|0|0|0|0|0|0|0|0|0|0|0|0|0|0|0|0|0|0|0|0|0|0|0|0|0,0|5|1|0|0|0|0|0|0|0|0|0|0|0|0|0|0|0|0|0|0|0|0|0|0|0|0|0|0|0|0,0|0|0|0|0|0|0|0|0|0|0|0|0|0|0|0|0|0|0|0|0|0|0|0|0|0|0|0|0|0|0,0|0|0|0|0|0|0|0|0|0|0|0|0|0|0|0|0|0|0|0|0|0|0|0|0|0|0|0|0|0|0,0|0|0|0|0|0|0|0|0|0|0|0|0|0|0|0|0|0|0|0|0|0|0|0|0|0|0|0|0|0|0,0|0|0|0|0|0|0|0|0|0|0|0|0|0|0|0|0|0|0|0|0|0|0|0|0|0|0|0|0|0|0,4,6,0
Mexico,ACCII,Medium trucks,2027,727,2238.628729906484,0.7504359622654908,0|6|6|0|0|0|0|0|0|0|0|0|0|0|0|0|0|0|0|0|0|0|0|0|0|0|0|0|0|0|0,0|6|7|1|0|0|0|0|0|0|0|0|0|0|0|0|0|0|0|0|0|0|0|0|0|0|0|0|0|0|0,0|0|0|0|0|0|0|0|0|0|0|0|0|0|0|0|0|0|0|0|0|0|0|0|0|0|0|0|0|0|0,0|0|0|0|0|0|0|0|0|0|0|0|0|0|0|0|0|0|0|0|0|0|0|0|0|0|0|0|0|0|0,0|0|0|0|0|0|0|0|0|0|0|0|0|0|0|0|0|0|0|0|0|0|0|0|0|0|0|0|0|0|0,0|0|0|0|0|0|0|0|0|0|0|0|0|0|0|0|0|0|0|0|0|0|0|0|0|0|0|0|0|0|0,12,14,0
Mexico,ACCII,Medium trucks,2028,847,3032.4429643388025,1.5361329445984442,0|7|8|10|0|0|0|0|0|0|0|0|0|0|0|0|0|0|0|0|0|0|0|0|0|0|0|0|0|0|0,0|7|9|9|1|0|0|0|0|0|0|0|0|0|0|0|0|0|0|0|0|0|0|0|0|0|0|0|0|0|0,0|0|0|1|0|0|0|0|0|0|0|0|0|0|0|0|0|0|0|0|0|0|0|0|0|0|0|0|0|0|0,0|0|0|1|0|0|0|0|0|0|0|0|0|0|0|0|0|0|0|0|0|0|0|0|0|0|0|0|0|0|0,0|0|0|1|0|0|0|0|0|0|0|0|0|0|0|0|0|0|0|0|0|0|0|0|0|0|0|0|0|0|0,0|0|0|0|0|0|0|0|0|0|0|0|0|0|0|0|0|0|0|0|0|0|0|0|0|0|0|0|0|0|0,25,26,1
Mexico,ACCII,Medium trucks,2029,972,3911.7512734300303,2.778038189186637,0|8|10|12|13|1|0|0|0|0|0|0|0|0|0|0|0|0|0|0|0|0|0|0|0|0|0|0|0|0|0,0|8|11|13|13|1|0|0|0|0|0|0|0|0|0|0|0|0|0|0|0|0|0|0|0|0|0|0|0|0|0,0|0|1|1|1|0|0|0|0|0|0|0|0|0|0|0|0|0|0|0|0|0|0|0|0|0|0|0|0|0|0,0|0|1|1|1|0|0|0|0|0|0|0|0|0|0|0|0|0|0|0|0|0|0|0|0|0|0|0|0|0|0,0|0|1|1|1|0|0|0|0|0|0|0|0|0|0|0|0|0|0|0|0|0|0|0|0|0|0|0|0|0|0,0|0|0|0|0|0|0|0|0|0|0|0|0|0|0|0|0|0|0|0|0|0|0|0|0|0|0|0|0|0|0,44,46,3
Mexico,ACCII,Medium trucks,2030,1105,4868.584158676993,4.667322446572947,0|10|12|15|17|16|1|0|0|0|0|0|0|0|0|0|0|0|0|0|0|0|0|0|0|0|0|0|0|0|0,0|9|12|15|17|17|1|0|0|0|0|0|0|0|0|0|0|0|0|0|0|0|0|0|0|0|0|0|0|0|0,0|1|1|1|1|1|0|0|0|0|0|0|0|0|0|0|0|0|0|0|0|0|0|0|0|0|0|0|0|0|0,0|1|1|1|1|1|0|0|0|0|0|0|0|0|0|0|0|0|0|0|0|0|0|0|0|0|0|0|0|0|0,0|1|1|1|1|1|0|0|0|0|0|0|0|0|0|0|0|0|0|0|0|0|0|0|0|0|0|0|0|0|0,0|0|0|0|0|0|0|0|0|0|0|0|0|0|0|0|0|0|0|0|0|0|0|0|0|0|0|0|0|0|0,71,71,5
Mexico,ACCII,Medium trucks,2031,1754,6401.42901563973,7.425954023161862,0|11|14|18|20|22|20|1|0|0|0|0|0|0|0|0|0|0|0|0|0|0|0|0|0|0|0|0|0|0|0,0|11|14|17|21|22|20|1|0|0|0|0|0|0|0|0|0|0|0|0|0|0|0|0|0|0|0|0|0|0|0,0|1|1|1|1|1|1|0|0|0|0|0|0|0|0|0|0|0|0|0|0|0|0|0|0|0|0|0|0|0|0,0|1|1|1|1|1|1|0|0|0|0|0|0|0|0|0|0|0|0|0|0|0|0|0|0|0|0|0|0|0|0,0|1|1|1|1|1|1|0|0|0|0|0|0|0|0|0|0|0|0|0|0|0|0|0|0|0|0|0|0|0|0,0|0|0|0|0|0|0|0|0|0|0|0|0|0|0|0|0|0|0|0|0|0|0|0|0|0|0|0|0|0|0,106,106,6
Mexico,ACCII,Medium trucks,2032,2454,8544.360653700076,11.283418061607572,0|12|16|20|24|26|26|22|1|0|0|0|0|0|0|0|0|0|0|0|0|0|0|0|0|0|0|0|0|0|0,0|13|16|21|24|27|27|22|1|0|0|0|0|0|0|0|0|0|0|0|0|0|0|0|0|0|0|0|0|0|0,0|1|1|1|1|2|2|2|0|0|0|0|0|0|0|0|0|0|0|0|0|0|0|0|0|0|0|0|0|0|0,0|1|1|1|1|2|2|2|0|0|0|0|0|0|0|0|0|0|0|0|0|0|0|0|0|0|0|0|0|0|0,0|1|1|1|1|2|2|2|0|0|0|0|0|0|0|0|0|0|0|0|0|0|0|0|0|0|0|0|0|0|0,0|0|0|0|0|0|0|0|0|0|0|0|0|0|0|0|0|0|0|0|0|0|0|0|0|0|0|0|0|0|0,147,151,10
Mexico,ACCII,Medium trucks,2033,3202,11319.438248059827,16.75545483700118,0|20|18|24|28|32|32|30|23|1|0|0|0|0|0|0|0|0|0|0|0|0|0|0|0|0|0|0|0|0|0,0|19|19|23|28|31|32|29|21|1|0|0|0|0|0|0|0|0|0|0|0|0|0|0|0|0|0|0|0|0|0,0|1|1|1|2|2|2|2|2|0|0|0|0|0|0|0|0|0|0|0|0|0|0|0|0|0|0|0|0|0|0,0|1|1|1|2|2|2|2|2|0|0|0|0|0|0|0|0|0|0|0|0|0|0|0|0|0|0|0|0|0|0,0|1|1|1|2|2|2|2|2|0|0|0|0|0|0|0|0|0|0|0|0|0|0|0|0|0|0|0|0|0|0,0|0|0|0|0|0|0|1|1|0|0|0|0|0|0|0|0|0|0|0|0|0|0|0|0|0|0|0|0|0|0,208,203,13
Mexico,ACCII,Medium trucks,2034,4004,14751.784158896857,24.152160737057496,0|28|30|26|32|36|39|37|31|21|1|0|0|0|0|0|0|0|0|0|0|0|0|0|0|0|0|0|0|0|0,0|27|29|27|32|37|38|36|30|20|1|0|0|0|0|0|0|0|0|0|0|0|0|0|0|0|0|0|0|0|0,0|2|2|2|2|2|1|1|1|1|0|0|0|0|0|0|0|0|0|0|0|0|0|0|0|0|0|0|0|0|0,0|2|2|2|2|2|3|3|3|3|0|0|0|0|0|0|0|0|0|0|0|0|0|0|0|0|0|0|0|0|0,0|2|2|2|2|2|3|3|3|3|0|0|0|0|0|0|0|0|0|0|0|0|0|0|0|0|0|0|0|0|0,0|0|0|0|0|0|0|1|1|1|0|0|0|0|0|0|0|0|0|0|0|0|0|0|0|0|0|0|0|0|0,281,277,14
Mexico,ACCII,Medium trucks,2035,4856,18856.69545676268,33.7676834311933,0|36|41|42|36|43|46|43|36|28|18|0|0|0|0|0|0|0|0|0|0|0|0|0|0|0|0|0|0|0|0,0|36|41|42|37|43|45|42|36|26|16|1|0|0|0|0|0|0|0|0|0|0|0|0|0|0|0|0|0|0|0,0|2|2|2|2|1|1|2|2|1|1|0|0|0|0|0|0|0|0|0|0|0|0|0|0|0|0|0|0|0|0,0|2|2|2|2|3|3|4|4|3|3|0|0|0|0|0|0|0|0|0|0|0|0|0|0|0|0|0|0|0|0,0|2|2|2|2|3|3|4|4|3|3|0|0|0|0|0|0|0|0|0|0|0|0|0|0|0|0|0|0|0|0,0|0|0|0|0|0|1|1|1|1|1|0|0|0|0|0|0|0|0|0|0|0|0|0|0|0|0|0|0|0|0,369,365,16
Mexico,ACCII,Medium trucks,2036,6093,23974.46960016619,45.88479270774308,0|45|55|60|59|49|52|50|42|32|22|13|0|0|0|0|0|0|0|0|0|0|0|0|0|0|0|0|0|0|0,0|45|54|60|59|48|52|49|42|32|22|12|1|0|0|0|0|0|0|0|0|0|0|0|0|0|0|0|0|0|0,0|2|1|1|2|1|2|2|2|2|2|1|0|0|0|0|0|0|0|0|0|0|0|0|0|0|0|0|0|0|0,0|2|3|3|4|3|4|4|4|4|4|3|0|0|0|0|0|0|0|0|0|0|0|0|0|0|0|0|0|0|0,0|2|3|3|4|3|4|4|4|4|4|3|0|0|0|0|0|0|0|0|0|0|0|0|0|0|0|0|0|0|0,0|0|0|0|0|0|1|1|1|1|1|1|0|0|0|0|0|0|0|0|0|0|0|0|0|0|0|0|0|0|0,479,476,18
Mexico,ACCII,Medium trucks,2037,7407,30125.210387482482,60.963184391040755,0|55|68|78|83|78|59|57|50|39|27|18|9|0|0|0|0|0|0|0|0|0|0|0|0|0|0|0|0|0|0,0|56|68|78|82|76|58|56|48|37|26|16|7|1|0|0|0|0|0|0|0|0|0|0|0|0|0|0|0|0|0,0|1|2|3|3|3|2|3|3|3|2|1|2|0|0|0|0|0|0|0|0|0|0|0|0|0|0|0|0|0|0,0|3|4|5|5|5|4|5|5|5|4|3|2|0|0|0|0|0|0|0|0|0|0|0|0|0|0|0|0|0|0,0|3|4|5|5|5|4|5|5|5|4|3|2|0|0|0|0|0|0|0|0|0|0|0|0|0|0|0|0|0|0,0|0|0|0|0|1|1|1|1|2|2|2|1|0|0|0|0|0|0|0|0|0|0|0|0|0|0|0|0|0|0,621,609,28
Mexico,ACCII,Medium trucks,2038,8793,37302.06433546601,79.69881573910999,0|69|82|98|109|109|94|64|58|45|31|21|13|5|0|0|0|0|0|0|0|0|0|0|0|0|0|0|0|0|0,0|70|82|99|108|107|93|64|56|43|30|18|11|5|0|0|0|0|0|0|0|0|0|0|0|0|0|0|0|0|0,0|2|3|2|3|3|3|3|2|3|3|2|1|2|0|0|0|0|0|0|0|0|0|0|0|0|0|0|0|0|0,0|4|5|6|7|7|7|5|6|5|5|4|3|2|0|0|0|0|0|0|0|0|0|0|0|0|0|0|0|0|0,0|4|5|6|7|7|7|5|6|5|5|4|3|2|0|0|0|0|0|0|0|0|0|0|0|0|0|0|0|0|0,0|0|0|0|1|1|1|1|2|2|2|2|2|1|0|0|0|0|0|0|0|0|0|0|0|0|0|0|0|0|0,798,786,32
Mexico,ACCII,Medium trucks,2039,10257,45489.241656960934,102.91668785137443,0|85|104|119|135|141|131|104|66|52|38|24|15|8|3|0|0|0|0|0|0|0|0|0|0|0|0|0|0|0|0,0|84|103|119|135|140|129|101|63|50|35|22|13|7|3|0|0|0|0|0|0|0|0|0|0|0|0|0|0|0|0,0|3|2|3|4|5|5|4|2|2|2|3|2|1|2|0|0|0|0|0|0|0|0|0|0|0|0|0|0|0|0,0|5|6|7|8|9|9|8|6|6|6|5|4|3|2|0|0|0|0|0|0|0|0|0|0|0|0|0|0|0|0,0|5|6|7|8|9|9|8|6|6|6|5|4|3|2|0|0|0|0|0|0|0|0|0|0|0|0|0|0|0|0,0|0|0|0|1|1|2|2|2|2|2|2|2|1|1|0|0|0|0|0|0|0|0|0|0|0|0|0|0|0|0,1025,1004,40
Mexico,ACCII,Medium trucks,2040,12747,55607.24292689006,131.59965833714875,0|100|126|148|164|176|171|145|103|59|43|29|17|11|5|3|0|0|0|0|0|0|0|0|0|0|0|0|0|0|0,0|100|125|149|163|176|168|142|100|57|41|27|15|8|3|1|0|0|0|0|0|0|0|0|0|0|0|0|0|0|0,0|3|3|5|6|5|6|6|6|3|3|2|3|1|2|1|0|0|0|0|0|0|0|0|0|0|0|0|0|0|0,0|5|7|9|10|11|12|12|10|7|7|6|5|3|2|1|0|0|0|0|0|0|0|0|0|0|0|0|0|0|0,0|5|7|9|10|11|12|12|10|7|7|6|5|3|2|1|0|0|0|0|0|0|0|0|0|0|0|0|0|0|0,0|0|0|0|1|1|2|3|3|3|3|3|2|2|1|1|0|0|0|0|0|0|0|0|0|0|0|0|0|0|0,1300,1275,55
Mexico,ACCII,Medium trucks,2041,14452,66758.61792893491,167.12307655601757,0|118|149|181|206|215|214|189|145|93|49|33|20|11|6|3|0|0|0|0|0|0|0|0|0|0|0|0|0|0|0,0|117|149|180|205|213|211|185|141|90|45|30|18|10|6|2|1|0|0|0|0|0|0|0|0|0|0|0|0|0|0,0|2|4|6|6|6|7|8|6|5|4|3|3|2|1|2|1|0|0|0|0|0|0|0|0|0|0|0|0|0|0,0|6|8|10|12|14|15|16|14|11|8|7|5|4|3|2|1|0|0|0|0|0|0|0|0|0|0|0|0|0|0,0|6|8|10|12|14|15|16|14|11|8|7|5|4|3|2|1|0|0|0|0|0|0|0|0|0|0|0|0|0|0,0|0|0|1|1|2|3|3|4|4|3|3|3|2|1|1|0|0|0|0|0|0|0|0|0|0|0|0|0|0|0,1632,1603,66
Mexico,ACCII,Medium trucks,2042,16236,78883.15281385389,211.2333429424129,0|146|174|216|251|268|260|235|188|131|77|37|23|13|8|3|2|0|0|0|0|0|0|0|0|0|0|0|0|0|0,0|145|173|214|249|267|256|232|184|125|72|33|21|11|6|3|1|1|0|0|0|0|0|0|0|0|0|0|0|0|0,0|4|6|6|7|9|9|9|9|8|6|3|2|3|1|2|1|0|0|0|0|0|0|0|0|0|0|0|0|0|0,0|8|10|12|15|17|19|19|19|16|12|7|6|5|3|2|1|0|0|0|0|0|0|0|0|0|0|0|0|0|0,0|8|10|12|15|17|19|19|19|16|12|7|6|5|3|2|1|0|0|0|0|0|0|0|0|0|0|0|0|0|0,0|0|0|1|1|2|3|4|5|6|5|3|3|2|2|1|1|0|0|0|0|0|0|0|0|0|0|0|0|0|0,2032,1993,85
Mexico,ACCII,Medium trucks,2043,18098,91927.31273076644,264.8249548139487,0|164|216|251|297|326|326|286|237|170|108|58|26|16|9|3|2|0|0|0|0|0|0|0|0|0|0|0|0|0|0,0|165|216|251|295|324|321|281|229|163|101|54|23|12|7|3|1|1|0|0|0|0|0|0|0|0|0|0|0|0|0,0|5|6|6|10|11|11|12|11|11|9|6|3|3|2|2|1|1|0|0|0|0|0|0|0|0|0|0|0|0|0,0|9|12|14|18|21|23|24|23|21|17|12|7|5|4|2|1|1|0|0|0|0|0|0|0|0|0|0|0|0|0,0|9|12|14|18|21|23|24|23|21|17|12|7|5|4|2|1|1|0|0|0|0|0|0|0|0|0|0|0|0|0,0|0|0|1|1|2|4|5|7|7|7|5|3|3|2|1|1|0|0|0|0|0|0|0|0|0|0|0|0|0|0,2495,2447,110
Mexico,ACCII,Medium trucks,2044,20038,105833.02578879948,328.94289234974946,0|184|246|311|347|387|396|359|286|213|141|82|42|18|9|5|3|0|0|0|0|0|0|0|0|0|0|0|0|0|0,0|185|245|311|345|385|390|352|278|203|133|75|36|15|8|4|1|1|0|0|0|0|0|0|0|0|0|0|0|0|0,0|6|6|10|11|13|14|15|14|14|10|9|5|2|2|1|1|1|0|0|0|0|0|0|0|0|0|0|0|0|0,0|10|14|18|21|25|28|29|28|26|22|17|11|6|4|3|1|1|0|0|0|0|0|0|0|0|0|0|0|0|0,0|10|14|18|21|25|28|29|28|26|22|17|11|6|4|3|1|1|0|0|0|0|0|0|0|0|0|0|0|0|0,0|0|0|1|2|3|5|7|8|9|9|8|5|3|2|1|1|0|0|0|0|0|0|0|0|0|0|0|0|0|0,3029,2967,134
Mexico,ACCII,Medium trucks,2045,22056,120540.0035509916,404.27799769031856,0|207|276|354|430|452|469|437|359|259|176|108|59|28|12|7|3|0|0|0|0|0|0|0|0|0|0|0|0|0|0,0|206|275|352|429|448|463|428|349|247|165|98|51|23|8|4|1|1|1|0|0|0|0|0|0|0|0|0|0|0|0,0|5|7|10|14|15|18|18|17|15|13|10|7|5|3|1|2|1|0|0|0|0|0|0|0|0|0|0|0|0|0,0|11|15|20|26|29|34|36|35|31|27|22|15|9|5|3|2|1|0|0|0|0|0|0|0|0|0|0|0|0|0,0|11|15|20|26|29|34|36|35|31|27|22|15|9|5|3|2|1|0|0|0|0|0|0|0|0|0|0|0|0|0,0|0|1|1|2|3|6|8|10|11|11|10|8|5|3|2|1|0|0|0|0|0|0|0|0|0|0|0|0|0|0,3636,3549,161
Mexico,ACCII,Medium trucks,2046,24153,135990.99546173675,491.4184895941804,0|229|307|397|488|562|547|518|436|325|214|134|77|40|18|7|3|2|0|0|0|0|0|0|0|0|0|0|0|0|0,0|228|306|397|486|558|541|509|424|311|199|122|66|32|14|5|2|1|1|0|0|0|0|0|0|0|0|0|0|0|0,0|6|9|11|15|18|19|21|21|20|17|13|10|7|3|1|2|1|0|0|0|0|0|0|0|0|0|0|0|0|0,0|12|17|23|29|36|39|43|43|40|33|27|20|13|7|3|2|1|0|0|0|0|0|0|0|0|0|0|0|0|0,0|12|17|23|29|36|39|43|43|40|33|27|20|13|7|3|2|1|0|0|0|0|0|0|0|0|0|0|0|0|0,0|0|1|1|2|4|6|9|12|14|14|12|10|7|4|2|1|1|0|0|0|0|0|0|0|0|0|0|0|0|0,4304,4202,194
Mexico,ACCII,Medium trucks,2047,26400,152206.53170117515,590.5932091545392,0|252|340|442|549|637|680|604|518|395|267|163|95|51|25|10|3|2|0|0|0|0|0|0|0|0|0|0|0|0|0,0|252|340|441|546|633|671|593|504|377|251|147|83|42|19|8|2|1|1|0|0|0|0|0|0|0|0|0|0|0|0,0|6|9|13|17|21|25|26|25|24|22|17|13|9|6|3|2|1|0|0|0|0|0|0|0|0|0|0|0|0|0,0|14|19|25|33|41|49|50|51|48|42|33|25|17|10|5|2|1|0|0|0|0|0|0|0|0|0|0|0|0|0,0|14|19|25|33|41|49|50|51|48|42|33|25|17|10|5|2|1|0|0|0|0|0|0|0|0|0|0|0|0|0,0|0|1|1|3|5|8|11|15|17|17|15|12|9|6|3|1|1|0|0|0|0|0|0|0|0|0|0|0|0|0,5033,4911,239
Mexico,ACCII,Medium trucks,2048,31109,171531.32969394483,701.7987945411255,0|276|374|491|612|716|771|752|604|468|326|204|117|65|33|15|7|2|0|0|0|0|0|0|0|0|0|0|0|0|0,0|276|374|489|609|711|762|737|588|448|305|185|101|54|26|11|4|1|1|0|0|0|0|0|0|0|0|0|0|0|0,0|7|11|14|19|22|27|30|29|29|25|21|14|10|6|3|1|1|1|0|0|0|0|0|0|0|0|0|0|0|0,0|15|21|28|37|46|55|62|59|57|51|41|30|22|14|7|3|1|1|0|0|0|0|0|0|0|0|0|0|0|0,0|15|21|28|37|46|55|62|59|57|51|41|30|22|14|7|3|1|1|0|0|0|0|0|0|0|0|0|0|0|0,0|0|1|2|3|5|9|14|17|20|21|19|15|11|7|4|2|1|0|0|0|0|0|0|0|0|0|0|0|0|0,5833,5682,270
Mexico,ACCII,Medium trucks,2049,36023,194067.34011031865,825.0113011602592,0|301|411|540|677|798|866|852|750|546|386|247|146|78|41|19|8|3|0|0|0|0|0|0|0|0|0|0|0|0|0,0|301|409|539|675|792|856|837|729|524|362|225|127|64|31|14|6|1|1|0|0|0|0|0|0|0|0|0|0|0|0,0|8|11|15|21|26|30|34|38|33|30|26|18|14|9|6|3|2|1|0|0|0|0|0|0|0|0|0|0|0|0,0|16|23|31|41|52|62|70|74|67|60|50|38|26|17|10|5|2|1|0|0|0|0|0|0|0|0|0|0|0|0,0|16|23|31|41|52|62|70|74|67|60|50|38|26|17|10|5|2|1|0|0|0|0|0|0|0|0|0|0|0|0,0|0|1|2|3|6|10|16|21|23|25|23|19|14|9|5|3|1|0|0|0|0|0|0|0|0|0|0|0|0|0,6669,6493,325
Mexico,ACCII,Medium trucks,2050,41655,220388.25036730655,960.9085369831712,0|355|448|591|746|884|964|958|851|680|451|294|177|97|50|25|11|5|1|0|0|0|0|0|0|0|0|0|0|0|0,0|355|447|589|742|877|954|939|828|650|423|268|155|81|38|18|8|3|1|0|0|0|0|0|0|0|0|0|0|0|0,0|9|13|18|23|29|35|39|42|41|34|30|22|17|11|6|2|1|1|0|0|0|0|0|0|0|0|0|0|0|0,0|19|25|34|45|57|69|79|84|83|70|60|46|33|21|12|6|3|1|0|0|0|0|0|0|0|0|0|0|0|0,0|19|25|34|45|57|69|79|84|83|70|60|46|33|21|12|6|3|1|0|0|0|0|0|0|0|0|0|0|0|0,0|0|1|2|4|7|11|18|24|29|29|27|23|17|11|7|3|2|1|0|0|0|0|0|0|0|0|0|0|0|0,7588,7376,373
Mexico,ACCII,Heavy trucks,2022,84,84,0,0|0|0|0|0|0|0|0|0|0|0|0|0|0|0|0|0|0|0|0|0|0|0|0|0|0|0|0|0|0|0,0|0|0|0|0|0|0|0|0|0|0|0|0|0|0|0|0|0|0|0|0|0|0|0|0|0|0|0|0|0|0,0|0|0|0|0|0|0|0|0|0|0|0|0|0|0|0|0|0|0|0|0|0|0|0|0|0|0|0|0|0|0,0|0|0|0|0|0|0|0|0|0|0|0|0|0|0|0|0|0|0|0|0|0|0|0|0|0|0|0|0|0|0,0|0|0|0|0|0|0|0|0|0|0|0|0|0|0|0|0|0|0|0|0|0|0|0|0|0|0|0|0|0|0,0|0|0|0|0|0|0|0|0|0|0|0|0|0|0|0|0|0|0|0|0|0|0|0|0|0|0|0|0|0|0,0,0,0
Mexico,ACCII,Heavy trucks,2023,36,120,0,0|0|0|0|0|0|0|0|0|0|0|0|0|0|0|0|0|0|0|0|0|0|0|0|0|0|0|0|0|0|0,0|0|0|0|0|0|0|0|0|0|0|0|0|0|0|0|0|0|0|0|0|0|0|0|0|0|0|0|0|0|0,0|0|0|0|0|0|0|0|0|0|0|0|0|0|0|0|0|0|0|0|0|0|0|0|0|0|0|0|0|0|0,0|0|0|0|0|0|0|0|0|0|0|0|0|0|0|0|0|0|0|0|0|0|0|0|0|0|0|0|0|0|0,0|0|0|0|0|0|0|0|0|0|0|0|0|0|0|0|0|0|0|0|0|0|0|0|0|0|0|0|0|0|0,0|0|0|0|0|0|0|0|0|0|0|0|0|0|0|0|0|0|0|0|0|0|0|0|0|0|0|0|0|0|0,0,0,0
Mexico,ACCII,Heavy trucks,2024,308,426.0563055415456,0.053489389200979336,0|1|0|0|0|0|0|0|0|0|0|0|0|0|0|0|0|0|0|0|0|0|0|0|0|0|0|0|0|0|0,0|1|0|0|0|0|0|0|0|0|0|0|0|0|0|0|0|0|0|0|0|0|0|0|0|0|0|0|0|0|0,0|0|0|0|0|0|0|0|0|0|0|0|0|0|0|0|0|0|0|0|0|0|0|0|0|0|0|0|0|0|0,0|0|0|0|0|0|0|0|0|0|0|0|0|0|0|0|0|0|0|0|0|0|0|0|0|0|0|0|0|0|0,0|0|0|0|0|0|0|0|0|0|0|0|0|0|0|0|0|0|0|0|0|0|0|0|0|0|0|0|0|0|0,0|0|0|0|0|0|0|0|0|0|0|0|0|0|0|0|0|0|0|0|0|0|0|0|0|0|0|0|0|0|0,1,1,0
Mexico,ACCII,Heavy trucks,2025,371,793.3357702822498,0.10507185086169588,0|0|2|0|0|0|0|0|0|0|0|0|0|0|0|0|0|0|0|0|0|0|0|0|0|0|0|0|0|0|0,0|1|1|0|0|0|0|0|0|0|0|0|0|0|0|0|0|0|0|0|0|0|0|0|0|0|0|0|0|0|0,0|0|0|0|0|0|0|0|0|0|0|0|0|0|0|0|0|0|0|0|0|0|0|0|0|0|0|0|0|0|0,0|0|0|0|0|0|0|0|0|0|0|0|0|0|0|0|0|0|0|0|0|0|0|0|0|0|0|0|0|0|0,0|0|0|0|0|0|0|0|0|0|0|0|0|0|0|0|0|0|0|0|0|0|0|0|0|0|0|0|0|0|0,0|0|0|0|0|0|0|0|0|0|0|0|0|0|0|0|0|0|0|0|0|0|0|0|0|0|0|0|0|0|0,2,2,0
Mexico,ACCII,Heavy trucks,2026,430,1210.8072948448787,0.3558671757310401,0|4|0|2|0|0|0|0|0|0|0|0|0|0|0|0|0|0|0|0|0|0|0|0|0|0|0|0|0|0|0,0|3|1|2|0|0|0|0|0|0|0|0|0|0|0|0|0|0|0|0|0|0|0|0|0|0|0|0|0|0|0,0|0|0|0|0|0|0|0|0|0|0|0|0|0|0|0|0|0|0|0|0|0|0|0|0|0|0|0|0|0|0,0|0|0|0|0|0|0|0|0|0|0|0|0|0|0|0|0|0|0|0|0|0|0|0|0|0|0|0|0|0|0,0|0|0|0|0|0|0|0|0|0|0|0|0|0|0|0|0|0|0|0|0|0|0|0|0|0|0|0|0|0|0,0|0|0|0|0|0|0|0|0|0|0|0|0|0|0|0|0|0|0|0|0|0|0|0|0|0|0|0|0|0|0,6,6,0
Mexico,ACCII,Heavy trucks,2027,486,1670.0957685557112,0.7760400860407856,0|4|5|1|3|0|0|0|0|0|0|0|0|0|0|0|0|0|0|0|0|0|0|0|0|0|0|0|0|0|0,0|4|5|1|3|0|0|0|0|0|0|0|0|0|0|0|0|0|0|0|0|0|0|0|0|0|0|0|0|0|0,0|0|0|0|0|0|0|0|0|0|0|0|0|0|0|0|0|0|0|0|0|0|0|0|0|0|0|0|0|0|0,0|0|0|0|0|0|0|0|0|0|0|0|0|0|0|0|0|0|0|0|0|0|0|0|0|0|0|0|0|0|0,0|0|0|0|0|0|0|0|0|0|0|0|0|0|0|0|0|0|0|0|0|0|0|0|0|0|0|0|0|0|0,0|0|0|0|0|0|0|0|0|0|0|0|0|0|0|0|0|0|0|0|0|0|0|0|0|0|0|0|0|0|0,13,13,0
Mexico,ACCII,Heavy trucks,2028,537,2159.1563881563357,1.440707792513376,0|5|6|8|1|4|0|0|0|0|0|0|0|0|0|0|0|0|0|0|0|0|0|0|0|0|0|0|0|0|0,0|5|6|7|1|3|0|0|0|0|0|0|0|0|0|0|0|0|0|0|0|0|0|0|0|0|0|0|0|0|0,0|0|0|0|0|0|0|0|0|0|0|0|0|0|0|0|0|0|0|0|0|0|0|0|0|0|0|0|0|0|0,0|0|0|0|0|0|0|0|0|0|0|0|0|0|0|0|0|0|0|0|0|0|0|0|0|0|0|0|0|0|0,0|0|0|0|0|0|0|0|0|0|0|0|0|0|0|0|0|0|0|0|0|0|0|0|0|0|0|0|0|0|0,0|0|0|0|0|0|0|0|0|0|0|0|0|0|0|0|0|0|0|0|0|0|0|0|0|0|0|0|0|0|0,24,22,0
Mexico,ACCII,Heavy trucks,2029,588,2669.354918224699,2.447923509225408,0|6|7|9|10|2|4|0|0|0|0|0|0|0|0|0|0|0|0|0|0|0|0|0|0|0|0|0|0|0|0,0|5|7|9|10|1|5|0|0|0|0|0|0|0|0|0|0|0|0|0|0|0|0|0|0|0|0|0|0|0|0,0|0|0|1|1|0|0|0|0|0|0|0|0|0|0|0|0|0|0|0|0|0|0|0|0|0|0|0|0|0|0,0|0|0|1|1|0|0|0|0|0|0|0|0|0|0|0|0|0|0|0|0|0|0|0|0|0|0|0|0|0|0,0|0|0|1|1|0|0|0|0|0|0|0|0|0|0|0|0|0|0|0|0|0|0|0|0|0|0|0|0|0|0,0|0|0|0|0|0|0|0|0|0|0|0|0|0|0|0|0|0|0|0|0|0|0|0|0|0|0|0|0|0|0,38,37,2
Mexico,ACCII,Heavy trucks,2030,634,3186.088365915223,3.9132074853804713,0|6|8|10|12|14|2|5|0|0|0|0|0|0|0|0|0|0|0|0|0|0|0|0|0|0|0|0|0|0|0,0|6|8|11|13|13|2|5|0|0|0|0|0|0|0|0|0|0|0|0|0|0|0|0|0|0|0|0|0|0|0,0|0|0|1|1|1|0|0|0|0|0|0|0|0|0|0|0|0|0|0|0|0|0|0|0|0|0|0|0|0|0,0|0|0|1|1|1|0|0|0|0|0|0|0|0|0|0|0|0|0|0|0|0|0|0|0|0|0|0|0|0|0,0|0|0|1|1|1|0|0|0|0|0|0|0|0|0|0|0|0|0|0|0|0|0|0|0|0|0|0|0|0|0,0|0|0|0|0|0|0|0|0|0|0|0|0|0|0|0|0|0|0|0|0|0|0|0|0|0|0|0|0|0|0,57,58,3
Mexico,ACCII,Heavy trucks,2031,1093,4112.804799195503,5.960890328600529,0|6|9|12|14|16|16|2|4|0|0|0|0|0|0|0|0|0|0|0|0|0|0|0|0|0|0|0|0|0|0,0|7|9|11|15|16|16|2|5|0|0|0|0|0|0|0|0|0|0|0|0|0|0|0|0|0|0|0|0|0|0,0|0|1|1|1|1|1|0|0|0|0|0|0|0|0|0|0|0|0|0|0|0|0|0|0|0|0|0|0|0|0,0|0|1|1|1|1|1|0|0|0|0|0|0|0|0|0|0|0|0|0|0|0|0|0|0|0|0|0|0|0|0,0|0|1|1|1|1|1|0|0|0|0|0|0|0|0|0|0|0|0|0|0|0|0|0|0|0|0|0|0|0|0,0|0|0|0|0|0|0|0|0|0|0|0|0|0|0|0|0|0|0|0|0|0|0|0|0|0|0|0|0|0|0,79,81,5
Mexico,ACCII,Heavy trucks,2032,1530,5419.540398823331,8.696854750754534,0|7|10|13|16|18|19|18|2|4|0|0|0|0|0|0|0|0|0|0|0|0|0|0|0|0|0|0|0|0|0,0|7|10|13|16|19|19|17|2|4|0|0|0|0|0|0|0|0|0|0|0|0|0|0|0|0|0|0|0|0|0,0|0|1|1|1|1|1|1|0|1|0|0|0|0|0|0|0|0|0|0|0|0|0|0|0|0|0|0|0|0|0,0|0|1|1|1|1|1|1|0|1|0|0|0|0|0|0|0|0|0|0|0|0|0|0|0|0|0|0|0|0|0,0|0|1|1|1|1|1|1|0|1|0|0|0|0|0|0|0|0|0|0|0|0|0|0|0|0|0|0|0|0|0,0|0|0|0|0|0|0|0|0|0|0|0|0|0|0|0|0|0|0|0|0|0|0|0|0|0|0|0|0|0|0,107,107,7
Mexico,ACCII,Heavy trucks,2033,1940,7064.527543016273,12.447725556769706,0|12|10|14|18|21|22|21|18|2|4|0|0|0|0|0|0|0|0|0|0|0|0|0|0|0|0|0|0|0|0,0|13|11|14|18|21|23|21|17|2|3|0|0|0|0|0|0|0|0|0|0|0|0|0|0|0|0|0|0|0|0,0|1|1|1|1|1|2|2|2|0|1|0|0|0|0|0|0|0|0|0|0|0|0|0|0|0|0|0|0|0|0,0|1|1|1|1|1|2|2|2|0|1|0|0|0|0|0|0|0|0|0|0|0|0|0|0|0|0|0|0|0|0,0|1|1|1|1|1|2|2|2|0|1|0|0|0|0|0|0|0|0|0|0|0|0|0|0|0|0|0|0|0|0,0|0|0|0|0|0|0|0|1|0|0|0|0|0|0|0|0|0|0|0|0|0|0|0|0|0|0|0|0|0|0,142,143,12
Mexico,ACCII,Heavy trucks,2034,2327,9009.079731210753,17.33357709817084,0|17|18|15|20|23|25|24|21|16|2|2|0|0|0|0|0|0|0|0|0|0|0|0|0|0|0|0|0|0|0,0|17|19|15|19|23|25|25|21|15|1|3|0|0|0|0|0|0|0|0|0|0|0|0|0|0|0|0|0|0|0,0|1|1|1|1|2|2|2|2|2|0|1|0|0|0|0|0|0|0|0|0|0|0|0|0|0|0|0|0|0|0,0|1|1|1|1|2|2|2|2|2|0|1|0|0|0|0|0|0|0|0|0|0|0|0|0|0|0|0|0|0|0,0|1|1|1|1|2|2|2|2|2|0|1|0|0|0|0|0|0|0|0|0|0|0|0|0|0|0|0|0|0|0,0|0|0|0|0|0|0|0|1|1|0|0|0|0|0|0|0|0|0|0|0|0|0|0|0|0|0|0|0|0|0,183,183,15
Mexico,ACCII,Heavy trucks,2035,2686,11206.831601363625,23.448478114703203,0|22|26|26|21|26|28|29|25|19|13|1|2|0|0|0|0|0|0|0|0|0|0|0|0|0|0|0|0|0|0,0|22|25|27|21|25|28|27|24|19|12|1|1|0|0|0|0|0|0|0|0|0|0|0|0|0|0|0|0|0|0,0|1|1|2|1|2|2|2|2|2|2|0|1|0|0|0|0|0|0|0|0|0|0|0|0|0|0|0|0|0|0,0|1|1|2|1|2|2|2|2|2|2|0|1|0|0|0|0|0|0|0|0|0|0|0|0|0|0|0|0|0|0,0|1|1|2|1|2|2|2|2|2|2|0|1|0|0|0|0|0|0|0|0|0|0|0|0|0|0|0|0|0|0,0|0|0|0|0|0|0|1|1|1|1|0|0|0|0|0|0|0|0|0|0|0|0|0|0|0|0|0|0|0|0,238,232,18
Mexico,ACCII,Heavy trucks,2036,3124,13713.461879815652,30.891075657213904,0|26|32|37|36|28|30|32|29|23|16|10|0|1|0|0|0|0|0|0|0|0|0|0|0|0|0|0|0|0|0,0|26|33|37|36|27|31|32|28|22|16|9|1|1|0|0|0|0|0|0|0|0|0|0|0|0|0|0|0|0|0,0|1|2|2|2|2|2|1|1|1|1|2|0|0|0|0|0|0|0|0|0|0|0|0|0|0|0|0|0|0|0,0|1|2|2|2|2|2|3|3|3|3|2|0|0|0|0|0|0|0|0|0|0|0|0|0|0|0|0|0|0|0,0|1|2|2|2|2|2|3|3|3|3|2|0|0|0|0|0|0|0|0|0|0|0|0|0|0|0|0|0|0|0,0|0|0|0|0|0|0|1|1|1|1|1|0|0|0|0|0|0|0|0|0|0|0|0|0|0|0|0|0|0|0,300,299,17
Mexico,ACCII,Heavy trucks,2037,3533,16470.46957507377,39.79948999218172,0|30|39|47|51|48|33|36|32|26|19|12|7|0|0|0|0|0|0|0|0|0|0|0|0|0|0|0|0|0|0,0|30|39|48|52|48|33|34|31|25|18|12|6|1|1|0|0|0|0|0|0|0|0|0|0|0|0|0|0|0|0,0|2|2|1|1|1|2|1|1|1|1|1|2|0|0|0|0|0|0|0|0|0|0|0|0|0|0|0|0|0|0,0|2|2|3|3|3|2|3|3|3|3|3|2|0|0|0|0|0|0|0|0|0|0|0|0|0|0|0|0|0|0,0|2|2|3|3|3|2|3|3|3|3|3|2|0|0|0|0|0|0|0|0|0|0|0|0|0|0|0|0|0|0,0|0|0|0|0|0|0|1|1|1|1|1|1|0|0|0|0|0|0|0|0|0|0|0|0|0|0|0|0|0|0,380,378,16
Mexico,ACCII,Heavy trucks,2038,3909,19407.430627859125,50.45641211259099,0|35|46|57|65|68|58|38|35|28|21|14|8|5|0|0|0|0|0|0|0|0|0|0|0|0|0|0|0|0|0,0|35|46|57|66|67|58|37|34|28|20|14|7|3|0|1|0|0|0|0|0|0|0|0|0|0|0|0|0|0|0,0|2|1|1|2|2|2|1|1|1|1|1|2|2|0|0|0|0|0|0|0|0|0|0|0|0|0|0|0|0|0,0|2|3|3|4|4|4|3|3|3|3|3|2|2|0|0|0|0|0|0|0|0|0|0|0|0|0|0|0|0|0,0|2|3|3|4|4|4|3|3|3|3|3|2|2|0|0|0|0|0|0|0|0|0|0|0|0|0|0|0|0|0,0|0|0|0|0|1|1|1|1|1|1|1|1|1|0|0|0|0|0|0|0|0|0|0|0|0|0|0|0|0|0,478,473,19
Mexico,ACCII,Heavy trucks,2039,4255,22453.499224948988,63.19750949622065,0|40|53|65|78|87|82|64|38|31|24|17|10|5|3|0|0|0|0|0|0|0|0|0|0|0|0|0|0|0|0,0|40|53|66|78|85|81|63|36|30|22|15|10|5|2|0|0|0|0|0|0|0|0|0|0|0|0|0|0|0|0,0|2|1|2|3|2|2|3|2|2|2|1|1|2|1|0|0|0|0|0|0|0|0|0|0|0|0|0|0|0|0,0|2|3|4|5|6|6|5|4|4|4|3|3|2|1|0|0|0|0|0|0|0|0|0|0|0|0|0|0|0|0,0|2|3|4|5|6|6|5|4|4|4|3|3|2|1|0|0|0|0|0|0|0|0|0|0|0|0|0|0|0|0,0|0|0|0|0|1|1|1|1|1|2|2|1|1|1|0|0|0|0|0|0|0|0|0|0|0|0|0|0|0|0,597,586,26
Mexico,ACCII,Heavy trucks,2040,4568,25535.738502552267,78.31411410697332,0|44|60|76|90|103|103|90|65|34|26|19|13|6|3|2|0|0|0|0|0|0|0|0|0|0|0|0|0|0|0,0|44|60|76|90|102|103|89|63|32|24|16|10|5|3|1|0|0|0|0|0|0|0|0|0|0|0|0|0|0|0,0|2|1|2|3|3|3|3|2|2|2|2|1|2|2|1|0|0|0|0|0|0|0|0|0|0|0|0|0|0|0,0|2|3|4|5|7|7|7|6|4|4|4|3|2|2|1|0|0|0|0|0|0|0|0|0|0|0|0|0|0|0,0|2|3|4|5|7|7|7|6|4|4|4|3|2|2|1|0|0|0|0|0|0|0|0|0|0|0|0|0|0|0,0|0|0|0|0|1|1|2|2|1|2|2|2|1|1|1|0|0|0|0|0|0|0|0|0|0|0|0|0|0|0,734,718,31
Mexico,ACCII,Heavy trucks,2041,4852,28591.457163193372,96.37786458223457,0|49|67|86|107|119|123|114|91|58|28|20|13|8|4|3|0|0|0|0|0|0|0|0|0|0|0|0|0|0|0,0|49|66|86|105|117|123|112|87|56|26|18|12|7|3|1|1|0|0|0|0|0|0|0|0|0|0|0|0|0|0,0|1|2|3|2|4|5|5|5|3|2|2|1|1|2|1|1|0|0|0|0|0|0|0|0|0|0|0|0|0|0,0|3|4|5|6|8|9|9|9|7|4|4|3|3|2|1|1|0|0|0|0|0|0|0|0|0|0|0|0|0|0,0|3|4|5|6|8|9|9|9|7|4|4|3|3|2|1|1|0|0|0|0|0|0|0|0|0|0|0|0|0|0,0|0|0|0|1|1|1|2|3|2|2|2|2|1|1|1|0|0|0|0|0|0|0|0|0|0|0|0|0|0|0,890,869,40
Mexico,ACCII,Heavy trucks,2042,5103,31561.732541218895,117.6740308328003,0|53|72|95|120|137|143|138|114|81|48|21|15|9|5|3|0|0|0|0|0|0|0|0|0|0|0|0|0|0|0,0|52|72|95|119|137|141|135|111|77|45|19|12|8|3|1|1|1|0|0|0|0|0|0|0|0|0|0|0|0|0,0|1|2|3|3|5|6|5|5|6|3|2|2|1|2|1|1|0|0|0|0|0|0|0|0|0|0|0|0|0|0,0|3|4|5|7|9|10|11|11|10|7|4|4|3|2|1|1|0|0|0|0|0|0|0|0|0|0|0|0|0|0,0|3|4|5|7|9|10|11|11|10|7|4|4|3|2|1|1|0|0|0|0|0|0|0|0|0|0|0|0|0|0,0|0|0|0|1|1|2|3|3|3|3|2|2|2|1|1|0|0|0|0|0|0|0|0|0|0|0|0|0|0|0,1054,1029,48
Mexico,ACCII,Heavy trucks,2043,5323,34398.793399178096,142.10008493415657,0|55|77|104|133|155|167|158|137|103|66|37|15|10|5|3|1|0|0|0|0|0|0|0|0|0|0|0|0|0|0,0|56|78|105|131|154|164|155|133|99|63|33|13|8|3|2|1|1|0|0|0|0|0|0|0|0|0|0|0|0|0,0|1|2|2|4|6|6|7|7|7|6|3|2|1|2|1|1|0|0|0|0|0|0|0|0|0|0|0|0|0|0,0|3|4|6|8|10|12|13|13|13|10|7|4|3|2|1|1|0|0|0|0|0|0|0|0|0|0|0|0|0|0,0|3|4|6|8|10|12|13|13|13|10|7|4|3|2|1|1|0|0|0|0|0|0|0|0|0|0|0|0|0|0,0|0|0|0|1|1|2|3|4|4|4|3|2|2|1|1|0|0|0|0|0|0|0|0|0|0|0|0|0|0|0,1226,1199,58
Mexico,ACCII,Heavy trucks,2044,5513,37064.92837191208,169.26638300307008,0|59|82|112|144|172|188|184|158|124|84|51|26|11|5|3|2|0|0|0|0|0|0|0|0|0|0|0|0|0|0,0|58|82|112|143|172|186|181|154|119|80|46|23|8|4|2|1|1|0|0|0|0|0|0|0|0|0|0|0|0|0,0|1|3|2|5|5|7|7|8|7|7|6|3|1|2|2|1|0|0|0|0|0|0|0|0|0|0|0|0|0|0,0|3|5|6|9|11|13|15|16|15|13|10|7|3|2|2|1|0|0|0|0|0|0|0|0|0|0|0|0|0|0,0|3|5|6|9|11|13|15|16|15|13|10|7|3|2|2|1|0|0|0|0|0|0|0|0|0|0|0|0|0|0,0|0|0|0|1|1|2|3|4|5|5|5|3|2|1|1|1|0|0|0|0|0|0|0|0|0|0|0|0|0|0,1405,1372,67
Mexico,ACCII,Heavy trucks,2045,5670,39528.408323533185,198.9847737117907,0|61|86|118|155|187|208|208|183|142|103|65|37|18|6|3|2|0|0|0|0|0|0|0|0|0|0|0|0|0|0,0|61|86|119|153|186|207|204|179|137|96|58|31|15|6|2|1|1|0|0|0|0|0|0|0|0|0|0|0|0|0,0|1|3|3|5|6|7|9|10|9|8|7|6|2|1|2|1|1|0|0|0|0|0|0|0|0|0|0|0|0|0,0|3|5|7|9|12|15|17|18|17|16|13|10|6|3|2|1|1|0|0|0|0|0|0|0|0|0|0|0|0|0,0|3|5|7|9|12|15|17|18|17|16|13|10|6|3|2|1|1|0|0|0|0|0|0|0|0|0|0|0|0|0,0|0|0|0|1|1|2|4|5|6|7|6|5|3|1|1|1|0|0|0|0|0|0|0|0|0|0|0|0|0|0,1582,1542,81
Mexico,ACCII,Heavy trucks,2046,5797,41766.99365461527,230.16265430425923,0|63|90|124|164|201|227|231|208|166|118|78|47|24|11|3|2|0|0|0|0|0|0|0|0|0|0|0|0|0|0,0|63|90|125|163|200|224|226|202|159|110|71|40|21|8|3|1|1|0|0|0|0|0|0|0|0|0|0|0|0|0,0|1|3|3|6|7|8|9|10|10|10|8|6|4|3|2|1|1|0|0|0|0|0|0|0|0|0|0|0|0|0,0|3|5|7|10|13|16|19|20|20|18|16|12|8|5|2|1|1|0|0|0|0|0|0|0|0|0|0|0|0|0,0|3|5|7|10|13|16|19|20|20|18|16|12|8|5|2|1|1|0|0|0|0|0|0|0|0|0|0|0|0|0,0|0|0|0|1|2|3|4|6|7|8|7|6|4|2|1|1|0|0|0|0|0|0|0|0|0|0|0|0|0|0,1757,1707,92
Mexico,ACCII,Heavy trucks,2047,5892,43763.59399526723,262.06771781921873,0|65|93|130|172|215|243|251|230|188|137|89|55|30|15|7|2|0|0|0|0|0|0|0|0|0|0|0|0|0|0,0|65|93|130|171|213|241|246|224|181|128|81|49|25|13|5|1|1|0|0|0|0|0|0|0|0|0|0|0|0|0,0|2|3|3|6|6|9|11|11|11|11|10|7|6|2|1|1|1|0|0|0|0|0|0|0|0|0|0|0|0|0,0|4|5|7|10|14|17|21|23|23|21|18|15|10|6|3|1|1|0|0|0|0|0|0|0|0|0|0|0|0|0,0|4|5|7|10|14|17|21|23|23|21|18|15|10|6|3|1|1|0|0|0|0|0|0|0|0|0|0|0|0|0,0|0|0|0|1|2|3|5|6|8|9|8|7|5|3|2|1|0|0|0|0|0|0|0|0|0|0|0|0|0|0,1922,1867,101
Mexico,ACCII,Heavy trucks,2048,5956,45507.14564853348,293.870423287877,0|66|95|134|180|226|259|269|251|208|156|105|64|38|20|10|3|0|0|0|0|0|0|0|0|0|0|0|0|0|0,0|66|96|135|180|223|256|265|243|199|145|94|55|31|15|6|2|1|0|0|0|0|0|0|0|0|0|0|0|0|0,0|2|3|4|5|7|9|10|13|13|12|11|9|7|4|3|2|1|0|0|0|0|0|0|0|0|0|0|0|0|0,0|4|5|8|11|15|19|22|25|25|24|21|17|13|8|5|2|1|0|0|0|0|0|0|0|0|0|0|0|0|0,0|4|5|8|11|15|19|22|25|25|24|21|17|13|8|5|2|1|0|0|0|0|0|0|0|0|0|0|0|0|0,0|0|0|0|1|2|3|5|7|9|10|10|8|7|4|3|1|0|0|0|0|0|0|0|0|0|0|0|0|0|0,2084,2012,115
Mexico,ACCII,Heavy trucks,2049,5990,46991.532536846586,324.86489941684476,0|67|98|138|187|235|272|285|269|227|172|119|75|44|23|12|6|2|0|0|0|0|0|0|0|0|0|0|0|0|0,0|68|98|139|186|233|269|281|261|217|161|107|65|36|18|9|4|1|1|0|0|0|0|0|0|0|0|0|0|0|0,0|2|3|4|5|7|9|11|14|14|13|12|10|6|6|2|1|1|0|0|0|0|0|0|0|0|0|0|0|0|0,0|4|5|8|11|15|19|23|26|28|27|24|20|14|10|6|3|1|0|0|0|0|0|0|0|0|0|0|0|0|0,0|4|5|8|11|15|19|23|26|28|27|24|20|14|10|6|3|1|0|0|0|0|0|0|0|0|0|0|0|0|0,0|0|0|0|1|2|3|5|8|10|11|11|10|8|5|3|2|1|0|0|0|0|0|0|0|0|0|0|0|0|0,2231,2154,120
Mexico,ACCII,Heavy trucks,2050,7486,49705.39868372743,354.4873863033129,0|68|100|142|192|244|284|301|285|244|187|130|85|51|27|14|7|3|0|0|0|0|0|0|0|0|0|0|0|0|0,0|68|101|141|191|241|280|295|278|233|175|118|74|41|22|11|4|1|1|0|0|0|0|0|0|0|0|0|0|0|0,0|2|2|4|6|8|10|13|14|14|15|14|10|9|5|3|2|2|1|0|0|0|0|0|0|0|0|0|0|0|0,0|4|6|8|12|16|20|25|28|30|29|26|22|17|11|7|4|2|1|0|0|0|0|0|0|0|0|0|0|0|0,0|4|6|8|12|16|20|25|28|30|29|26|22|17|11|7|4|2|1|0|0|0|0|0|0|0|0|0|0|0|0,0|0|0|0|1|2|3|6|8|10|12|12|11|9|6|4|2|1|0|0|0|0|0|0|0|0|0|0|0|0|0,2364,2275,134
Canada,ACCII,Medium trucks,2022,701,701,0,0|0|0|0|0|0|0|0|0|0|0|0|0|0|0|0|0|0|0|0|0|0|0|0|0|0|0|0|0|0|0,0|0|0|0|0|0|0|0|0|0|0|0|0|0|0|0|0|0|0|0|0|0|0|0|0|0|0|0|0|0|0,0|0|0|0|0|0|0|0|0|0|0|0|0|0|0|0|0|0|0|0|0|0|0|0|0|0|0|0|0|0|0,0|0|0|0|0|0|0|0|0|0|0|0|0|0|0|0|0|0|0|0|0|0|0|0|0|0|0|0|0|0|0,0|0|0|0|0|0|0|0|0|0|0|0|0|0|0|0|0|0|0|0|0|0|0|0|0|0|0|0|0|0|0,0|0|0|0|0|0|0|0|0|0|0|0|0|0|0|0|0|0|0|0|0|0|0|0|0|0|0|0|0|0|0,0,0,0
Canada,ACCII,Medium trucks,2023,1884,2585,0,0|0|0|0|0|0|0|0|0|0|0|0|0|0|0|0|0|0|0|0|0|0|0|0|0|0|0|0|0|0|0,0|0|0|0|0|0|0|0|0|0|0|0|0|0|0|0|0|0|0|0|0|0|0|0|0|0|0|0|0|0|0,0|0|0|0|0|0|0|0|0|0|0|0|0|0|0|0|0|0|0|0|0|0|0|0|0|0|0|0|0|0|0,0|0|0|0|0|0|0|0|0|0|0|0|0|0|0|0|0|0|0|0|0|0|0|0|0|0|0|0|0|0|0,0|0|0|0|0|0|0|0|0|0|0|0|0|0|0|0|0|0|0|0|0|0|0|0|0|0|0|0|0|0|0,0|0|0|0|0|0|0|0|0|0|0|0|0|0|0|0|0|0|0|0|0|0|0|0|0|0|0|0|0|0|0,0,0,0
Canada,ACCII,Medium trucks,2024,2897,5465.779406959803,0.44638168845103,0|8|0|0|0|0|0|0|0|0|0|0|0|0|0|0|0|0|0|0|0|0|0|0|0|0|0|0|0|0|0,0|8|0|0|0|0|0|0|0|0|0|0|0|0|0|0|0|0|0|0|0|0|0|0|0|0|0|0|0|0|0,0|0|0|0|0|0|0|0|0|0|0|0|0|0|0|0|0|0|0|0|0|0|0|0|0|0|0|0|0|0|0,0|0|0|0|0|0|0|0|0|0|0|0|0|0|0|0|0|0|0|0|0|0|0|0|0|0|0|0|0|0|0,0|0|0|0|0|0|0|0|0|0|0|0|0|0|0|0|0|0|0|0|0|0|0|0|0|0|0|0|0|0|0,0|0|0|0|0|0|0|0|0|0|0|0|0|0|0|0|0|0|0|0|0|0|0|0|0|0|0|0|0|0|0,8,8,0
Canada,ACCII,Medium trucks,2025,4447,9845.088047114,1.8852337610054382,0|21|12|0|0|0|0|0|0|0|0|0|0|0|0|0|0|0|0|0|0|0|0|0|0|0|0|0|0|0|0,0|21|11|0|0|0|0|0|0|0|0|0|0|0|0|0|0|0|0|0|0|0|0|0|0|0|0|0|0|0|0,0|1|1|0|0|0|0|0|0|0|0|0|0|0|0|0|0|0|0|0|0|0|0|0|0|0|0|0|0|0|0,0|1|1|0|0|0|0|0|0|0|0|0|0|0|0|0|0|0|0|0|0|0|0|0|0|0|0|0|0|0|0,0|1|1|0|0|0|0|0|0|0|0|0|0|0|0|0|0|0|0|0|0|0|0|0|0|0|0|0|0|0|0,0|0|0|0|0|0|0|0|0|0|0|0|0|0|0|0|0|0|0|0|0|0|0|0|0|0|0|0|0|0|0,33,32,2
Canada,ACCII,Medium trucks,2026,6841,16519.540416811342,4.726464789131169,0|32|32|17|0|0|0|0|0|0|0|0|0|0|0|0|0|0|0|0|0|0|0|0|0|0|0|0|0|0|0,0|33|31|17|0|0|0|0|0|0|0|0|0|0|0|0|0|0|0|0|0|0|0|0|0|0|0|0|0|0|0,0|2|2|1|0|0|0|0|0|0|0|0|0|0|0|0|0|0|0|0|0|0|0|0|0|0|0|0|0|0|0,0|2|2|1|0|0|0|0|0|0|0|0|0|0|0|0|0|0|0|0|0|0|0|0|0|0|0|0|0|0|0,0|2|2|1|0|0|0|0|0|0|0|0|0|0|0|0|0|0|0|0|0|0|0|0|0|0|0|0|0|0|0,0|0|0|0|0|0|0|0|0|0|0|0|0|0|0|0|0|0|0|0|0|0|0|0|0|0|0|0|0|0|0,81,81,5
Canada,ACCII,Medium trucks,2027,10521,26696.636440450344,10.003642713109869,0|51|49|47|23|0|0|0|0|0|0|0|0|0|0|0|0|0|0|0|0|0|0|0|0|0|0|0|0|0|0,0|51|50|46|23|0|0|0|0|0|0|0|0|0|0|0|0|0|0|0|0|0|0|0|0|0|0|0|0|0|0,0|1|1|1|1|0|0|0|0|0|0|0|0|0|0|0|0|0|0|0|0|0|0|0|0|0|0|0|0|0|0,0|3|3|3|1|0|0|0|0|0|0|0|0|0|0|0|0|0|0|0|0|0|0|0|0|0|0|0|0|0|0,0|3|3|3|1|0|0|0|0|0|0|0|0|0|0|0|0|0|0|0|0|0|0|0|0|0|0|0|0|0|0,0|0|0|0|0|0|0|0|0|0|0|0|0|0|0|0|0|0|0|0|0|0|0|0|0|0|0|0|0|0|0,170,170,4
Canada,ACCII,Medium trucks,2028,16178,42228.19018060629,19.391311678096248,0|78|75|71|63|30|0|0|0|0|0|0|0|0|0|0|0|0|0|0|0|0|0|0|0|0|0|0|0|0|0,0|78|76|70|64|30|0|0|0|0|0|0|0|0|0|0|0|0|0|0|0|0|0|0|0|0|0|0|0|0|0,0|2|2|2|2|2|0|0|0|0|0|0|0|0|0|0|0|0|0|0|0|0|0|0|0|0|0|0|0|0|0,0|4|4|4|4|2|0|0|0|0|0|0|0|0|0|0|0|0|0|0|0|0|0|0|0|0|0|0|0|0|0,0|4|4|4|4|2|0|0|0|0|0|0|0|0|0|0|0|0|0|0|0|0|0|0|0|0|0|0|0|0|0,0|0|0|0|0|0|0|0|0|0|0|0|0|0|0|0|0|0|0|0|0|0|0|0|0|0|0|0|0|0|0,317,318,10
Canada,ACCII,Medium trucks,2029,24871,65957.74158223298,35.50304863916857,0|120|116|109|98|83|37|0|0|0|0|0|0|0|0|0|0|0|0|0|0|0|0|0|0|0|0|0|0|0|0,0|121|116|109|98|82|38|0|0|0|0|0|0|0|0|0|0|0|0|0|0|0|0|0|0|0|0|0|0|0|0,0|3|2|2|2|3|1|0|0|0|0|0|0|0|0|0|0|0|0|0|0|0|0|0|0|0|0|0|0|0|0,0|7|6|6|6|5|3|0|0|0|0|0|0|0|0|0|0|0|0|0|0|0|0|0|0|0|0|0|0|0|0,0|7|6|6|6|5|3|0|0|0|0|0|0|0|0|0|0|0|0|0|0|0|0|0|0|0|0|0|0|0|0,0|0|0|0|0|1|0|0|0|0|0|0|0|0|0|0|0|0|0|0|0|0|0|0|0|0|0|0|0|0|0,563,564,13
Canada,ACCII,Medium trucks,2030,38227,102259.32976505537,62.319417600615125,0|184|178|167|151|127|101|42|0|0|0|0|0|0|0|0|0|0|0|0|0|0|0|0|0|0|0|0|0|0|0,0|184|177|167|149|127|99|40|0|0|0|0|0|0|0|0|0|0|0|0|0|0|0|0|0|0|0|0|0|0|0,0|6|6|6|5|4|3|1|0|0|0|0|0|0|0|0|0|0|0|0|0|0|0|0|0|0|0|0|0|0|0,0|10|10|10|9|8|7|3|0|0|0|0|0|0|0|0|0|0|0|0|0|0|0|0|0|0|0|0|0|0|0,0|10|10|10|9|8|7|3|0|0|0|0|0|0|0|0|0|0|0|0|0|0|0|0|0|0|0|0|0|0|0,0|0|0|1|1|1|1|1|0|0|0|0|0|0|0|0|0|0|0|0|0|0|0|0|0|0|0|0|0|0|0,950,943,31
Canada,ACCII,Medium trucks,2031,45539,144658.6994038082,105.79284410933622,0|284|275|258|232|196|155|110|41|0|0|0|0|0|0|0|0|0|0|0|0|0|0|0|0|0|0|0|0|0|0,0|284|274|257|231|194|153|109|40|0|0|0|0|0|0|0|0|0|0|0|0|0|0|0|0|0|0|0|0|0|0,0|7|7|7|6|7|5|5|2|0|0|0|0|0|0|0|0|0|0|0|0|0|0|0|0|0|0|0|0|0|0,0|15|15|15|14|13|11|9|4|0|0|0|0|0|0|0|0|0|0|0|0|0|0|0|0|0|0|0|0|0|0,0|15|15|15|14|13|11|9|4|0|0|0|0|0|0|0|0|0|0|0|0|0|0|0|0|0|0|0|0|0|0,0|0|1|1|1|1|2|2|1|0|0|0|0|0|0|0|0|0|0|0|0|0|0|0|0|0|0|0|0|0|0,1551,1542,46
Canada,ACCII,Medium trucks,2032,52931,192591.67239517623,174.77222415089784,0|437|423|396|356|301|237|171|111|37|0|0|0|0|0|0|0|0|0|0|0|0|0|0|0|0|0|0|0|0|0,0|436|421|395|354|300|234|168|108|36|0|0|0|0|0|0|0|0|0|0|0|0|0|0|0|0|0|0|0|0|0,0|12|11|11|11|10|9|6|5|3|0|0|0|0|0|0|0|0|0|0|0|0|0|0|0|0|0|0|0|0|0,0|24|23|23|21|20|17|14|11|5|0|0|0|0|0|0|0|0|0|0|0|0|0|0|0|0|0|0|0|0|0,0|24|23|23|21|20|17|14|11|5|0|0|0|0|0|0|0|0|0|0|0|0|0|0|0|0|0|0|0|0|0,0|1|1|1|2|2|3|3|3|2|0|0|0|0|0|0|0|0|0|0|0|0|0|0|0|0|0|0|0|0|0,2469,2452,78
Canada,ACCII,Medium trucks,2033,60380,245445.30217218204,274.0730848316086,0|520|648|609|547|465|364|263|171|100|31|0|0|0|0|0|0|0|0|0|0|0|0|0|0|0|0|0|0|0|0,0|520|648|607|545|461|360|258|165|96|28|0|0|0|0|0|0|0|0|0|0|0|0|0|0|0|0|0|0|0|0,0|14|18|17|17|14|14|10|9|6|3|0|0|0|0|0|0|0|0|0|0|0|0|0|0|0|0|0|0|0|0,0|28|36|35|33|30|26|22|17|12|5|0|0|0|0|0|0|0|0|0|0|0|0|0|0|0|0|0|0|0|0,0|28|36|35|33|30|26|22|17|12|5|0|0|0|0|0|0|0|0|0|0|0|0|0|0|0|0|0|0|0|0,0|1|1|2|3|4|4|5|5|4|2|0|0|0|0|0|0|0|0|0|0|0|0|0|0|0|0|0|0|0|0,3718,3688,122
Canada,ACCII,Medium trucks,2034,67909,302514.962092213,412.21137840904316,0|605|773|936|841|713|561|403|261|155|82|23|0|0|0|0|0|0|0|0|0|0|0|0|0|0|0|0|0|0|0,0|603|772|933|838|709|555|395|254|148|78|21|0|0|0|0|0|0|0|0|0|0|0|0|0|0|0|0|0|0|0,0|17|21|26|25|22|20|17|14|9|7|3|0|0|0|0|0|0|0|0|0|0|0|0|0|0|0|0|0|0|0,0|33|43|54|51|46|40|33|26|19|13|5|0|0|0|0|0|0|0|0|0|0|0|0|0|0|0|0|0|0|0,0|33|43|54|51|46|40|33|26|19|13|5|0|0|0|0|0|0|0|0|0|0|0|0|0|0|0|0|0|0|0,0|1|2|3|4|5|7|7|7|7|5|2|0|0|0|0|0|0|0|0|0|0|0|0|0|0|0|0|0|0|0,5353,5306,181
Canada,ACCII,Medium trucks,2035,75494,362985.9035602122,598.5418268780531,0|691|898|1114|1294|1097|863|620|403|237|127|63|17|0|0|0|0|0|0|0|0|0|0|0|0|0|0|0|0|0|0,0|689|896|1111|1287|1089|853|608|391|226|119|57|14|0|0|0|0|0|0|0|0|0|0|0|0|0|0|0|0|0|0,0|18|26|32|38|35|30|25|20|15|10|7|2|0|0|0|0|0|0|0|0|0|0|0|0|0|0|0|0|0|0,0|38|50|64|78|71|62|51|40|29|20|13|4|0|0|0|0|0|0|0|0|0|0|0|0|0|0|0|0|0|0,0|38|50|64|78|71|62|51|40|29|20|13|4|0|0|0|0|0|0|0|0|0|0|0|0|0|0|0|0|0|0,0|1|2|3|6|8|10|11|11|10|8|6|2|0|0|0|0|0|0|0|0|0|0|0|0|0|0|0|0|0|0,7424,7340,258
Canada,ACCII,Medium trucks,2036,83160,426040.3044050054,842.5581174242196,0|775|1024|1294|1540|1686|1327|953|619|365|196|97|45|11|0|0|0|0|0|0|0|0|0|0|0|0|0|0|0|0|0,0|774|1023|1291|1532|1673|1311|936|602|349|183|88|39|10|0|0|0|0|0|0|0|0|0|0|0|0|0|0|0|0|0,0|22|29|38|47|55|47|38|31|22|14|10|6|2|0|0|0|0|0|0|0|0|0|0|0|0|0|0|0|0|0,0|42|57|74|93|109|95|78|61|44|30|20|12|4|0|0|0|0|0|0|0|0|0|0|0|0|0|0|0|0|0,0|42|57|74|93|109|95|78|61|44|30|20|12|4|0|0|0|0|0|0|0|0|0|0|0|0|0|0|0|0|0,0|1|2|4|7|13|16|17|17|16|12|9|6|2|0|0|0|0|0|0|0|0|0|0|0|0|0|0|0|0|0,9932,9811,361
Canada,ACCII,Medium trucks,2037,90883,490891.55619686906,1152.6825948242974,0|863|1152|1478|1790|2008|2038|1465|952|561|301|150|69|29|8|0|0|0|0|0|0|0|0|0|0|0|0|0|0|0|0,0|861|1150|1473|1782|1993|2014|1438|926|536|282|135|59|25|6|0|0|0|0|0|0|0|0|0|0|0|0|0|0|0|0,0|23|32|43|54|66|74|60|47|34|23|14|10|6|1|0|0|0|0|0|0|0|0|0|0|0|0|0|0|0|0,0|47|64|85|108|130|146|120|93|68|47|30|18|10|3|0|0|0|0|0|0|0|0|0|0|0|0|0|0|0|0,0|47|64|85|108|130|146|120|93|68|47|30|18|10|3|0|0|0|0|0|0|0|0|0|0|0|0|0|0|0|0,0|1|2|5|9|15|24|27|27|24|19|14|9|5|2|0|0|0|0|0|0|0|0|0|0|0|0|0|0|0|0,12864,12680,487
Canada,ACCII,Medium trucks,2038,98686,556914.6974301276,1534.7567936975581,0|950|1281|1662|2043|2335|2429|2251|1465|861|462|229|107|46|19|3|0|0|0|0|0|0|0|0|0|0|0|0|0|0|0,0|948|1279|1657|2032|2317|2401|2211|1423|825|433|209|92|39|15|3|0|0|0|0|0|0|0|0|0|0|0|0|0|0|0,0|26|35|48|61|75|86|93|72|53|36|22|14|8|4|2|0|0|0|0|0|0|0|0|0|0|0|0|0|0|0,0|52|71|96|123|151|174|185|144|105|72|46|28|16|8|2|0|0|0|0|0|0|0|0|0|0|0|0|0|0|0,0|52|71|96|123|151|174|185|144|105|72|46|28|16|8|2|0|0|0|0|0|0|0|0|0|0|0|0|0|0|0,0|1|3|5|10|18|29|41|41|37|29|21|14|8|4|1|0|0|0|0|0|0|0|0|0|0|0|0|0|0|0,16143,15884,635
Canada,ACCII,Medium trucks,2039,106545,623652.3558349971,1990.4936189034077,0|1037|1411|1847|2298|2663|2822|2682|2250|1325|711|353|164|71|30|12|3|0|0|0|0|0|0|0|0|0|0|0|0|0|0,0|1037|1409|1841|2286|2643|2789|2634|2188|1268|666|320|142|59|23|9|1|0|0|0|0|0|0|0|0|0|0|0|0|0|0,0|29|39|54|69|86|102|110|111|81|55|35|21|12|6|2|1|0|0|0|0|0|0|0|0|0|0|0|0|0|0,0|57|79|106|139|172|202|220|221|161|111|71|43|24|12|6|1|0|0|0|0|0|0|0|0|0|0|0|0|0|0,0|57|79|106|139|172|202|220|221|161|111|71|43|24|12|6|1|0|0|0|0|0|0|0|0|0|0|0|0|0|0,0|1|3|6|11|20|33|49|63|57|45|33|21|12|7|3|1|0|0|0|0|0|0|0|0|0|0|0|0|0|0,19679,19315,813
Canada,ACCII,Medium trucks,2040,114485,690864.3674253811,2516.506969765578,0|1126|1543|2035|2552|2995|3220|3118|2681|2037|1093|542|251|110|45|18|7|0|0|0|0|0|0|0|0|0|0|0|0|0|0,0|1126|1539|2028|2541|2972|3183|3061|2607|1949|1023|493|218|90|36|13|4|1|0|0|0|0|0|0|0|0|0|0|0|0|0,0|31|42|59|78|98|115|128|131|124|86|54|34|19|9|5|2|1|0|0|0|0|0|0|0|0|0|0|0|0|0,0|61|86|117|154|194|231|256|263|248|170|110|66|37|19|9|4|1|0|0|0|0|0|0|0|0|0|0|0|0|0,0|61|86|117|154|194|231|256|263|248|170|110|66|37|19|9|4|1|0|0|0|0|0|0|0|0|0|0|0|0|0,0|1|3|6|12|23|38|57|75|87|70|50|33|19|10|5|2|0|0|0|0|0|0|0|0|0|0|0|0|0|0,23373,22884,1016
Canada,ACCII,Medium trucks,2041,115012,750967.151268158,3104.2647112033196,0|1217|1674|2225|2813|3329|3622|3556|3117|2426|1680|833|386|169|70|26|11|3|0|0|0|0|0|0|0|0|0|0|0|0|0,0|1215|1671|2217|2799|3305|3579|3492|3029|2323|1572|756|336|139|54|20|7|1|1|0|0|0|0|0|0|0|0|0|0|0|0,0|34|47|64|86|108|129|146|154|147|131|84|51|29|15|7|2|2|0|0|0|0|0|0|0|0|0|0|0|0|0,0|66|93|128|170|216|259|292|306|295|261|168|101|57|29|13|6|2|0|0|0|0|0|0|0|0|0|0|0|0|0,0|66|93|128|170|216|259|292|306|295|261|168|101|57|29|13|6|2|0|0|0|0|0|0|0|0|0|0|0|0|0,0|2|3|7|14|25|43|65|88|104|107|77|50|29|16|7|3|1|0|0|0|0|0|0|0|0|0|0|0|0|0,27157,26516,1236
Canada,ACCII,Medium trucks,2042,115538,803881.9462702124,3741.1875110896563,0|1308|1808|2415|3074|3668|4026|4000|3555|2820|2001|1280|594|260|107|42|15|5|2|0|0|0|0|0|0|0|0|0|0|0|0,0|1306|1804|2408|3059|3641|3979|3927|3456|2699|1874|1162|517|215|84|30|11|4|1|0|0|0|0|0|0|0|0|0|0|0|0,0|35|51|69|93|118|144|165|175|171|155|129|78|43|22|11|5|1|1|0|0|0|0|0|0|0|0|0|0|0|0,0|71|101|139|185|238|288|329|349|343|311|259|156|87|44|21|9|3|1|0|0|0|0|0|0|0|0|0|0|0|0,0|71|101|139|185|238|288|329|349|343|311|259|156|87|44|21|9|3|1|0|0|0|0|0|0|0|0|0|0|0|0,0|2|4|7|15|28|48|73|100|120|127|118|77|45|24|11|5|2|1|0|0|0|0|0|0|0|0|0|0|0|0,30980,30177,1466
Canada,ACCII,Medium trucks,2043,116065,849749.6007126386,4407.6967703208165,0|1314|1943|2608|3338|4008|4436|4446|3999|3216|2326|1525|912|400|166|64|23|8|2|0|0|0|0|0|0|0|0|0|0|0|0,0|1312|1938|2600|3321|3978|4383|4366|3887|3079|2177|1384|795|331|128|47|16|5|1|1|0|0|0|0|0|0|0|0|0|0|0,0|36|54|74|101|130|158|183|196|195|182|154|120|66|34|16|7|3|2|1|0|0|0|0|0|0|0|0|0|0|0,0|72|108|150|201|260|318|365|392|391|362|308|240|134|68|32|13|5|2|1|0|0|0|0|0|0|0|0|0|0|0,0|72|108|150|201|260|318|365|392|391|362|308|240|134|68|32|13|5|2|1|0|0|0|0|0|0|0|0|0|0|0,0|2|4|8|16|30|52|81|113|137|148|141|118|70|37|17|7|3|1|0|0|0|0|0|0|0|0|0|0|0|0,34734,33749,1712
Canada,ACCII,Medium trucks,2044,116591,888809.1914409548,5087.304106794632,0|1320|1951|2802|3603|4352|4847|4899|4446|3617|2653|1773|1087|614|255|99|36|12|4|0|0|0|0|0|0|0|0|0|0|0|0,0|1318|1948|2793|3586|4319|4790|4810|4321|3463|2484|1609|946|507|197|72|25|8|3|1|0|0|0|0|0|0|0|0|0|0|0,0|36|55|81|109|142|173|201|218|220|207|178|143|103|53|25|10|4|1|1|0|0|0|0|0|0|0|0|0|0|0,0|72|109|161|217|282|347|403|436|440|413|358|285|205|105|49|20|8|3|1|0|0|0|0|0|0|0|0|0|0|0,0|72|109|161|217|282|347|403|436|440|413|358|285|205|105|49|20|8|3|1|0|0|0|0|0|0|0|0|0|0|0,0|2|4|9|17|33|57|90|125|154|169|164|141|107|57|27|11|4|1|0|0|0|0|0|0|0|0|0|0|0|0,38370,37200,1960
Canada,ACCII,Medium trucks,2045,117118,921414.8030021007,5764.45759744338,0|1326|1961|2815|3873|4700|5263|5354|4898|4022|2984|2022|1264|731|391|152|55|20|6|2|0|0|0|0|0|0|0|0|0|0|0,0|1324|1956|2805|3853|4663|5201|5256|4759|3849|2794|1835|1100|604|303|112|39|12|4|1|0|0|0|0|0|0|0|0|0|0|0,0|36|55|82|118|152|189|220|241|245|232|205|166|123|82|37|15|6|2|1|0|0|0|0|0|0|0|0|0|0|0,0|72|109|162|234|304|377|440|481|489|464|409|332|245|162|75|31|12|4|1|0|0|0|0|0|0|0|0|0|0|0,0|72|109|162|234|304|377|440|481|489|464|409|332|245|162|75|31|12|4|1|0|0|0|0|0|0|0|0|0|0|0,0|2|4|9|19|36|62|98|138|172|190|187|164|127|87|41|17|7|2|1|0|0|0|0|0|0|0|0|0|0|0,41839,40470,2207
Canada,ACCII,Medium trucks,2046,117645,948055.7901335981,6426.568088508411,0|1332|1970|2828|3891|5050|5683|5814|5352|4430|3317|2274|1441|851|466|234|86|28|10|2|0|0|0|0|0|0|0|0|0|0|0,0|1330|1966|2819|3872|5011|5615|5707|5202|4241|3106|2064|1255|702|362|171|59|19|7|1|1|0|0|0|0|0|0|0|0|0|0,0|37|54|81|117|163|203|238|263|269|258|230|190|143|96|57|24|10|2|2|1|0|0|0|0|0|0|0|0|0|0,0|73|110|163|235|327|407|478|525|539|516|460|378|285|192|115|48|18|6|2|1|0|0|0|0|0|0|0|0|0|0,0|73|110|163|235|327|407|478|525|539|516|460|378|285|192|115|48|18|6|2|1|0|0|0|0|0|0|0|0|0|0,0|2|4|9|19|38|67|106|151|189|211|210|187|148|104|63|27|10|4|1|0|0|0|0|0|0|0|0|0|0|0,45059,43510,2438
Canada,ACCII,Medium trucks,2047,118171,969369.9647659765,7063.638905601727,0|1338|1979|2841|3908|5072|6105|6276|5812|4841|3654|2527|1621|970|541|279|131|45|13|5|1|0|0|0|0|0|0|0|0|0|0,0|1335|1975|2832|3890|5034|6034|6162|5648|4634|3421|2295|1411|801|421|203|90|30|9|3|1|0|0|0|0|0|0|0|0|0|0,0|37|54|81|118|165|219|258|286|295|285|255|214|163|112|69|38|14|6|1|1|0|0|0|0|0|0|0|0|0|0,0|73|110|163|236|329|437|516|570|589|569|511|426|325|224|137|74|28|10|3|1|0|0|0|0|0|0|0|0|0|0,0|73|110|163|236|329|437|516|570|589|569|511|426|325|224|137|74|28|10|3|1|0|0|0|0|0|0|0|0|0|0,0|2|4|9|19|38|72|115|164|207|232|233|210|169|120|75|41|16|5|2|1|0|0|0|0|0|0|0|0|0|0,47959,46229,2671
Canada,ACCII,Medium trucks,2048,118698,986132.8501579297,7666.75730975781,0|1344|1988|2854|3926|5095|6135|6744|6275|5256|3993|2784|1802|1091|617|325|157|69|22|7|2|0|0|0|0|0|0|0|0|0|0,0|1341|1983|2844|3906|5057|6061|6620|6099|5033|3739|2528|1569|901|480|237|107|46|14|4|1|0|0|0|0|0|0|0|0|0|0,0|37|55|82|119|166|219|278|308|320|311|281|237|183|127|79|44|21|7|3|1|0|0|0|0|0|0|0|0|0|0,0|73|111|164|237|330|439|554|616|640|621|563|473|365|255|159|88|43|15|5|1|0|0|0|0|0|0|0|0|0|0,0|73|111|164|237|330|439|554|616|640|621|563|473|365|255|159|88|43|15|5|1|0|0|0|0|0|0|0|0|0|0,0|2|4|9|19|39|73|124|177|224|254|257|233|190|137|88|49|24|8|3|1|0|0|0|0|0|0|0|0|0|0,50486,48570,2878
Canada,ACCII,Medium trucks,2049,119224,999201.2721187548,8226.223689854298,0|1350|1996|2866|3944|5120|6162|6775|6744|5675|4337|3043|1985|1213|694|370|183|83|35|10|2|0|0|0|0|0|0|0|0|0|0,0|1347|1993|2857|3925|5080|6089|6651|6553|5434|4060|2762|1728|1003|540|271|125|54|21|7|1|1|0|0|0|0|0|0|0|0|0,0|38|55|83|118|166|221|279|330|345|337|307|261|202|143|90|50|25|11|3|2|1|0|0|0|0|0|0|0|0|0,0|74|111|165|238|332|441|557|662|691|675|615|521|406|287|182|102|51|23|7|2|1|0|0|0|0|0|0|0|0|0,0|74|111|165|238|332|441|557|662|691|675|615|521|406|287|182|102|51|23|7|2|1|0|0|0|0|0|0|0|0|0,0|2|4|9|19|39|73|124|190|242|276|281|257|211|154|100|57|29|13|4|1|0|0|0|0|0|0|0|0|0|0,52587,50502,3067
Canada,ACCII,Medium trucks,2050,119751,1009436.7761259229,8732.235807694124,0|1356|2006|2879|3961|5142|6190|6807|6773|6098|4682|3304|2169|1336|772|416|208|96|40|16|5|1|0|0|0|0|0|0|0|0|0,0|1353|2001|2870|3943|5103|6117|6682|6583|5839|4383|2999|1889|1104|601|304|142|62|26|10|3|1|0|0|0|0|0|0|0|0|0,0|38|56|83|119|167|221|279|333|370|365|334|286|223|159|102|59|29|13|5|1|1|0|0|0|0|0|0|0|0|0,0|74|112|165|239|333|443|559|665|742|729|668|570|447|319|204|117|59|27|11|3|1|0|0|0|0|0|0|0|0|0,0|74|112|165|239|333|443|559|665|742|729|668|570|447|319|204|117|59|27|11|3|1|0|0|0|0|0|0|0|0|0,0|2|4|9|19|39|73|125|191|260|298|305|281|232|172|113|65|33|15|6|2|1|0|0|0|0|0|0|0|0|0,54257,52015,3243
Canada,ACCII,Heavy trucks,2022,129,129,0,0|0|0|0|0|0|0|0|0|0|0|0|0|0|0|0|0|0|0|0|0|0|0|0|0|0|0|0|0|0|0,0|0|0|0|0|0|0|0|0|0|0|0|0|0|0|0|0|0|0|0|0|0|0|0|0|0|0|0|0|0|0,0|0|0|0|0|0|0|0|0|0|0|0|0|0|0|0|0|0|0|0|0|0|0|0|0|0|0|0|0|0|0,0|0|0|0|0|0|0|0|0|0|0|0|0|0|0|0|0|0|0|0|0|0|0|0|0|0|0|0|0|0|0,0|0|0|0|0|0|0|0|0|0|0|0|0|0|0|0|0|0|0|0|0|0|0|0|0|0|0|0|0|0|0,0|0|0|0|0|0|0|0|0|0|0|0|0|0|0|0|0|0|0|0|0|0|0|0|0|0|0|0|0|0|0,0,0,0
Canada,ACCII,Heavy trucks,2023,73,202,0,0|0|0|0|0|0|0|0|0|0|0|0|0|0|0|0|0|0|0|0|0|0|0|0|0|0|0|0|0|0|0,0|0|0|0|0|0|0|0|0|0|0|0|0|0|0|0|0|0|0|0|0|0|0|0|0|0|0|0|0|0|0,0|0|0|0|0|0|0|0|0|0|0|0|0|0|0|0|0|0|0|0|0|0|0|0|0|0|0|0|0|0|0,0|0|0|0|0|0|0|0|0|0|0|0|0|0|0|0|0|0|0|0|0|0|0|0|0|0|0|0|0|0|0,0|0|0|0|0|0|0|0|0|0|0|0|0|0|0|0|0|0|0|0|0|0|0|0|0|0|0|0|0|0|0,0|0|0|0|0|0|0|0|0|0|0|0|0|0|0|0|0|0|0|0|0|0|0|0|0|0|0|0|0|0|0,0,0,0
Canada,ACCII,Heavy trucks,2024,238,437.0150406530879,0.08214441913007542,0|2|0|0|0|0|0|0|0|0|0|0|0|0|0|0|0|0|0|0|0|0|0|0|0|0|0|0|0|0|0,0|1|0|0|0|0|0|0|0|0|0|0|0|0|0|0|0|0|0|0|0|0|0|0|0|0|0|0|0|0|0,0|0|0|0|0|0|0|0|0|0|0|0|0|0|0|0|0|0|0|0|0|0|0|0|0|0|0|0|0|0|0,0|0|0|0|0|0|0|0|0|0|0|0|0|0|0|0|0|0|0|0|0|0|0|0|0|0|0|0|0|0|0,0|0|0|0|0|0|0|0|0|0|0|0|0|0|0|0|0|0|0|0|0|0|0|0|0|0|0|0|0|0|0,0|0|0|0|0|0|0|0|0|0|0|0|0|0|0|0|0|0|0|0|0|0|0|0|0|0|0|0|0|0|0,2,1,0
Canada,ACCII,Heavy trucks,2025,332,762.8914667551414,0.17264041766842317,0|1|2|0|0|0|0|0|0|0|0|0|0|0|0|0|0|0|0|0|0|0|0|0|0|0|0|0|0|0|0,0|1|2|0|0|0|0|0|0|0|0|0|0|0|0|0|0|0|0|0|0|0|0|0|0|0|0|0|0|0|0,0|0|0|0|0|0|0|0|0|0|0|0|0|0|0|0|0|0|0|0|0|0|0|0|0|0|0|0|0|0|0,0|0|0|0|0|0|0|0|0|0|0|0|0|0|0|0|0|0|0|0|0|0|0|0|0|0|0|0|0|0|0,0|0|0|0|0|0|0|0|0|0|0|0|0|0|0|0|0|0|0|0|0|0|0|0|0|0|0|0|0|0|0,0|0|0|0|0|0|0|0|0|0|0|0|0|0|0|0|0|0|0|0|0|0|0|0|0|0|0|0|0|0|0,3,3,0
Canada,ACCII,Heavy trucks,2026,697,1445.480091192206,0.4141910629037451,0|2|1|3|0|0|0|0|0|0|0|0|0|0|0|0|0|0|0|0|0|0|0|0|0|0|0|0|0|0|0,0|3|1|3|0|0|0|0|0|0|0|0|0|0|0|0|0|0|0|0|0|0|0|0|0|0|0|0|0|0|0,0|0|0|0|0|0|0|0|0|0|0|0|0|0|0|0|0|0|0|0|0|0|0|0|0|0|0|0|0|0|0,0|0|0|0|0|0|0|0|0|0|0|0|0|0|0|0|0|0|0|0|0|0|0|0|0|0|0|0|0|0|0,0|0|0|0|0|0|0|0|0|0|0|0|0|0|0|0|0|0|0|0|0|0|0|0|0|0|0|0|0|0|0,0|0|0|0|0|0|0|0|0|0|0|0|0|0|0|0|0|0|0|0|0|0|0|0|0|0|0|0|0|0|0,6,7,0
Canada,ACCII,Heavy trucks,2027,1459,2876.1602179587253,0.8368255505210582,0|4|4|2|4|0|0|0|0|0|0|0|0|0|0|0|0|0|0|0|0|0|0|0|0|0|0|0|0|0|0,0|3|4|2|5|0|0|0|0|0|0|0|0|0|0|0|0|0|0|0|0|0|0|0|0|0|0|0|0|0|0,0|0|0|0|0|0|0|0|0|0|0|0|0|0|0|0|0|0|0|0|0|0|0|0|0|0|0|0|0|0|0,0|0|0|0|0|0|0|0|0|0|0|0|0|0|0|0|0|0|0|0|0|0|0|0|0|0|0|0|0|0|0,0|0|0|0|0|0|0|0|0|0|0|0|0|0|0|0|0|0|0|0|0|0|0|0|0|0|0|0|0|0|0,0|0|0|0|0|0|0|0|0|0|0|0|0|0|0|0|0|0|0|0|0|0|0|0|0|0|0|0|0|0|0,14,14,0
Canada,ACCII,Heavy trucks,2028,3067,5887.299815062867,1.6940037586229404,0|8|6|6|2|6|0|0|0|0|0|0|0|0|0|0|0|0|0|0|0|0|0|0|0|0|0|0|0|0|0,0|8|5|5|3|5|0|0|0|0|0|0|0|0|0|0|0|0|0|0|0|0|0|0|0|0|0|0|0|0|0,0|0|0|0|0|0|0|0|0|0|0|0|0|0|0|0|0|0|0|0|0|0|0|0|0|0|0|0|0|0|0,0|0|0|0|0|0|0|0|0|0|0|0|0|0|0|0|0|0|0|0|0|0|0|0|0|0|0|0|0|0|0,0|0|0|0|0|0|0|0|0|0|0|0|0|0|0|0|0|0|0|0|0|0|0|0|0|0|0|0|0|0|0,0|0|0|0|0|0|0|0|0|0|0|0|0|0|0|0|0|0|0|0|0|0|0|0|0|0|0|0|0|0|0,28,26,0
Canada,ACCII,Heavy trucks,2029,6440,12216.37264875036,3.4348391280471122,0|16|12|8|8|3|6|0|0|0|0|0|0|0|0|0|0|0|0|0|0|0|0|0|0|0|0|0|0|0|0,0|17|11|8|8|3|7|0|0|0|0|0|0|0|0|0|0|0|0|0|0|0|0|0|0|0|0|0|0|0|0,0|1|1|0|0|0|0|0|0|0|0|0|0|0|0|0|0|0|0|0|0|0|0|0|0|0|0|0|0|0|0,0|1|1|0|0|0|0|0|0|0|0|0|0|0|0|0|0|0|0|0|0|0|0|0|0|0|0|0|0|0|0,0|1|1|0|0|0|0|0|0|0|0|0|0|0|0|0|0|0|0|0|0|0|0|0|0|0|0|0|0|0|0,0|0|0|0|0|0|0|0|0|0|0|0|0|0|0|0|0|0|0|0|0|0|0|0|0|0|0|0|0|0|0,53,54,2
Canada,ACCII,Heavy trucks,2030,13519,25512.44783424233,6.993339939585999,0|34|24|17|11|10|4|8|0|0|0|0|0|0|0|0|0|0|0|0|0|0|0|0|0|0|0|0|0|0|0,0|35|25|17|11|10|4|7|0|0|0|0|0|0|0|0|0|0|0|0|0|0|0|0|0|0|0|0|0|0|0,0|2|1|1|1|1|0|1|0|0|0|0|0|0|0|0|0|0|0|0|0|0|0|0|0|0|0|0|0|0|0,0|2|1|1|1|1|0|1|0|0|0|0|0|0|0|0|0|0|0|0|0|0|0|0|0|0|0|0|0|0|0,0|2|1|1|1|1|0|1|0|0|0|0|0|0|0|0|0|0|0|0|0|0|0|0|0|0|0|0|0|0|0,0|0|0|0|0|0|0|0|0|0|0|0|0|0|0|0|0|0|0|0|0|0|0|0|0|0|0|0|0|0|0,108,109,7
Canada,ACCII,Heavy trucks,2031,14849,39907.53287368197,14.310359688060164,0|73|52|35|23|14|12|4|7|0|0|0|0|0|0|0|0|0|0|0|0|0|0|0|0|0|0|0|0|0|0,0|74|52|35|23|15|13|4|7|0|0|0|0|0|0|0|0|0|0|0|0|0|0|0|0|0|0|0|0|0|0,0|2|1|2|1|1|1|0|1|0|0|0|0|0|0|0|0|0|0|0|0|0|0|0|0|0|0|0|0|0|0,0|4|3|2|1|1|1|0|1|0|0|0|0|0|0|0|0|0|0|0|0|0|0|0|0|0|0|0|0|0|0,0|4|3|2|1|1|1|0|1|0|0|0|0|0|0|0|0|0|0|0|0|0|0|0|0|0|0|0|0|0|0,0|0|0|0|0|0|0|0|0|0|0|0|0|0|0|0|0|0|0|0|0|0|0|0|0|0|0|0|0|0|0,220,223,9
Canada,ACCII,Heavy trucks,2032,16205,55177.3440527607,29.45429680871796,0|154|110|75|49|30|17|14|4|6|0|0|0|0|0|0|0|0|0|0|0|0|0|0|0|0|0|0|0|0|0,0|154|109|74|50|30|17|13|4|7|0|0|0|0|0|0|0|0|0|0|0|0|0|0|0|0|0|0|0|0|0,0|4|2|2|1|2|1|1|0|1|0|0|0|0|0|0|0|0|0|0|0|0|0|0|0|0|0|0|0|0|0,0|8|6|4|3|2|1|1|0|1|0|0|0|0|0|0|0|0|0|0|0|0|0|0|0|0|0|0|0|0|0,0|8|6|4|3|2|1|1|0|1|0|0|0|0|0|0|0|0|0|0|0|0|0|0|0|0|0|0|0|0|0,0|0|0|0|0|0|0|0|0|0|0|0|0|0|0|0|0|0|0|0|0|0|0|0|0|0|0|0|0|0|0,459,458,14
Canada,ACCII,Heavy trucks,2033,17588,71134.9812377362,52.362264296742666,0|169|229|157|105|64|37|19|14|4|5|0|0|0|0|0|0|0|0|0|0|0|0|0|0|0|0|0|0|0|0,0|169|228|157|103|64|37|19|13|3|5|0|0|0|0|0|0|0|0|0|0|0|0|0|0|0|0|0|0|0|0,0|5|7|5|2|2|1|2|1|0|1|0|0|0|0|0|0|0|0|0|0|0|0|0|0|0|0|0|0|0|0,0|9|13|9|6|4|3|2|1|0|1|0|0|0|0|0|0|0|0|0|0|0|0|0|0|0|0|0|0|0|0,0|9|13|9|6|4|3|2|1|0|1|0|0|0|0|0|0|0|0|0|0|0|0|0|0|0|0|0|0|0|0,0|0|0|0|1|0|0|0|0|0|0|0|0|0|0|0|0|0|0|0|0|0|0|0|0|0|0|0|0|0|0,803,798,26
Canada,ACCII,Heavy trucks,2034,18998,87541.52237104048,86.019634954881,0|184|252|331|218|135|79|42|19|13|3|4|0|0|0|0|0|0|0|0|0|0|0|0|0|0|0|0|0|0|0,0|185|252|330|216|134|77|40|19|12|3|3|0|0|0|0|0|0|0|0|0|0|0|0|0|0|0|0|0|0|0,0|6|6|9|7|5|2|1|2|2|0|1|0|0|0|0|0|0|0|0|0|0|0|0|0|0|0|0|0|0|0,0|10|14|19|13|9|6|3|2|2|0|1|0|0|0|0|0|0|0|0|0|0|0|0|0|0|0|0|0|0|0,0|10|14|19|13|9|6|3|2|2|0|1|0|0|0|0|0|0|0|0|0|0|0|0|0|0|0|0|0|0|0,0|0|0|1|1|1|1|1|1|1|0|0|0|0|0|0|0|0|0|0|0|0|0|0|0|0|0|0|0|0|0,1280,1271,41
Canada,ACCII,Heavy trucks,2035,20435,104119.39270477666,134.0214303396901,0|201|275|363|457|284|163|86|41|17|11|2|2|0|0|0|0|0|0|0|0|0|0|0|0|0|0|0|0|0|0,0|201|275|362|455|281|162|85|40|17|9|2|3|0|0|0|0|0|0|0|0|0|0|0|0|0|0|0|0|0|0,0|5|7|11|14|10|6|3|2|2|2|0|1|0|0|0|0|0|0|0|0|0|0|0|0|0|0|0|0|0|0,0|11|15|21|28|18|12|7|4|2|2|0|1|0|0|0|0|0|0|0|0|0|0|0|0|0|0|0|0|0|0,0|11|15|21|28|18|12|7|4|2|2|0|1|0|0|0|0|0|0|0|0|0|0|0|0|0|0|0|0|0|0,0|0|1|1|2|2|2|2|1|1|1|0|0|0|0|0|0|0|0|0|0|0|0|0|0|0|0|0|0|0|0,1902,1892,63
Canada,ACCII,Heavy trucks,2036,24792,123477.04639599417,200.26466651819322,0|217|299|397|502|597|344|181|86|37|14|8|2|2|0|0|0|0|0|0|0|0|0|0|0|0|0|0|0|0|0,0|217|297|395|501|592|339|177|83|36|13|7|1|1|0|0|0|0|0|0|0|0|0|0|0|0|0|0|0|0|0,0|6|9|11|14|19|13|7|4|3|2|2|0|1|0|0|0|0|0|0|0|0|0|0|0|0|0|0|0|0|0,0|12|17|23|30|39|25|15|8|5|2|2|0|1|0|0|0|0|0|0|0|0|0|0|0|0|0|0|0|0|0,0|12|17|23|30|39|25|15|8|5|2|2|0|1|0|0|0|0|0|0|0|0|0|0|0|0|0|0|0|0|0,0|0|1|1|2|5|4|3|2|2|1|1|0|0|0|0|0|0|0|0|0|0|0|0|0|0|0|0|0|0|0,2686,2659,91
Canada,ACCII,Heavy trucks,2037,29238,145432.02869995296,288.319366544183,0|233|322|430|548|655|722|379|180|77|31|11|5|1|1|0|0|0|0|0|0|0|0|0|0|0|0|0|0|0|0,0|233|321|429|545|649|712|373|175|74|28|9|5|1|1|0|0|0|0|0|0|0|0|0|0|0|0|0|0|0|0,0|7|10|13|17|22|26|15|10|5|3|2|1|0|1|0|0|0|0|0|0|0|0|0|0|0|0|0|0|0|0,0|13|18|25|33|42|52|31|18|9|5|2|1|0|1|0|0|0|0|0|0|0|0|0|0|0|0|0|0|0|0,0|13|18|25|33|42|52|31|18|9|5|2|1|0|1|0|0|0|0|0|0|0|0|0|0|0|0|0|0|0|0,0|0|1|1|3|5|9|7|5|3|2|1|1|0|0|0|0|0|0|0|0|0|0|0|0|0|0|0|0|0|0,3595,3555,132
Canada,ACCII,Heavy trucks,2038,33774,169823.44320836096,402.36291789744,0|283|347|465|595|715|791|797|380|164|64|23|7|4|0|0|0|0|0|0|0|0|0|0|0|0|0|0|0|0|0,0|283|346|464|592|709|783|781|368|156|59|21|7|3|1|1|0|0|0|0|0|0|0|0|0|0|0|0|0|0|0,0|7|9|13|18|22|29|33|19|10|6|3|2|1|0|0|0|0|0|0|0|0|0|0|0|0|0|0|0|0|0,0|15|19|27|36|46|57|65|37|20|10|5|2|1|0|0|0|0|0|0|0|0|0|0|0|0|0|0|0|0|0,0|15|19|27|36|46|57|65|37|20|10|5|2|1|0|0|0|0|0|0|0|0|0|0|0|0|0|0|0|0|0,0|0|1|1|3|5|9|15|11|7|4|2|1|1|0|0|0|0|0|0|0|0|0|0|0|0|0|0|0|0|0,4635,4574,172
Canada,ACCII,Heavy trucks,2039,38400,196569.30837022432,543.5837649139123,0|333|421|501|643|776|864|875|796|343|135|49|17|5|3|0|0|0|0|0|0|0|0|0|0|0|0|0|0|0|0,0|333|420|498|640|769|855|859|774|328|126|44|14|4|1|1|0|0|0|0|0|0|0|0|0|0|0|0|0|0|0,0|10|11|15|19|26|30|36|38|22|11|6|2|2|1|0|0|0|0|0|0|0|0|0|0|0|0|0|0|0|0,0|18|23|29|39|50|62|72|78|42|21|10|4|2|1|0|0|0|0|0|0|0|0|0|0|0|0|0|0|0|0,0|18|23|29|39|50|62|72|78|42|21|10|4|2|1|0|0|0|0|0|0|0|0|0|0|0|0|0|0|0|0,0|0|1|2|3|6|10|16|22|15|9|5|2|1|1|0|0|0|0|0|0|0|0|0|0|0|0|0|0|0|0,5761,5666,229
Canada,ACCII,Heavy trucks,2040,43115,225643.09474926334,710.9211050310837,0|385|496|607|691|838|938|955|875|721|283|102|35|11|3|1|0|0|0|0|0|0|0|0|0|0|0|0|0|0|0,0|385|495|605|687|832|927|937|851|689|265|93|30|10|3|1|0|0|0|0|0|0|0|0|0|0|0|0|0|0|0,0|11|14|17|22|26|33|38|42|44|22|11|5|2|1|1|0|0|0|0|0|0|0|0|0|0|0|0|0|0|0,0|21|28|35|42|54|67|78|86|88|44|21|9|4|1|1|0|0|0|0|0|0|0|0|0|0|0|0|0|0|0,0|21|28|35|42|54|67|78|86|88|44|21|9|4|1|1|0|0|0|0|0|0|0|0|0|0|0|0|0|0|0,0|0|1|2|3|6|11|17|25|31|18|9|5|2|1|0|0|0|0|0|0|0|0|0|0|0|0|0|0|0|0,6941,6810,289
Canada,ACCII,Heavy trucks,2041,43564,252669.59573665485,901.0908634932707,0|439|573|715|839|901|1013|1036|955|791|594|216|73|24|8|2|0|0|0|0|0|0|0|0|0|0|0|0|0|0|0,0|438|572|713|835|894|1001|1017|928|757|556|196|64|19|6|1|1|0|0|0|0|0|0|0|0|0|0|0|0|0|0,0|12|16|21|25|30|37|43|46|48|46|22|9|4|1|1|0|0|0|0|0|0|0|0|0|0|0|0|0|0|0,0|24|32|41|51|58|73|85|94|96|92|44|19|8|3|1|0|0|0|0|0|0|0|0|0|0|0|0|0|0|0,0|24|32|41|51|58|73|85|94|96|92|44|19|8|3|1|0|0|0|0|0|0|0|0|0|0|0|0|0|0|0,0|1|1|2|4|7|12|19|27|34|38|20|9|4|2|1|0|0|0|0|0|0|0|0|0|0|0|0|0|0|0,8179,7998,361
Canada,ACCII,Heavy trucks,2042,44013,277497.9139331435,1110.6333784826757,0|493|651|827|990|1094|1091|1120|1037|863|653|453|154|49|15|3|0|0|0|0|0|0|0|0|0|0|0|0|0|0|0,0|492|650|824|984|1085|1077|1098|1007|826|611|411|134|41|12|3|1|0|0|0|0|0|0|0|0|0|0|0|0|0|0,0|13|18|24|30|35|38|46|50|53|50|46|20|8|2|2|1|0|0|0|0|0|0|0|0|0|0|0|0|0|0,0|27|36|48|60|71|78|92|102|105|102|92|40|16|6|2|1|0|0|0|0|0|0|0|0|0|0|0|0|0|0,0|27|36|48|60|71|78|92|102|105|102|92|40|16|6|2|1|0|0|0|0|0|0|0|0|0|0|0|0|0|0,0|1|1|3|5|8|13|21|29|37|41|42|20|9|3|1|0|0|0|0|0|0|0|0|0|0|0|0|0|0|0,9493,9256,436
Canada,ACCII,Heavy trucks,2043,44462,300006.700218671,1332.5489868018824,0|498|731|941|1143|1290|1323|1204|1119|936|712|497|323|104|31|9|3|0|0|0|0|0|0|0|0|0|0|0|0|0|0,0|497|730|937|1136|1280|1307|1182|1088|897|667|451|281|86|24|6|1|1|0|0|0|0|0|0|0|0|0|0|0|0|0,0|13|21|26|35|42|47|49|54|58|55|51|43|17|7|2|1|0|0|0|0|0|0|0|0|0|0|0|0|0|0,0|27|41|54|69|84|95|99|110|114|111|101|85|35|13|4|1|0|0|0|0|0|0|0|0|0|0|0|0|0|0,0|27|41|54|69|84|95|99|110|114|111|101|85|35|13|4|1|0|0|0|0|0|0|0|0|0|0|0|0|0|0,0|1|1|3|6|10|16|22|31|40|45|46|42|18|7|2|1|0|0|0|0|0|0|0|0|0|0|0|0|0|0,10864,10571,521
Canada,ACCII,Heavy trucks,2044,44911,320062.4699845422,1562.985432237008,0|503|739|1054|1299|1489|1559|1461|1204|1012|773|543|355|218|66|19|5|0|0|0|0|0|0|0|0|0|0|0|0|0|0,0|502|737|1052|1293|1478|1541|1433|1170|969|723|493|308|179|52|13|4|1|0|0|0|0|0|0|0|0|0|0|0|0|0,0|13|21|31|38|48|56|60|58|61|60|54|47|37|13|5|1|1|0|0|0|0|0|0|0|0|0|0|0|0|0,0|27|41|61|78|96|112|120|118|123|120|110|93|73|27|9|3|1|0|0|0|0|0|0|0|0|0|0|0|0|0,0|27|41|61|78|96|112|120|118|123|120|110|93|73|27|9|3|1|0|0|0|0|0|0|0|0|0|0|0|0|0,0|1|1|3|6|11|18|27|34|43|49|50|46|38|15|5|2|0|0|0|0|0|0|0|0|0|0|0|0|0|0,12299,11948,604
Canada,ACCII,Heavy trucks,2045,45360,337566.5482035978,1800.0732176940626,0|508|746|1066|1459|1695|1801|1724|1460|1088|834|589|388|238|138|40|11|3|0|0|0|0|0|0|0|0|0|0|0|0|0,0|508|745|1062|1451|1681|1779|1691|1419|1042|781|535|337|197|107|29|8|1|1|0|0|0|0|0|0|0|0|0|0|0|0,0|14|22|31|44|54|65|70|71|66|66|59|50|40|29|9|2|2|0|0|0|0|0|0|0|0|0|0|0|0|0,0|28|42|61|88|110|129|142|143|132|130|119|102|80|57|19|6|2|0|0|0|0|0|0|0|0|0|0|0|0|0,0|28|42|61|88|110|129|142|143|132|130|119|102|80|57|19|6|2|0|0|0|0|0|0|0|0|0|0|0|0|0,0|1|1|3|7|13|21|32|41|46|53|54|50|41|31|11|3|1|0|0|0|0|0|0|0|0|0|0|0|0|0,13788,13374,694
Canada,ACCII,Heavy trucks,2046,45808,352507.13634854293,2043.6015430060659,0|514|753|1077|1473|1901|2048|1989|1721|1320|898|636|420|261|152|82|22|6|0|0|0|0|0|0|0|0|0|0|0|0|0,0|512|753|1075|1466|1888|2024|1954|1673|1264|841|577|366|215|119|61|15|4|1|0|0|0|0|0|0|0|0|0|0|0|0,0|14|22|30|45|61|73|81|85|81|70|65|54|43|31|21|6|1|1|0|0|0|0|0|0|0|0|0|0|0|0,0|28|42|62|89|123|147|163|169|161|140|129|110|87|63|41|12|3|1|0|0|0|0|0|0|0|0|0|0|0|0,0|28|42|62|89|123|147|163|169|161|140|129|110|87|63|41|12|3|1|0|0|0|0|0|0|0|0|0|0|0|0,0|1|1|3|7|14|24|36|48|56|57|59|54|45|34|22|7|2|0|0|0|0|0|0|0|0|0|0|0|0|0,15273,14808,784
Canada,ACCII,Heavy trucks,2047,46257,364998.4630683422,2293.147109140544,0|518|762|1088|1488|1922|2299|2261|1989|1559|1089|683|454|283|166|91|47|12|3|0|0|0|0|0|0|0|0|0|0|0|0,0|518|760|1085|1481|1906|2272|2220|1934|1491|1019|621|395|234|128|66|31|8|1|1|0|0|0|0|0|0|0|0|0|0|0,0|14|22|31|46|62|83|94|97|94|86|70|59|47|34|23|14|3|2|0|0|0|0|0|0|0|0|0|0|0|0,0|28|42|63|90|124|165|186|195|190|170|138|119|95|68|45|26|7|2|0|0|0|0|0|0|0|0|0|0|0|0,0|28|42|63|90|124|165|186|195|190|170|138|119|95|68|45|26|7|2|0|0|0|0|0|0|0|0|0|0|0|0,0|1|2|3|7|15|27|41|56|67|69|63|59|49|37|25|15|4|1|0|0|0|0|0|0|0|0|0|0|0|0,16714,16171,881
Canada,ACCII,Heavy trucks,2048,46706,375285.14956295583,2547.603241593818,0|524|771|1099|1504|1942|2323|2540|2262|1800|1285|831|487|305|179|99|51|25|5|1|0|0|0|0|0|0|0|0|0|0|0,0|522|768|1096|1497|1927|2297|2493|2199|1722|1203|753|425|253|139|72|35|16|4|1|0|0|0|0|0|0|0|0|0|0|0,0|15|21|31|45|62|82|105|110|109|100|84|64|50|38|25|15|7|2|1|0|0|0|0|0|0|0|0|0|0|0,0|29|43|63|91|126|166|209|222|219|200|168|128|102|74|49|29|15|4|1|0|0|0|0|0|0|0|0|0|0|0,0|29|43|63|91|126|166|209|222|219|200|168|128|102|74|49|29|15|4|1|0|0|0|0|0|0|0|0|0|0|0,0|1|2|3|7|15|27|47|64|77|82|77|63|53|40|27|16|9|2|1|0|0|0|0|0|0|0|0|0|0|0,18033,17422,966
Canada,ACCII,Heavy trucks,2049,47155,383711.4558883382,2802.1293589530837,0|528|778|1109|1519|1961|2348|2566|2539|2045|1484|979|592|329|194|108|55|27|13|2|0|0|0|0|0|0|0|0|0|0|0,0|528|776|1107|1512|1947|2319|2520|2467|1958|1390|889|516|272|151|78|39|17|7|1|0|0|0|0|0|0|0|0|0|0|0,0|15|21|32|46|63|84|105|125|125|115|98|77|54|40|27|15|9|4|2|0|0|0|0|0|0|0|0|0|0|0,0|29|43|64|92|127|168|211|249|249|231|198|155|110|80|53|31|17|8|2|0|0|0|0|0|0|0|0|0|0|0,0|29|43|64|92|127|168|211|249|249|231|198|155|110|80|53|31|17|8|2|0|0|0|0|0|0|0|0|0|0|0,0|1|2|3|7|15|28|47|71|87|94|90|77|57|43|29|17|9|5|1|0|0|0|0|0|0|0|0|0|0|0,19176,18494,1057
Canada,ACCII,Heavy trucks,2050,47604,390669.3018189565,3049.599420290544,0|534|785|1121|1534|1981|2371|2592|2565|2296|1687|1131|698|398|209|115|60|28|13|5|0|0|0|0|0|0|0|0|0|0|0,0|532|784|1117|1527|1965|2343|2545|2494|2199|1581|1026|608|328|163|85|41|19|8|4|1|0|0|0|0|0|0|0|0|0|0,0|15|22|32|47|64|86|107|126|140|131|115|91|67|42|29|18|10|5|2|1|0|0|0|0|0|0|0|0|0|0,0|29|44|64|93|128|170|213|252|280|263|229|183|133|86|57|34|18|9|4|1|0|0|0|0|0|0|0|0|0|0,0|29|44|64|93|128|170|213|252|280|263|229|183|133|86|57|34|18|9|4|1|0|0|0|0|0|0|0|0|0|0,0|1|2|3|7|15|28|47|72|98|107|104|90|69|46|31|19|10|5|2|0|0|0|0|0|0|0|0|0|0|0,20123,19370,1150
United States,ACCII,Medium trucks,2022,711,711,0,0|0|0|0|0|0|0|0|0|0|0|0|0|0|0|0|0|0|0|0|0|0|0|0|0|0|0|0|0|0|0,0|0|0|0|0|0|0|0|0|0|0|0|0|0|0|0|0|0|0|0|0|0|0|0|0|0|0|0|0|0|0,0|0|0|0|0|0|0|0|0|0|0|0|0|0|0|0|0|0|0|0|0|0|0|0|0|0|0|0|0|0|0,0|0|0|0|0|0|0|0|0|0|0|0|0|0|0|0|0|0|0|0|0|0|0|0|0|0|0|0|0|0|0,0|0|0|0|0|0|0|0|0|0|0|0|0|0|0|0|0|0|0|0|0|0|0|0|0|0|0|0|0|0|0,0|0|0|0|0|0|0|0|0|0|0|0|0|0|0|0|0|0|0|0|0|0|0|0|0|0|0|0|0|0|0,0,0,0
United States,ACCII,Medium trucks,2023,689,1400,0,0|0|0|0|0|0|0|0|0|0|0|0|0|0|0|0|0|0|0|0|0|0|0|0|0|0|0|0|0|0|0,0|0|0|0|0|0|0|0|0|0|0|0|0|0|0|0|0|0|0|0|0|0|0|0|0|0|0|0|0|0|0,0|0|0|0|0|0|0|0|0|0|0|0|0|0|0|0|0|0|0|0|0|0|0|0|0|0|0|0|0|0|0,0|0|0|0|0|0|0|0|0|0|0|0|0|0|0|0|0|0|0|0|0|0|0|0|0|0|0|0|0|0|0,0|0|0|0|0|0|0|0|0|0|0|0|0|0|0|0|0|0|0|0|0|0|0|0|0|0|0|0|0|0|0,0|0|0|0|0|0|0|0|0|0|0|0|0|0|0|0|0|0|0|0|0|0|0|0|0|0|0|0|0|0|0,0,0,0
United States,ACCII,Medium trucks,2024,84814,86197.54801476237,0.452749472879718,0|8|0|0|0|0|0|0|0|0|0|0|0|0|0|0|0|0|0|0|0|0|0|0|0|0|0|0|0|0|0,0|8|0|0|0|0|0|0|0|0|0|0|0|0|0|0|0|0|0|0|0|0|0|0|0|0|0|0|0|0|0,0|0|0|0|0|0|0|0|0|0|0|0|0|0|0|0|0|0|0|0|0|0|0|0|0|0|0|0|0|0|0,0|0|0|0|0|0|0|0|0|0|0|0|0|0|0|0|0|0|0|0|0|0|0|0|0|0|0|0|0|0|0,0|0|0|0|0|0|0|0|0|0|0|0|0|0|0|0|0|0|0|0|0|0|0|0|0|0|0|0|0|0|0,0|0|0|0|0|0|0|0|0|0|0|0|0|0|0|0|0|0|0|0|0|0|0|0|0|0|0|0|0|0|0,8,8,0
United States,ACCII,Medium trucks,2025,139417,225574.16426973045,1.1340630249817938,0|8|12|0|0|0|0|0|0|0|0|0|0|0|0|0|0|0|0|0|0|0|0|0|0|0|0|0|0|0|0,0|8|12|0|0|0|0|0|0|0|0|0|0|0|0|0|0|0|0|0|0|0|0|0|0|0|0|0|0|0|0,0|0|1|0|0|0|0|0|0|0|0|0|0|0|0|0|0|0|0|0|0|0|0|0|0|0|0|0|0|0|0,0|0|1|0|0|0|0|0|0|0|0|0|0|0|0|0|0|0|0|0|0|0|0|0|0|0|0|0|0|0|0,0|0|1|0|0|0|0|0|0|0|0|0|0|0|0|0|0|0|0|0|0|0|0|0|0|0|0|0|0|0|0,0|0|0|0|0|0|0|0|0|0|0|0|0|0|0|0|0|0|0|0|0|0|0|0|0|0|0|0|0|0|0,20,20,1
United States,ACCII,Medium trucks,2026,151298,374850.70390836574,55.73561924207193,0|968|12|17|0|0|0|0|0|0|0|0|0|0|0|0|0|0|0|0|0|0|0|0|0|0|0|0|0|0|0,0|968|11|17|0|0|0|0|0|0|0|0|0|0|0|0|0|0|0|0|0|0|0|0|0|0|0|0|0|0|0,0|27|1|1|0|0|0|0|0|0|0|0|0|0|0|0|0|0|0|0|0|0|0|0|0|0|0|0|0|0|0,0|53|1|1|0|0|0|0|0|0|0|0|0|0|0|0|0|0|0|0|0|0|0|0|0|0|0|0|0|0|0,0|53|1|1|0|0|0|0|0|0|0|0|0|0|0|0|0|0|0|0|0|0|0|0|0|0|0|0|0|0|0,0|1|0|0|0|0|0|0|0|0|0|0|0|0|0|0|0|0|0|0|0|0|0|0|0|0|0|0|0|0|0,997,996,29
United States,ACCII,Medium trucks,2027,182535,551161.3337945313,174.3108019002755,0|1592|1439|16|24|0|0|0|0|0|0|0|0|0|0|0|0|0|0|0|0|0|0|0|0|0|0|0|0|0|0,0|1591|1437|17|23|0|0|0|0|0|0|0|0|0|0|0|0|0|0|0|0|0|0|0|0|0|0|0|0|0|0,0|43|40|1|1|0|0|0|0|0|0|0|0|0|0|0|0|0|0|0|0|0|0|0|0|0|0|0|0|0|0,0|87|80|1|1|0|0|0|0|0|0|0|0|0|0|0|0|0|0|0|0|0|0|0|0|0|0|0|0|0|0,0|87|80|1|1|0|0|0|0|0|0|0|0|0|0|0|0|0|0|0|0|0|0|0|0|0|0|0|0|0|0,0|2|3|0|0|0|0|0|0|0|0|0|0|0|0|0|0|0|0|0|0|0|0|0|0|0|0|0|0|0|0,3071,3068,85
United States,ACCII,Medium trucks,2028,226022,764574.78180899,362.2144534589497,0|1728|2366|2076|23|30|0|0|0|0|0|0|0|0|0|0|0|0|0|0|0|0|0|0|0|0|0|0|0|0|0,0|1727|2361|2069|23|31|0|0|0|0|0|0|0|0|0|0|0|0|0|0|0|0|0|0|0|0|0|0|0|0|0,0|46|66|59|1|2|0|0|0|0|0|0|0|0|0|0|0|0|0|0|0|0|0|0|0|0|0|0|0|0|0,0|94|132|119|1|2|0|0|0|0|0|0|0|0|0|0|0|0|0|0|0|0|0|0|0|0|0|0|0|0|0,0|94|132|119|1|2|0|0|0|0|0|0|0|0|0|0|0|0|0|0|0|0|0|0|0|0|0|0|0|0|0,0|2|5|6|0|0|0|0|0|0|0|0|0|0|0|0|0|0|0|0|0|0|0|0|0|0|0|0|0|0|0,6223,6211,174
United States,ACCII,Medium trucks,2029,259666,1001956.1817518844,663.2609563899377,0|2085|2567|3412|2869|30|38|0|0|0|0|0|0|0|0|0|0|0|0|0|0|0|0|0|0|0|0|0|0|0|0,0|2081|2563|3402|2854|29|38|0|0|0|0|0|0|0|0|0|0|0|0|0|0|0|0|0|0|0|0|0|0|0|0,0|58|71|98|87|2|1|0|0|0|0|0|0|0|0|0|0|0|0|0|0|0|0|0|0|0|0|0|0|0|0,0|114|143|196|173|2|3|0|0|0|0|0|0|0|0|0|0|0|0|0|0|0|0|0|0|0|0|0|0|0|0,0|114|143|196|173|2|3|0|0|0|0|0|0|0|0|0|0|0|0|0|0|0|0|0|0|0|0|0|0|0|0,0|3|5|11|14|0|0|0|0|0|0|0|0|0|0|0|0|0|0|0|0|0|0|0|0|0|0|0|0|0|0,11001,10967,317
United States,ACCII,Medium trucks,2030,306909,1272575.634214835,1132.0951335113434,0|2581|3097|3702|4716|3740|37|42|0|0|0|0|0|0|0|0|0|0|0|0|0|0|0|0|0|0|0|0|0|0|0,0|2578|3091|3691|4693|3712|36|42|0|0|0|0|0|0|0|0|0|0|0|0|0|0|0|0|0|0|0|0|0|0|0,0|71|86|107|143|122|1|1|0|0|0|0|0|0|0|0|0|0|0|0|0|0|0|0|0|0|0|0|0|0|0,0|141|172|213|285|242|3|3|0|0|0|0|0|0|0|0|0|0|0|0|0|0|0|0|0|0|0|0|0|0|0,0|141|172|213|285|242|3|3|0|0|0|0|0|0|0|0|0|0|0|0|0|0|0|0|0|0|0|0|0|0|0,0|3|6|11|23|28|0|1|0|0|0|0|0|0|0|0|0|0|0|0|0|0|0|0|0|0|0|0|0|0|0,17915,17843,531
United States,ACCII,Medium trucks,2031,369950,1587560.8645249172,1822.4221828799725,0|2966|3835|4467|5118|6150|4523|41|42|0|0|0|0|0|0|0|0|0|0|0|0|0|0|0|0|0|0|0|0|0|0,0|2961|3828|4453|5093|6103|4470|40|40|0|0|0|0|0|0|0|0|0|0|0|0|0|0|0|0|0|0|0|0|0|0,0|82|107|129|155|198|162|1|2|0|0|0|0|0|0|0|0|0|0|0|0|0|0|0|0|0|0|0|0|0|0,0|162|213|257|309|398|324|3|4|0|0|0|0|0|0|0|0|0|0|0|0|0|0|0|0|0|0|0|0|0|0,0|162|213|257|309|398|324|3|4|0|0|0|0|0|0|0|0|0|0|0|0|0|0|0|0|0|0|0|0|0|0,0|4|8|14|25|47|53|1|1|0|0|0|0|0|0|0|0|0|0|0|0|0|0|0|0|0|0|0|0|0|0,27142,26988,836
United States,ACCII,Medium trucks,2032,416812,1925809.193272419,2803.790802227165,0|3505|4406|5531|6175|6673|7435|4997|40|38|0|0|0|0|0|0|0|0|0|0|0|0|0|0|0|0|0|0|0|0|0,0|3501|4397|5515|6144|6623|7348|4905|40|36|0|0|0|0|0|0|0|0|0|0|0|0|0|0|0|0|0|0|0|0|0,0|95|123|158|187|216|267|205|2|3|0|0|0|0|0|0|0|0|0|0|0|0|0|0|0|0|0|0|0|0|0,0|191|245|318|373|432|533|411|4|5|0|0|0|0|0|0|0|0|0|0|0|0|0|0|0|0|0|0|0|0|0,0|191|245|318|373|432|533|411|4|5|0|0|0|0|0|0|0|0|0|0|0|0|0|0|0|0|0|0|0|0|0,0|4|9|17|30|51|88|92|1|2|0|0|0|0|0|0|0|0|0|0|0|0|0|0|0|0|0|0|0|0|0,38800,38509,1256
United States,ACCII,Medium trucks,2033,481549,2300413.0853222436,4143.90120803501,0|4225|5207|6355|7645|8051|8069|8213|4995|37|31|0|0|0|0|0|0|0|0|0|0|0|0|0|0|0|0|0|0|0|0,0|4221|5197|6334|7608|7989|7973|8063|4854|35|29|0|0|0|0|0|0|0|0|0|0|0|0|0|0|0|0|0|0|0|0,0|114|146|183|231|261|290|337|246|2|3|0|0|0|0|0|0|0|0|0|0|0|0|0|0|0|0|0|0|0|0,0|230|290|365|461|521|578|675|490|4|5|0|0|0|0|0|0|0|0|0|0|0|0|0|0|0|0|0|0|0|0,0|230|290|365|461|521|578|675|490|4|5|0|0|0|0|0|0|0|0|0|0|0|0|0|0|0|0|0|0|0|0,0|5|10|20|37|61|95|150|141|2|2|0|0|0|0|0|0|0|0|0|0|0|0|0|0|0|0|0|0|0|0,52828,52303,1813
United States,ACCII,Medium trucks,2034,542203,2703513.1327404864,5877.386800600737,0|4761|6277|7511|8783|9970|9735|8912|8211|4519|30|23|0|0|0|0|0|0|0|0|0|0|0|0|0|0|0|0|0|0|0,0|4754|6264|7487|8741|9894|9620|8750|7981|4325|28|22|0|0|0|0|0|0|0|0|0|0|0|0|0|0|0|0|0|0|0,0|129|175|216|266|322|349|366|402|274|3|3|0|0|0|0|0|0|0|0|0|0|0|0|0|0|0|0|0|0|0,0|259|349|432|530|646|697|732|806|550|5|5|0|0|0|0|0|0|0|0|0|0|0|0|0|0|0|0|0|0|0,0|259|349|432|530|646|697|732|806|550|5|5|0|0|0|0|0|0|0|0|0|0|0|0|0|0|0|0|0|0|0,0|6|12|23|43|76|115|163|231|193|2|2|0|0|0|0|0|0|0|0|0|0|0|0|0|0|0|0|0|0|0,68732,67866,2505
United States,ACCII,Medium trucks,2035,605574,3134330.950174971,8031.289342342097,0|5500|7072|9054|10380|11453|12055|10753|8910|7427|3726|23|17|0|0|0|0|0|0|0|0|0|0|0|0|0|0|0|0|0|0,0|5493|7058|9025|10331|11367|11912|10556|8659|7109|3490|21|14|0|0|0|0|0|0|0|0|0|0|0|0|0|0|0|0|0|0,0|150|198|260|314|370|432|442|438|452|290|3|2|0|0|0|0|0|0|0|0|0|0|0|0|0|0|0|0|0|0,0|300|394|520|626|742|864|884|874|904|580|5|4|0|0|0|0|0|0|0|0|0|0|0|0|0|0|0|0|0|0,0|300|394|520|626|742|864|884|874|904|580|5|4|0|0|0|0|0|0|0|0|0|0|0|0|0|0|0|0|0|0,0|7|14|28|50|87|143|197|251|317|237|2|2|0|0|0|0|0|0|0|0|0|0|0|0|0|0|0|0|0|0,86370,85035,3351
United States,ACCII,Medium trucks,2036,643830,3564593.928452147,10597.18190331601,0|6192|8171|10200|12514|13536|13849|13316|10751|8059|6126|2840|16|11|0|0|0|0|0|0|0|0|0|0|0|0|0|0|0|0|0,0|6185|8155|10168|12454|13434|13685|13071|10448|7715|5736|2578|14|10|0|0|0|0|0|0|0|0|0|0|0|0|0|0|0|0|0,0|169|227|294|377|439|496|546|527|491|477|286|2|2|0|0|0|0|0|0|0|0|0|0|0|0|0|0|0|0|0,0|337|455|586|755|877|992|1094|1055|981|953|574|4|4|0|0|0|0|0|0|0|0|0|0|0|0|0|0|0|0|0,0|337|455|586|755|877|992|1094|1055|981|953|574|4|4|0|0|0|0|0|0|0|0|0|0|0|0|0|0|0|0|0,0|8|16|32|61|103|164|244|303|344|390|262|2|2|0|0|0|0|0|0|0|0|0|0|0|0|0|0|0|0|0,105581,103653,4333
United States,ACCII,Medium trucks,2037,683110,3992134.9837727034,13548.325640615127,0|6917|9200|11784|14099|16317|16369|15296|13311|9723|6648|4668|2025|11|8|0|0|0|0|0|0|0|0|0|0|0|0|0|0|0|0,0|6907|9182|11748|14031|16193|16175|15017|12936|9308|6226|4237|1763|9|6|0|0|0|0|0|0|0|0|0|0|0|0|0|0|0|0,0|189|256|339|425|529|587|629|654|592|517|472|265|2|1|0|0|0|0|0|0|0|0|0|0|0|0|0|0|0|0,0|377|512|677|851|1057|1173|1257|1306|1184|1035|944|531|4|3|0|0|0|0|0|0|0|0|0|0|0|0|0|0|0|0,0|377|512|677|851|1057|1173|1257|1306|1184|1035|944|531|4|3|0|0|0|0|0|0|0|0|0|0|0|0|0|0|0|0,0|9|18|36|68|124|194|280|375|415|423|431|262|2|2|0|0|0|0|0|0|0|0|0|0|0|0|0|0|0|0,126376,123738,5457
United States,ACCII,Medium trucks,2038,722666,4414552.042618236,16827.739814667606,0|7353|10275|13269|16289|18384|19730|18081|15292|12039|8020|5066|3329|1363|7|3|0|0|0|0|0|0|0|0|0|0|0|0|0|0|0,0|7344|10256|13228|16210|18245|19497|17749|14862|11525|7510|4598|2897|1125|6|3|0|0|0|0|0|0|0|0|0|0|0|0|0|0|0,0|201|286|381|491|595|707|742|750|733|624|512|438|228|1|2|0|0|0|0|0|0|0|0|0|0|0|0|0|0|0,0|401|572|763|983|1191|1413|1486|1500|1465|1248|1024|874|456|3|2|0|0|0|0|0|0|0|0|0|0|0|0|0|0|0,0|401|572|763|983|1191|1413|1486|1500|1465|1248|1024|874|456|3|2|0|0|0|0|0|0|0|0|0|0|0|0|0|0|0,0|9|20|41|79|139|233|331|430|514|510|468|431|237|2|1|0|0|0|0|0|0|0|0|0|0|0|0|0|0|0,148500,145055,6691
United States,ACCII,Medium trucks,2039,764000,4831213.643295798,20385.314280966864,0|7802|10925|14820|18341|21239|22230|21793|18075|13832|9931|6111|3613|2240|867|3|3|0|0|0|0|0|0|0|0|0|0|0|0|0|0,0|7792|10903|14774|18252|21078|21967|21395|17566|13241|9299|5548|3144|1850|675|3|1|0|0|0|0|0|0|0|0|0|0|0|0|0|0,0|213|304|426|553|688|796|895|887|842|774|618|474|375|178|2|1|0|0|0|0|0|0|0|0|0|0|0|0|0|0,0|425|608|852|1107|1376|1592|1791|1773|1684|1546|1236|948|749|358|2|1|0|0|0|0|0|0|0|0|0|0|0|0|0|0,0|425|608|852|1107|1376|1592|1791|1773|1684|1546|1236|948|749|358|2|1|0|0|0|0|0|0|0|0|0|0|0|0|0|0,0|10|22|46|89|161|263|399|509|591|632|564|468|390|193|1|1|0|0|0|0|0|0|0|0|0|0|0|0|0|0,171825,167488,8026
United States,ACCII,Medium trucks,2040,807250,5242147.020238509,24178.108493436357,0|8253|11591|15756|20484|23914|25683|24554|21787|16348|11410|7567|4358|2430|1425|521|3|0|0|0|0|0|0|0|0|0|0|0|0|0|0,0|8243|11568|15707|20384|23732|25379|24104|21174|15651|10683|6869|3794|2008|1108|379|1|1|0|0|0|0|0|0|0|0|0|0|0|0|0,0|226|323|454|618|775|920|1010|1070|994|888|766|572|407|295|127|1|1|0|0|0|0|0|0|0|0|0|0|0|0|0,0|450|645|906|1236|1549|1840|2018|2138|1990|1776|1530|1144|813|589|255|1|1|0|0|0|0|0|0|0|0|0|0|0|0|0,0|450|645|906|1236|1549|1840|2018|2138|1990|1776|1530|1144|813|589|255|1|1|0|0|0|0|0|0|0|0|0|0|0|0|0,0|10|23|49|99|181|304|450|613|698|726|699|564|423|317|141|1|0|0|0|0|0|0|0|0|0|0|0|0|0|0,196084,190785,9447
United States,ACCII,Medium trucks,2041,816937,5612612.288782611,28176.687594143492,0|8726|12263|16718|21778|26709|28918|28369|24547|19706|13485|8695|5397|2933|1546|854|293|0|0|0|0|0|0|0|0|0|0|0|0|0|0,0|8715|12238|16665|21672|26507|28576|27848|23857|18865|12628|7892|4698|2422|1203|624|200|1|1|0|0|0|0|0|0|0|0|0|0|0|0,0|238|341|481|658|866|1036|1165|1204|1199|1049|878|708|491|319|210|82|1|0|0|0|0|0|0|0|0|0|0|0|0|0,0|476|683|961|1314|1730|2072|2331|2408|2399|2099|1758|1416|981|639|420|164|1|0|0|0|0|0|0|0|0|0|0|0|0|0,0|476|683|961|1314|1730|2072|2331|2408|2399|2099|1758|1416|981|639|420|164|1|0|0|0|0|0|0|0|0|0|0|0|0|0,0|11|24|52|106|203|342|520|691|841|858|803|699|510|344|231|92|0|0|0|0|0|0|0|0|0|0|0|0|0|0,220937,214612,10926
United States,ACCII,Medium trucks,2042,824816,5940452.194685466,32358.43110852153,0|9220|12964|17685|23106|28397|32297|31941|28360|22203|16254|10277|6200|3632|1866|927|479|153|0|0|0|0|0|0|0|0|0|0|0|0|0,0|9209|12938|17631|22994|28181|31915|31355|27563|21255|15221|9328|5398|3000|1451|677|329|100|1|0|0|0|0|0|0|0|0|0|0|0|0,0|250|362|509|698|919|1158|1313|1390|1351|1266|1038|813|607|385|227|135|47|0|0|0|0|0|0|0|0|0|0|0|0|0,0|502|722|1017|1394|1839|2314|2625|2782|2703|2530|2078|1627|1215|771|455|269|95|0|0|0|0|0|0|0|0|0|0|0|0|0,0|502|722|1017|1394|1839|2314|2625|2782|2703|2530|2078|1627|1215|771|455|269|95|0|0|0|0|0|0|0|0|0|0|0|0|0,0|12|26|55|112|215|382|585|798|948|1034|949|803|632|415|251|150|53|0|0|0|0|0|0|0|0|0|0|0|0|0,245961,238546,12468
United States,ACCII,Medium trucks,2043,833181,6227415.956585586,36671.67407339084,0|9331|13697|18697|24446|30130|34338|35674|31932|25650|18313|12387|7328|4173|2311|1118|520|253|74|0|0|0|0|0|0|0|0|0|0|0|0,0|9318|13670|18640|24326|29901|33932|35021|31034|24555|17149|11243|6380|3446|1796|816|358|164|47|0|0|0|0|0|0|0|0|0|0|0|0,0|254|382|537|737|975|1230|1465|1567|1562|1426|1253|961|698|477|275|146|78|26|0|0|0|0|0|0|0|0|0|0|0|0,0|508|762|1075|1475|1951|2460|2931|3133|3122|2850|2505|1923|1396|955|549|292|156|50|0|0|0|0|0|0|0|0|0|0|0|0,0|508|762|1075|1475|1951|2460|2931|3133|3122|2850|2505|1923|1396|955|549|292|156|50|0|0|0|0|0|0|0|0|0|0|0|0,0|12|27|58|119|229|406|653|899|1095|1165|1144|949|726|514|303|163|88|28|0|0|0|0|0|0|0|0|0|0|0|0,270372,261796,14049
United States,ACCII,Medium trucks,2044,841572,6475852.492343955,41058.02310912397,0|9420|13862|19755|25843|31874|36433|37928|35665|28882|21159|13956|8834|4931|2655|1385|629|273|124|35|0|0|0|0|0|0|0|0|0|0|0,0|9408|13835|19695|25718|31632|36001|37233|34661|27648|19812|12668|7690|4073|2063|1011|431|178|77|21|0|0|0|0|0|0|0|0|0|0|0,0|257|386|568|779|1032|1306|1559|1749|1758|1647|1410|1158|826|549|340|176|85|42|12|0|0|0|0|0|0|0|0|0|0|0,0|513|772|1136|1559|2064|2610|3117|3499|3516|3293|2822|2318|1650|1097|680|352|169|82|24|0|0|0|0|0|0|0|0|0|0|0,0|513|772|1136|1559|2064|2610|3117|3499|3516|3293|2822|2318|1650|1097|680|352|169|82|24|0|0|0|0|0|0|0|0|0|0|0,0|12|27|61|125|242|431|695|1004|1233|1346|1288|1144|858|591|375|197|95|47|14|0|0|0|0|0|0|0|0|0|0|0,293643,283855,15639
United States,ACCII,Medium trucks,2045,849258,6688212.975208255,45440.021638460064,0|9516|13997|19992|27306|33698|38542|40242|37917|32257|23824|16124|9951|5944|3137|1592|778|330|135|58|15|0|0|0|0|0|0|0|0|0|0,0|9505|13968|19930|27173|33441|38087|39505|36851|30881|22308|14635|8664|4910|2439|1161|534|215|84|35|10|0|0|0|0|0|0|0|0|0|0,0|259|389|575|823|1091|1381|1653|1860|1962|1854|1630|1306|995|649|390|218|102|45|20|5|0|0|0|0|0|0|0|0|0|0,0|519|779|1149|1647|2183|2761|3307|3720|3926|3708|3260|2612|1989|1297|782|436|204|89|40|11|0|0|0|0|0|0|0|0|0|0,0|519|779|1149|1647|2183|2761|3307|3720|3926|3708|3260|2612|1989|1297|782|436|204|89|40|11|0|0|0|0|0|0|0|0|0|0,0|12|28|62|132|256|456|737|1067|1377|1515|1489|1288|1034|698|430|244|115|51|23|6|0|0|0|0|0|0|0|0|0|0,315355,304336,17207
United States,ACCII,Medium trucks,2046,856721,6868062.552339902,49728.14715513928,0|9611|14138|20184|27634|35604|40748|42572|40231|34295|26607|18154|11497|6697|3782|1881|893|409|162|63|25|6|0|0|0|0|0|0|0|0|0,0|9600|14110|20123|27500|35334|40265|41791|39099|32831|24915|16479|10009|5532|2940|1372|614|266|102|38|15|4|0|0|0|0|0|0|0|0|0,0|262|393|580|833|1154|1459|1750|1973|2086|2071|1835|1510|1121|781|462|251|127|54|22|10|3|0|0|0|0|0|0|0|0|0,0|524|787|1160|1667|2306|2919|3498|3947|4174|4141|3671|3018|2241|1563|924|501|253|108|44|18|5|0|0|0|0|0|0|0|0|0,0|524|787|1160|1667|2306|2919|3498|3947|4174|4141|3671|3018|2241|1563|924|501|253|108|44|18|5|0|0|0|0|0|0|0|0|0,0|12|28|62|134|270|482|780|1132|1464|1692|1676|1489|1165|841|509|280|143|61|25|11|3|0|0|0|0|0|0|0|0|0,335193,322939,18737
United States,ACCII,Medium trucks,2047,863719,7019207.0676642805,53832.28428090876,0|9699|14280|20390|27900|36032|43054|45006|42560|36387|28288|20276|12946|7737|4260|2267|1056|470|201|76|28|11|2|0|0|0|0|0|0|0|0,0|9687|14252|20327|27765|35759|42544|44182|41363|34834|26489|18404|11270|6391|3313|1653|725|305|126|46|16|7|1|0|0|0|0|0|0|0|0,0|265|397|586|841|1166|1542|1850|2088|2215|2202|2050|1698|1295|881|558|297|146|67|27|10|4|2|0|0|0|0|0|0|0|0,0|529|795|1172|1683|2334|3084|3698|4176|4429|4402|4100|3398|2589|1761|1114|593|290|133|53|20|8|2|0|0|0|0|0|0|0|0,0|529|795|1172|1683|2334|3084|3698|4176|4429|4402|4100|3398|2589|1761|1114|593|290|133|53|20|8|2|0|0|0|0|0|0|0|0,0|12|28|63|135|273|509|824|1198|1554|1799|1872|1676|1346|948|613|331|164|76|30|11|5|1|0|0|0|0|0|0|0|0,352926,339459,20187
United States,ACCII,Medium trucks,2048,874093,7149616.341207608,57671.5237428945,0|9784|14410|20596|28184|36379|43570|47554|44994|38496|30015|21557|14459|8712|4922|2555|1273|556|231|93|34|12|5|1|0|0|0|0|0|0|0,0|9772|14381|20531|28046|36104|43055|46684|43729|36851|28106|19567|12587|7196|3828|1863|874|362|145|57|20|7|3|1|0|0|0|0|0|0|0,0|267|402|592|850|1178|1561|1954|2207|2342|2335|2179|1897|1457|1017|627|358|171|77|33|12|5|1|1|0|0|0|0|0|0|0,0|533|802|1184|1700|2356|3121|3908|4415|4686|4671|4359|3795|2915|2035|1255|714|343|153|65|24|9|3|1|0|0|0|0|0|0|0,0|533|802|1184|1700|2356|3121|3908|4415|4686|4671|4359|3795|2915|2035|1255|714|343|153|65|24|9|3|1|0|0|0|0|0|0|0,0|12|28|64|137|276|515|871|1266|1644|1909|1990|1872|1515|1095|691|399|194|87|37|14|5|2|1|0|0|0|0|0|0|0,368392,353769,21523
United States,ACCII,Medium trucks,2049,883169,7262695.5129725365,61180.48958177985,0|9864|14537|20783|28467|36748|43990|48126|47542|40696|31754|22872|15373|9730|5542|2950|1435|668|274|108|43|15|5|2|0|0|0|0|0|0|0,0|9852|14508|20720|28328|36470|43471|47244|46203|38958|29733|20761|13382|8037|4310|2153|985|436|170|66|25|9|3|1|0|0|0|0|0|0|0,0|270|405|597|859|1190|1575|1977|2332|2478|2470|2313|2017|1627|1145|725|403|207|91|37|14|5|2|1|0|0|0|0|0|0|0,0|538|809|1195|1717|2380|3151|3955|4664|4954|4942|4625|4035|3255|2291|1449|805|413|181|75|30|11|4|1|0|0|0|0|0|0|0,0|538|809|1195|1717|2380|3151|3955|4664|4954|4942|4625|4035|3255|2291|1449|805|413|181|75|30|11|4|1|0|0|0|0|0|0|0,0|12|29|64|138|279|520|882|1338|1738|2020|2112|1990|1692|1233|798|450|233|103|43|17|6|2|1|0|0|0|0|0|0|0,381524,365825,22740
United States,ACCII,Medium trucks,2050,896089,7366708.156934103,64316.29172168765,0|9983|14656|20966|28726|37119|44437|48590|48112|43000|33569|24197|16310|10344|6191|3323|1658|753|330|127|48|19|6|2|0|0|0|0|0|0|0,0|9971|14627|20901|28588|36836|43911|47699|46758|41163|31433|21962|14198|8545|4813|2424|1137|491|205|77|28|10|4|1|1|0|0|0|0|0|0,0|272|408|603|867|1202|1591|1997|2360|2618|2612|2447|2141|1731|1279|816|466|234|110|44|18|7|3|2|1|0|0|0|0|0|0,0|544|816|1205|1733|2404|3183|3993|4720|5234|5224|4893|4281|3461|2559|1632|930|466|218|88|34|13|5|2|1|0|0|0|0|0|0,0|544|816|1205|1733|2404|3183|3993|4720|5234|5224|4893|4281|3461|2559|1632|930|466|218|88|34|13|5|2|1|0|0|0|0|0|0,0|13|29|65|139|282|525|890|1354|1836|2135|2234|2112|1799|1377|899|520|263|124|50|20|8|3|1|0|0|0|0|0|0|0,392466,375783,23829
United States,ACCII,Heavy trucks,2022,192,192,0,0|0|0|0|0|0|0|0|0|0|0|0|0|0|0|0|0|0|0|0|0|0|0|0|0|0|0|0|0|0|0,0|0|0|0|0|0|0|0|0|0|0|0|0|0|0|0|0|0|0|0|0|0|0|0|0|0|0|0|0|0|0,0|0|0|0|0|0|0|0|0|0|0|0|0|0|0|0|0|0|0|0|0|0|0|0|0|0|0|0|0|0|0,0|0|0|0|0|0|0|0|0|0|0|0|0|0|0|0|0|0|0|0|0|0|0|0|0|0|0|0|0|0|0,0|0|0|0|0|0|0|0|0|0|0|0|0|0|0|0|0|0|0|0|0|0|0|0|0|0|0|0|0|0|0,0|0|0|0|0|0|0|0|0|0|0|0|0|0|0|0|0|0|0|0|0|0|0|0|0|0|0|0|0|0|0,0,0,0
United States,ACCII,Heavy trucks,2023,756,948,0,0|0|0|0|0|0|0|0|0|0|0|0|0|0|0|0|0|0|0|0|0|0|0|0|0|0|0|0|0|0|0,0|0|0|0|0|0|0|0|0|0|0|0|0|0|0|0|0|0|0|0|0|0|0|0|0|0|0|0|0|0|0,0|0|0|0|0|0|0|0|0|0|0|0|0|0|0|0|0|0|0|0|0|0|0|0|0|0|0|0|0|0|0,0|0|0|0|0|0|0|0|0|0|0|0|0|0|0|0|0|0|0|0|0|0|0|0|0|0|0|0|0|0|0,0|0|0|0|0|0|0|0|0|0|0|0|0|0|0|0|0|0|0|0|0|0|0|0|0|0|0|0|0|0|0,0|0|0|0|0|0|0|0|0|0|0|0|0|0|0|0|0|0|0|0|0|0|0|0|0|0|0|0|0|0|0,0,0,0
United States,ACCII,Heavy trucks,2024,9312,10255.557269809247,0.12226146103080993,0|2|0|0|0|0|0|0|0|0|0|0|0|0|0|0|0|0|0|0|0|0|0|0|0|0|0|0|0|0|0,0|2|0|0|0|0|0|0|0|0|0|0|0|0|0|0|0|0|0|0|0|0|0|0|0|0|0|0|0|0|0,0|0|0|0|0|0|0|0|0|0|0|0|0|0|0|0|0|0|0|0|0|0|0|0|0|0|0|0|0|0|0,0|0|0|0|0|0|0|0|0|0|0|0|0|0|0|0|0|0|0|0|0|0|0|0|0|0|0|0|0|0|0,0|0|0|0|0|0|0|0|0|0|0|0|0|0|0|0|0|0|0|0|0|0|0|0|0|0|0|0|0|0|0,0|0|0|0|0|0|0|0|0|0|0|0|0|0|0|0|0|0|0|0|0|0|0|0|0|0|0|0|0|0|0,2,2,0
United States,ACCII,Heavy trucks,2025,20351,30582.463966315092,0.6691709643366289,0|8|3|0|0|0|0|0|0|0|0|0|0|0|0|0|0|0|0|0|0|0|0|0|0|0|0|0|0|0|0,0|9|3|0|0|0|0|0|0|0|0|0|0|0|0|0|0|0|0|0|0|0|0|0|0|0|0|0|0|0|0,0|0|0|0|0|0|0|0|0|0|0|0|0|0|0|0|0|0|0|0|0|0|0|0|0|0|0|0|0|0|0,0|0|0|0|0|0|0|0|0|0|0|0|0|0|0|0|0|0|0|0|0|0|0|0|0|0|0|0|0|0|0,0|0|0|0|0|0|0|0|0|0|0|0|0|0|0|0|0|0|0|0|0|0|0|0|0|0|0|0|0|0|0,0|0|0|0|0|0|0|0|0|0|0|0|0|0|0|0|0|0|0|0|0|0|0|0|0|0|0|0|0|0|0,11,12,0
United States,ACCII,Heavy trucks,2026,30592,60923.48593164141,6.953658625210872,0|107|12|4|0|0|0|0|0|0|0|0|0|0|0|0|0|0|0|0|0|0|0|0|0|0|0|0|0|0|0,0|107|13|5|0|0|0|0|0|0|0|0|0|0|0|0|0|0|0|0|0|0|0|0|0|0|0|0|0|0|0,0|2|1|0|0|0|0|0|0|0|0|0|0|0|0|0|0|0|0|0|0|0|0|0|0|0|0|0|0|0|0,0|6|1|0|0|0|0|0|0|0|0|0|0|0|0|0|0|0|0|0|0|0|0|0|0|0|0|0|0|0|0,0|6|1|0|0|0|0|0|0|0|0|0|0|0|0|0|0|0|0|0|0|0|0|0|0|0|0|0|0|0|0,0|0|0|0|0|0|0|0|0|0|0|0|0|0|0|0|0|0|0|0|0|0|0|0|0|0|0|0|0|0|0,123,125,3
United States,ACCII,Heavy trucks,2027,37293,97374.84675174239,23.609899365000427,0|232|158|18|6|0|0|0|0|0|0|0|0|0|0|0|0|0|0|0|0|0|0|0|0|0|0|0|0|0|0,0|232|157|18|7|0|0|0|0|0|0|0|0|0|0|0|0|0|0|0|0|0|0|0|0|0|0|0|0|0|0,0|7|5|1|0|0|0|0|0|0|0|0|0|0|0|0|0|0|0|0|0|0|0|0|0|0|0|0|0|0|0,0|13|9|1|0|0|0|0|0|0|0|0|0|0|0|0|0|0|0|0|0|0|0|0|0|0|0|0|0|0|0,0|13|9|1|0|0|0|0|0|0|0|0|0|0|0|0|0|0|0|0|0|0|0|0|0|0|0|0|0|0|0,0|0|0|0|0|0|0|0|0|0|0|0|0|0|0|0|0|0|0|0|0|0|0|0|0|0|0|0|0|0|0,414,414,13
United States,ACCII,Heavy trucks,2028,45647,141083.8429733514,55.46766527645807,0|349|346|228|25|8|0|0|0|0|0|0|0|0|0|0|0|0|0|0|0|0|0|0|0|0|0|0|0|0|0,0|349|345|227|25|9|0|0|0|0|0|0|0|0|0|0|0|0|0|0|0|0|0|0|0|0|0|0|0|0|0,0|9|9|7|2|1|0|0|0|0|0|0|0|0|0|0|0|0|0|0|0|0|0|0|0|0|0|0|0|0|0,0|19|19|13|2|1|0|0|0|0|0|0|0|0|0|0|0|0|0|0|0|0|0|0|0|0|0|0|0|0|0,0|19|19|13|2|1|0|0|0|0|0|0|0|0|0|0|0|0|0|0|0|0|0|0|0|0|0|0|0|0|0,0|0|1|1|0|0|0|0|0|0|0|0|0|0|0|0|0|0|0|0|0|0|0|0|0|0|0|0|0|0|0,956,955,28
United States,ACCII,Heavy trucks,2029,53219,190653.26606072191,107.635685040561,0|427|519|499|315|32|10|0|0|0|0|0|0|0|0|0|0|0|0|0|0|0|0|0|0|0|0|0|0|0|0,0|425|518|496|314|33|10|0|0|0|0|0|0|0|0|0|0|0|0|0|0|0|0|0|0|0|0|0|0|0|0,0|11|15|15|9|2|1|0|0|0|0|0|0|0|0|0|0|0|0|0|0|0|0|0|0|0|0|0|0|0|0,0|23|29|29|19|2|1|0|0|0|0|0|0|0|0|0|0|0|0|0|0|0|0|0|0|0|0|0|0|0|0,0|23|29|29|19|2|1|0|0|0|0|0|0|0|0|0|0|0|0|0|0|0|0|0|0|0|0|0|0|0|0,0|1|1|2|2|0|0|0|0|0|0|0|0|0|0|0|0|0|0|0|0|0|0|0|0|0|0|0|0|0|0,1802,1796,53
United States,ACCII,Heavy trucks,2030,55993,240461.24202274912,189.98391851152482,0|522|632|749|687|411|40|11|0|0|0|0|0|0|0|0|0|0|0|0|0|0|0|0|0|0|0|0|0|0|0,0|520|632|746|685|408|40|11|0|0|0|0|0|0|0|0|0|0|0|0|0|0|0|0|0|0|0|0|0|0|0,0|14|17|21|22|13|1|1|0|0|0|0|0|0|0|0|0|0|0|0|0|0|0|0|0|0|0|0|0|0|0,0|28|35|43|42|27|3|1|0|0|0|0|0|0|0|0|0|0|0|0|0|0|0|0|0|0|0|0|0|0|0,0|28|35|43|42|27|3|1|0|0|0|0|0|0|0|0|0|0|0|0|0|0|0|0|0|0|0|0|0|0|0,0|1|1|2|3|3|0|0|0|0|0|0|0|0|0|0|0|0|0|0|0|0|0|0|0|0|0|0|0|0|0,3052,3042,89
United States,ACCII,Heavy trucks,2031,72505,303285.5609015537,313.57069095288824,0|608|775|912|1035|897|497|45|10|0|0|0|0|0|0|0|0|0|0|0|0|0|0|0|0|0|0|0|0|0|0,0|607|773|910|1030|891|491|44|11|0|0|0|0|0|0|0|0|0|0|0|0|0|0|0|0|0|0|0|0|0|0,0|17|21|26|30|30|18|2|1|0|0|0|0|0|0|0|0|0|0|0|0|0|0|0|0|0|0|0|0|0|0,0|33|43|52|62|58|36|4|1|0|0|0|0|0|0|0|0|0|0|0|0|0|0|0|0|0|0|0|0|0|0,0|33|43|52|62|58|36|4|1|0|0|0|0|0|0|0|0|0|0|0|0|0|0|0|0|0|0|0|0|0|0,0|1|2|3|5|7|6|1|0|0|0|0|0|0|0|0|0|0|0|0|0|0|0|0|0|0|0|0|0|0|0,4779,4757,145
United States,ACCII,Heavy trucks,2032,83570,372763.68886174844,488.24743414127954,0|640|902|1117|1261|1349|1086|548|44|10|0|0|0|0|0|0|0|0|0|0|0|0|0|0|0|0|0|0|0|0|0,0|639|901|1113|1256|1339|1073|538|43|9|0|0|0|0|0|0|0|0|0|0|0|0|0|0|0|0|0|0|0|0|0,0|17|26|32|38|43|38|23|2|1|0|0|0|0|0|0|0|0|0|0|0|0|0|0|0|0|0|0|0|0|0,0|35|50|64|76|87|78|45|4|1|0|0|0|0|0|0|0|0|0|0|0|0|0|0|0|0|0|0|0|0|0,0|35|50|64|76|87|78|45|4|1|0|0|0|0|0|0|0|0|0|0|0|0|0|0|0|0|0|0|0|0|0,0|1|2|3|6|10|13|10|1|0|0|0|0|0|0|0|0|0|0|0|0|0|0|0|0|0|0|0|0|0|0,6957,6911,220
United States,ACCII,Heavy trucks,2033,95102,448233.4210052646,733.8489204139845,0|828|950|1303|1544|1645|1631|1199|549|41|9|0|0|0|0|0|0|0|0|0|0|0|0|0|0|0|0|0|0|0|0,0|827|948|1298|1536|1632|1612|1178|533|38|7|0|0|0|0|0|0|0|0|0|0|0|0|0|0|0|0|0|0|0|0,0|23|27|37|47|53|59|49|26|3|1|0|0|0|0|0|0|0|0|0|0|0|0|0|0|0|0|0|0|0|0,0|45|53|75|93|107|117|99|54|5|1|0|0|0|0|0|0|0|0|0|0|0|0|0|0|0|0|0|0|0|0,0|45|53|75|93|107|117|99|54|5|1|0|0|0|0|0|0|0|0|0|0|0|0|0|0|0|0|0|0|0|0,0|1|2|4|7|12|19|22|15|2|1|0|0|0|0|0|0|0|0|0|0|0|0|0|0|0|0|0|0|0|0,9699,9609,325
United States,ACCII,Heavy trucks,2034,106710,528845.0543271672,1059.310554140503,0|954|1229|1370|1800|2013|1990|1802|1200|496|33|7|0|0|0|0|0|0|0|0|0|0|0|0|0|0|0|0|0|0|0,0|954|1228|1367|1792|1997|1966|1769|1165|475|31|5|0|0|0|0|0|0|0|0|0|0|0|0|0|0|0|0|0|0|0,0|26|34|39|55|66|70|74|58|30|3|1|0|0|0|0|0|0|0|0|0|0|0|0|0|0|0|0|0|0|0,0|52|68|79|109|130|142|148|118|60|5|1|0|0|0|0|0|0|0|0|0|0|0|0|0|0|0|0|0|0|0,0|52|68|79|109|130|142|148|118|60|5|1|0|0|0|0|0|0|0|0|0|0|0|0|0|0|0|0|0|0|0,0|1|2|4|9|15|24|33|34|21|2|1|0|0|0|0|0|0|0|0|0|0|0|0|0|0|0|0|0|0|0,12894,12749,456
United States,ACCII,Heavy trucks,2035,118292,613796.4832482677,1471.6993245334522,0|1086|1419|1775|1893|2348|2435|2197|1802|1084|409|25|5|0|0|0|0|0|0|0|0|0|0|0|0|0|0|0|0|0|0,0|1085|1415|1769|1885|2329|2406|2156|1751|1038|383|22|3|0|0|0|0|0|0|0|0|0|0|0|0|0|0|0|0|0|0,0|29|39|50|58|76|86|91|89|66|32|3|1|0|0|0|0|0|0|0|0|0|0|0|0|0|0|0|0|0|0,0|59|79|102|114|152|174|181|177|132|64|5|1|0|0|0|0|0|0|0|0|0|0|0|0|0|0|0|0|0|0,0|59|79|102|114|152|174|181|177|132|64|5|1|0|0|0|0|0|0|0|0|0|0|0|0|0|0|0|0|0|0,0|1|3|5|9|18|29|40|51|46|26|2|1|0|0|0|0|0|0|0|0|0|0|0|0|0|0|0|0|0|0,16478,16242,620
United States,ACCII,Heavy trucks,2036,128780,701346.5843306041,1972.2728844158587,0|1218|1613|2046|2453|2470|2839|2688|2196|1630|894|312|17|3|0|0|0|0|0|0|0|0|0|0|0|0|0|0|0|0|0,0|1217|1610|2039|2440|2451|2805|2640|2135|1561|838|283|16|3|0|0|0|0|0|0|0|0|0|0|0|0|0|0|0|0|0,0|34|46|58|74|80|101|111|107|98|69|31|3|1|0|0|0|0|0|0|0|0|0|0|0|0|0|0|0|0|0,0|66|90|118|148|160|203|221|215|198|139|63|5|1|0|0|0|0|0|0|0|0|0|0|0|0|0|0|0|0|0,0|66|90|118|148|160|203|221|215|198|139|63|5|1|0|0|0|0|0|0|0|0|0|0|0|0|0|0|0|0|0,0|2|3|6|12|19|34|49|62|70|57|29|2|1|0|0|0|0|0|0|0|0|0|0|0|0|0|0|0|0|0,20379,20038,813
United States,ACCII,Heavy trucks,2037,138004,789653.2491481855,2556.6037208064427,0|1351|1811|2327|2827|3198|2987|3135|2688|1986|1343|681|222|12|2|0|0|0|0|0|0|0|0|0|0|0|0|0|0|0|0,0|1349|1807|2321|2814|3174|2951|3077|2613|1901|1259|618|193|10|1|0|0|0|0|0|0|0|0|0|0|0|0|0|0|0|0,0|38|51|66|85|103|106|130|132|122|105|70|30|2|1|0|0|0|0|0|0|0|0|0|0|0|0|0|0|0|0,0|74|101|134|171|207|214|258|264|242|209|138|58|4|1|0|0|0|0|0|0|0|0|0|0|0|0|0|0|0|0,0|74|101|134|171|207|214|258|264|242|209|138|58|4|1|0|0|0|0|0|0|0|0|0|0|0|0|0|0|0|0,0|2|4|7|14|24|35|57|76|85|85|63|29|2|0|0|0|0|0|0|0|0|0|0|0|0|0|0|0|0|0,24570,24088,1041
United States,ACCII,Heavy trucks,2038,147793,878744.9626727336,3215.259637362723,0|1471|2008|2612|3217|3686|3867|3298|3134|2432|1638|1025|486|149|8|0|0|0|0|0|0|0|0|0|0|0|0|0|0|0|0,0|1469|2003|2604|3201|3659|3821|3239|3046|2327|1535|930|423|123|6|1|0|0|0|0|0|0|0|0|0|0|0|0|0|0|0,0|40|56|74|98|119|139|135|154|148|127|103|64|26|1|1|0|0|0|0|0|0|0|0|0|0|0|0|0|0|0,0|80|112|150|194|239|277|271|308|296|255|207|128|50|3|1|0|0|0|0|0|0|0|0|0|0|0|0|0|0|0,0|80|112|150|194|239|277|271|308|296|255|207|128|50|3|1|0|0|0|0|0|0|0|0|0|0|0|0|0|0|0,0|2|4|8|16|28|46|60|88|104|104|95|63|26|2|0|0|0|0|0|0|0|0|0|0|0|0|0|0|0|0,29031,28387,1285
United States,ACCII,Heavy trucks,2039,157352,967901.5494488069,3936.312033632118,0|1576|2184|2895|3610|4195|4457|4272|3298|2835|2006|1248|731|327|95|4|0|0|0|0|0|0|0|0|0|0|0|0|0|0|0,0|1575|2181|2887|3591|4163|4405|4193|3205|2713|1878|1134|636|270|74|3|1|0|0|0|0|0|0|0|0|0|0|0|0|0|0,0|42|62|82|110|136|159|175|162|173|156|126|96|55|19|2|0|0|0|0|0|0|0|0|0|0|0|0|0|0|0,0|86|122|166|218|272|319|351|324|345|312|252|192|109|39|2|0|0|0|0|0|0|0|0|0|0|0|0|0|0|0,0|86|122|166|218|272|319|351|324|345|312|252|192|109|39|2|0|0|0|0|0|0|0|0|0|0|0|0|0|0|0,0|2|4|9|18|32|53|78|93|121|128|115|95|57|21|1|0|0|0|0|0|0|0|0|0|0|0|0|0|0|0,33733,32909,1555
United States,ACCII,Heavy trucks,2040,178943,1068716.4685015061,4709.033559909959,0|1688|2341|3151|4001|4706|5073|4923|4270|2982|2338|1528|889|491|208|56|3|0|0|0|0|0|0|0|0|0|0|0|0|0|0,0|1686|2337|3142|3981|4671|5012|4833|4150|2856|2190|1387|775|406|163|42|1|0|0|0|0|0|0|0|0|0|0|0|0|0|0,0|46|66|91|121|153|181|203|209|181|182|155|118|82|42|14|1|0|0|0|0|0|0|0|0|0|0|0|0|0|0,0|92|130|181|241|305|363|405|419|363|364|309|234|164|86|28|1|0|0|0|0|0|0|0|0|0|0|0|0|0|0,0|92|130|181|241|305|363|405|419|363|364|309|234|164|86|28|1|0|0|0|0|0|0|0|0|0|0|0|0|0|0,0|2|5|10|19|36|60|90|120|127|149|141|115|85|46|15|1|0|0|0|0|0|0|0|0|0|0|0|0|0|0,38648,37632,1845
United States,ACCII,Heavy trucks,2041,179227,1159558.0850972675,5524.616355512761,0|1796|2508|3376|4357|5218|5691|5602|4922|3863|2460|1783|1091|599|313|125|32|0|0|0|0|0|0|0|0|0|0|0|0|0|0,0|1795|2503|3367|4335|5177|5624|5500|4784|3697|2304|1617|949|495|243|90|21|1|0|0|0|0|0|0|0|0|0|0|0|0|0,0|50|70|98|131|170|204|230|241|234|191|180|142|100|65|31|10|1|0|0|0|0|0|0|0|0|0|0|0|0|0,0|98|140|194|263|338|408|460|483|470|383|360|286|200|129|61|18|1|0|0|0|0|0|0|0|0|0|0|0|0|0,0|98|140|194|263|338|408|460|483|470|383|360|286|200|129|61|18|1|0|0|0|0|0|0|0|0|0|0|0|0|0,0|2|5|10|21|40|67|103|139|165|156|165|141|104|70|34|10|0|0|0|0|0|0|0|0|0|0|0|0|0|0,43736,42502,2148
United States,ACCII,Heavy trucks,2042,178502,1238953.6236795266,6384.552420319315,0|2045|2670|3617|4668|5680|6310|6286|5602|4452|3186|1875|1271|733|382|188|70|16|0|0|0|0|0|0|0|0|0|0|0|0|0,0|2041|2664|3605|4645|5637|6234|6171|5444|4262|2983|1702|1106|606|297|136|49|11|1|0|0|0|0|0|0|0|0|0|0|0|0,0|55|75|104|142|184|226|259|274|270|248|189|167|123|78|46|19|6|0|0|0|0|0|0|0|0|0|0|0|0|0,0|111|149|208|282|368|452|517|550|542|496|379|333|245|158|92|39|10|0|0|0|0|0|0|0|0|0|0|0|0|0,0|111|149|208|282|368|452|517|550|542|496|379|333|245|158|92|39|10|0|0|0|0|0|0|0|0|0|0|0|0|0,0|3|5|11|23|43|75|115|158|190|203|173|165|128|85|51|22|6|0|0|0|0|0|0|0|0|0|0|0|0|0,49051,47594,2465
United States,ACCII,Heavy trucks,2043,178246,1307403.3736478933,7274.801794296049,0|2047|3036|3851|5000|6086|6868|6969|6285|5066|3673|2428|1337|856|466|228|106|37|8|0|0|0|0|0|0|0|0|0|0|0|0,0|2045|3030|3838|4975|6040|6787|6840|6107|4849|3438|2204|1164|707|363|167|72|25|5|0|0|0|0|0|0|0|0|0|0|0|0,0|56|85|111|150|198|246|287|309|309|285|245|175|142|97|56|29|11|3|0|0|0|0|0|0|0|0|0|0|0|0,0|112|169|221|302|394|492|573|617|617|571|491|351|286|193|112|59|23|5|0|0|0|0|0|0|0|0|0|0|0|0,0|112|169|221|302|394|492|573|617|617|571|491|351|286|193|112|59|23|5|0|0|0|0|0|0|0|0|0|0|0|0,0|3|6|12|24|46|81|128|177|216|234|224|173|149|104|62|33|13|3|0|0|0|0|0|0|0|0|0|0|0|0,54347,52656,2794
United States,ACCII,Heavy trucks,2044,177141,1364278.0333836381,8187.615163322298,0|2039|3041|4379|5322|6519|7361|7587|6967|5684|4178|2798|1732|899|544|280|128|55|18|5|0|0|0|0|0|0|0|0|0|0|0,0|2037|3035|4366|5297|6469|7273|7447|6770|5442|3913|2541|1507|743|423|203|88|35|12|2|0|0|0|0|0|0|0|0|0|0|0,0|55|85|126|161|210|263|311|342|346|326|282|226|151|113|69|36|18|6|1|0|0|0|0|0|0|0|0|0|0|0,0|111|169|252|321|422|527|623|684|692|650|566|454|301|225|137|72|34|12|3|0|0|0|0|0|0|0|0|0|0|0,0|111|169|252|321|422|527|623|684|692|650|566|454|301|225|137|72|34|12|3|0|0|0|0|0|0|0|0|0|0|0,0|3|6|14|26|49|87|139|196|243|266|258|224|156|121|76|40|19|7|2|0|0|0|0|0|0|0|0|0|0|0,59536,57603,3127
United States,ACCII,Heavy trucks,2045,174637,1408564.868633163,9113.50500279709,0|2037|3028|4387|6052|6940|7882|8130|7584|6301|4688|3185|1995|1166|572|326|157|68|26|9|1|0|0|0|0|0|0|0|0|0|0,0|2033|3023|4372|6023|6887|7789|7981|7371|6033|4390|2890|1737|963|445|238|108|43|17|5|1|0|0|0|0|0|0|0|0|0|0,0|55|85|126|183|226|283|334|372|383|366|322|262|194|119|80|44|22|10|2|1|0|0|0|0|0|0|0|0|0|0,0|111|169|252|365|450|565|668|744|767|730|644|524|390|237|160|88|42|18|6|1|0|0|0|0|0|0|0|0|0|0,0|111|169|252|365|450|565|668|744|767|730|644|524|390|237|160|88|42|18|6|1|0|0|0|0|0|0|0|0|0|0,0|3|6|14|29|53|93|149|213|269|298|294|258|203|127|88|49|24|10|3|1|0|0|0|0|0|0|0|0|0|0,64534,62349,3469
United States,ACCII,Heavy trucks,2046,171832,1440559.577880794,10037.963929738522,0|2024|3024|4369|6063|7893|8391|8706|8128|6860|5197|3572|2271|1343|741|343|183|83|34|13|5|0|0|0|0|0|0|0|0|0|0,0|2021|3019|4355|6033|7833|8293|8547|7898|6567|4867|3243|1976|1109|575|250|126|54|21|7|2|1|0|0|0|0|0|0|0|0|0,0|54|84|125|182|255|301|357|399|417|405|362|298|225|154|85|51|25|10|5|1|1|0|0|0|0|0|0|0|0|0,0|110|168|251|366|511|601|715|797|835|809|722|596|449|306|169|103|51|22|9|3|1|0|0|0|0|0|0|0|0|0,0|110|168|251|366|511|601|715|797|835|809|722|596|449|306|169|103|51|22|9|3|1|0|0|0|0|0|0|0|0|0,0|3|6|14|29|60|99|159|229|293|331|330|294|234|165|93|57|29|12|5|2|0|0|0|0|0|0|0|0|0|0,69243,66797,3796
United States,ACCII,Heavy trucks,2047,170749,1462850.5039158708,10943.424744952768,0|1995|3006|4363|6038|7905|9544|9270|8705|7352|5658|3961|2548|1528|854|444|193|97|40|15|5|1|0|0|0|0|0|0|0|0|0,0|1992|3000|4349|6008|7845|9431|9099|8459|7037|5299|3595|2218|1263|664|323|132|63|26|10|4|1|0|0|0|0|0|0|0|0|0,0|55|83|125|182|256|342|382|426|447|441|401|335|255|177|110|54|29|13|5|2|1|0|0|0|0|0|0|0|0|0,0|109|167|251|364|512|684|762|854|895|881|801|669|511|353|218|108|59|27|11|4|1|0|0|0|0|0|0|0|0|0,0|109|167|251|364|512|684|762|854|895|881|801|669|511|353|218|108|59|27|11|4|1|0|0|0|0|0|0|0|0|0,0|3|6|14|29|60|113|170|245|314|360|366|330|266|190|120|60|34|15|6|2|1|0|0|0|0|0|0|0|0|0,73522,70818,4121
United States,ACCII,Heavy trucks,2048,170767,1477692.2649589812,11810.776374373898,0|1963|2963|4335|6029|7874|9558|10541|9267|7873|6064|4312|2825|1715|972|512|249|101|48|18|7|2|0|0|0|0|0|0|0|0|0,0|1960|2957|4321|6000|7814|9446|10348|9006|7537|5678|3914|2458|1417|755|374|172|67|30|11|4|1|1|0|0|0|0|0|0|0|0,0|53|83|125|182|254|343|434|455|478|472|436|371|286|202|126|70|31|15|7|3|2|1|0|0|0|0|0|0|0|0,0|107|165|249|364|510|685|866|909|958|944|872|741|574|402|252|140|63|31|13|5|2|1|0|0|0|0|0|0|0|0,0|107|165|249|364|510|685|866|909|958|944|872|741|574|402|252|140|63|31|13|5|2|1|0|0|0|0|0|0|0|0,0|2|6|13|29|60|113|193|261|336|386|398|366|298|216|139|78|35|18|7|3|1|0|0|0|0|0|0|0|0|0,77228,74271,4429
United States,ACCII,Heavy trucks,2049,169940,1485614.9876989569,12621.66311779679,0|1949|2916|4274|5991|7862|9520|10558|10539|8382|6494|4621|3075|1901|1092|584|287|131|50|23|9|2|0|0|0|0|0|0|0|0|0,0|1947|2909|4261|5963|7802|9407|10365|10241|8024|6081|4195|2677|1570|848|425|197|85|31|13|5|1|1|0|0|0|0|0|0|0|0,0|54|82|122|182|255|342|434|518|510|505|466|403|318|225|142|81|41|17|7|2|2|1|0|0|0|0|0|0|0|0,0|106|162|246|362|509|682|868|1034|1020|1011|934|807|636|451|286|161|81|33|15|6|2|1|0|0|0|0|0|0|0|0,0|106|162|246|362|509|682|868|1034|1020|1011|934|807|636|451|286|161|81|33|15|6|2|1|0|0|0|0|0|0|0|0,0|2|6|13|29|60|113|193|297|358|413|427|398|331|243|158|90|46|19|9|3|1|0|0|0|0|0|0|0|0|0,80260,77048,4709
United States,ACCII,Heavy trucks,2050,169926,1488918.882462112,13356.626978800845,0|1950|2898|4205|5908|7812|9506|10516|10556|9532|6914|4949|3295|2069|1209|653|328|151|65|23|10|5|1|0|0|0|0|0|0|0|0,0|1947|2891|4191|5878|7753|9394|10323|10258|9125|6474|4491|2868|1709|940|477|225|98|40|14|6|2|1|0|0|0|0|0|0|0|0,0|54|81|122|178|254|341|432|518|580|538|501|433|346|250|161|92|47|21|8|3|1|1|0|0|0|0|0|0|0|0,0|106|161|242|356|506|681|864|1036|1160|1076|1001|865|692|500|321|184|93|43|16|7|3|1|0|0|0|0|0|0|0|0,0|106|161|242|356|506|681|864|1036|1160|1076|1001|865|692|500|321|184|93|43|16|7|3|1|0|0|0|0|0|0|0|0,0|2|6|13|29|59|112|193|297|407|440|457|427|360|269|177|103|53|24|9|4|2|1|0|0|0|0|0|0|0|0,82555,79105,4962
