"Year","State_Province","Tonnes_Scrap_proj_down","Tonnes_Scrap_15_down","Tonnes_Prod_proj_down","Tonnes_Prod_15_down","Tonnes_Scrap_proj_mid","Tonnes_Scrap_15_mid","Tonnes_Prod_proj_mid","Tonnes_Prod_15_mid"
2025,"AL",7020.5733439846,7020.5733439846,133390.893535707,133390.893535707,0,0,0,0
2026,"AL",7020.5733439846,7020.5733439846,133390.893535707,133390.893535707,0,0,0,0
2027,"AL",7020.5733439846,7020.5733439846,133390.893535707,133390.893535707,0,0,0,0
2028,"AL",7020.5733439846,7020.5733439846,133390.893535707,133390.893535707,0,0,0,0
2029,"AL",7020.5733439846,7020.5733439846,133390.893535707,133390.893535707,0,0,0,0
2030,"AL",7020.57334398461,7020.57334398461,133390.893535707,133390.893535707,0,0,0,0
2031,"AL",7020.57334398461,7020.57334398461,133390.893535707,133390.893535707,0,0,0,0
2032,"AL",7957.25129336958,7020.57334398461,153927.786516241,133390.893535707,0,0,0,0
2033,"AL",8878.54854361188,7020.57334398461,181397.142543554,133390.893535707,0,0,0,0
2034,"AL",9506.04975421023,7564.49967569168,206496.259102198,144593.421520707,0,0,0,0
2035,"AL",10024.4281371029,8176.56013060812,233145.67342168,159683.984936948,0,0,0,0
2036,"AL",10221.6318686425,8446.22031797826,245183.117695603,167380.317372897,0,0,0,0
2037,"AL",10396.369084513,8684.99420840246,256937.638828509,174842.026073691,0,0,0,0
2038,"AL",10555.6049788239,8903.62443472685,268675.755343844,182282.529461756,0,0,0,0
2039,"AL",10706.7079023008,9111.68086994725,280851.025219632,189976.071659395,0,0,0,0
2040,"AL",10855.9394099113,9327.29359698562,294009.296643977,198665.62097116,0,0,0,0
2041,"AL",10916.3235152739,9410.0472566416,299690.734397406,202215.600285355,0,0,0,0
2042,"AL",11001.5399575096,9520.39044556808,308092.669391306,207151.30417863,0,0,0,0
2043,"AL",11083.2191951476,9627.32070373815,316600.239106524,212169.7943763,0,0,0,0
2044,"AL",11159.3771685876,9726.92457244736,324967.192965528,217068.228387634,0,0,0,0
2045,"AL",11225.5737299174,9812.92494682105,332607.453416891,221483.311145545,0,0,0,0
2046,"AL",11284.2789828042,9889.36349340468,339690.058297891,225561.043917974,0,0,0,0
2047,"AL",11335.2258281661,9957.02892080862,346085.713517586,229298.126272727,0,0,0,0
2048,"AL",11382.4689865181,10024.0935144553,352235.455608603,233126.252264139,0,0,0,0
2049,"AL",11420.2069050494,10077.9906794848,357307.160427708,236296.665960722,0,0,0,0
2050,"AL",11453.487541135,10130.0452945698,361902.591627173,239441.645022942,0,0,0,0
2025,"AZ",1914.70182108671,1914.70182108671,36379.3346006475,36379.3346006475,0,0,0,0
2026,"AZ",1930.65766959577,1930.65766959577,36682.4957223196,36682.4957223196,0,0,0,0
2027,"AZ",4270.8487842573,4270.8487842573,81146.1269008887,81146.1269008887,11878.7221336364,11878.7221336364,95565.8934675568,95565.8934675568
2028,"AZ",4270.8487842573,4270.8487842573,81146.1269008887,81146.1269008887,13059.7328606196,11276.3552307087,116006.793934709,97280.0132042063
2029,"AZ",4270.8487842573,4270.8487842573,81146.1269008887,81146.1269008887,15493.5799167422,15493.5799167422,137614.997314958,137614.997314958
2030,"AZ",4270.8487842573,4270.8487842573,81146.1269008887,81146.1269008887,15984.6588175407,14472.1405411133,154816.703367393,138636.436690587
2031,"AZ",4270.8487842573,4270.8487842573,81146.1269008887,81146.1269008887,16666.2864889835,13450.7011654843,183534.449963644,139657.876066216
2032,"AZ",4840.6612034665,4270.8487842573,93639.4034640469,81146.1269008887,16665.6389153518,13745.6987098198,213421.781421006,157344.335082776
2033,"AZ",5401.11703069722,4270.8487842573,110349.928380662,81146.1269008887,17447.6580558399,14766.2728133865,251320.381485594,180257.551895287
2034,"AZ",5782.84693381122,4601.73730271243,125618.557620504,87960.9980917637,17798.8868507957,15298.2248818247,285911.063661117,200201.49093803
2035,"AZ",6098.19378340427,4974.07407945327,141830.284664855,97141.0908366433,18466.5436483096,16086.5415568643,322809.370812812,221095.617816365
2036,"AZ",6218.15938675753,5138.11736010344,149153.063264825,101823.026401846,18720.5365156872,16433.856304273,339476.202992157,231751.823418437
2037,"AZ",6324.45785974539,5283.37147677816,156303.730287343,106362.232528162,18945.5931418982,16741.3903687164,355751.304800528,242083.173151594
2038,"AZ",6421.3263621179,5416.3715311255,163444.417834172,110888.538755901,19150.684501325,17022.9799595726,372003.693065909,252385.162384255
2039,"AZ",6513.24730723299,5542.93919588458,170851.040341943,115568.776926132,19345.3008227476,17290.9508044721,388861.356132943,263037.504671773
2040,"AZ",6604.02980769605,5674.10360483292,178855.655458419,120854.919424122,19537.5068130965,17568.6539410002,407080.06573685,275068.900771947
2041,"AZ",6640.76347179165,5724.44541445698,182311.863425089,123014.490173591,19615.2798448001,17675.2383303417,414946.483841806,279984.139266384
2042,"AZ",6692.60347415168,5791.57085438725,187423.040546378,126017.043375333,19725.0362289323,17817.3572584788,426579.654250616,286818.027474229
2043,"AZ",6742.29167704814,5856.62009477404,192598.478789802,129069.958245583,19830.2367928919,17955.0804276603,438359.084623954,293766.540133137
2044,"AZ",6788.62111089076,5917.21244823881,197688.375720696,132049.83893581,19928.3261236396,18083.3674129919,449943.820772842,300548.825122431
2045,"AZ",6828.89068569975,5969.52934264947,202336.200828609,134735.680946873,20013.585435375,18194.1334796996,460522.390097994,306661.870525551
2046,"AZ",6864.60304787255,6016.02945848785,206644.78546455,137216.301716767,20089.1961522434,18292.584180776,470328.839395537,312307.827112658
2047,"AZ",6895.59571213438,6057.19259349191,210535.475723198,139489.693482576,20154.8142581296,18379.7353507589,479184.150356729,317482.125163781
2048,"AZ",6924.33530013182,6097.99022129361,214276.568828567,141818.470127351,20215.6621191722,18466.1126637379,487698.974354649,322782.480621997
2049,"AZ",6947.29253390508,6130.77766335323,217361.855926856,143747.138459439,20264.2674982987,18535.5306984906,494721.167036057,327172.179283739
2050,"AZ",6967.53825419043,6162.44422086329,220157.40990653,145660.334055623,20307.1320228263,18602.5755806663,501083.919697693,331526.661601146
2025,"CA",11749.470043394,11749.470043394,223239.930824486,223239.930824486,1854.17847016076,1804.67302385557,16246.3141786599,15500.8411099858
2026,"CA",23237.6809699143,23237.6809699143,441515.938428371,441515.938428371,1945.86806260855,1871.44804569916,20731.4361753889,18890.5843778432
2027,"CA",23237.6809699143,23237.6809699143,441515.938428371,441515.938428371,1267.77680533228,1267.77680533228,11773.3134132625,11773.3134132625
2028,"CA",24088.6595570639,24088.6595570639,457684.531584215,457684.531584215,1381.53703767706,1192.88063297249,14289.9733096868,11983.1670637884
2029,"CA",24088.6595570639,24088.6595570639,457684.531584215,457684.531584215,1093.77371169444,1093.77371169444,11947.3165069004,11947.3165069004
2030,"CA",24088.6595570639,24088.6595570639,457684.531584215,457684.531584215,1111.99234949484,1006.77216487552,13438.8440212848,12034.3180537193
2031,"CA",24088.6595570639,24088.6595570639,457684.531584215,457684.531584215,1247.45566216327,1006.77216487552,15815.1620724183,12034.3180537193
2032,"CA",27302.544681799,24088.6595570639,528149.748473063,457684.531584215,1349.91938005014,1113.40376297384,18257.0237077496,13459.9160252516
2033,"CA",30463.6562783271,24088.6595570639,622401.305030147,457684.531584215,1448.7723004934,1226.12255267134,21452.5787611492,15386.6921037888
2034,"CA",32616.7087846015,25954.9538875463,708520.207908965,496122.116320846,1516.02799404585,1303.03301405717,24352.600246925,17052.2497983181
2035,"CA",34395.3442001751,28055.0268024539,799958.419217901,547900.144531259,1572.89595460602,1370.1782326066,27495.4297420387,18831.9162192711
2036,"CA",35071.9803265551,28980.2720967316,841260.729277822,574307.436757102,1594.52990848529,1399.76091854817,28915.0344829285,19739.5632052019
2037,"CA",35671.5304058458,29799.5417882124,881592.286823543,599909.699108143,1613.69920533186,1425.95526737049,30301.273417659,20619.5404500174
2038,"CA",36217.8930829921,30549.6954911609,921867.557620525,625439.20279203,1631.16795182338,1449.93978427588,31685.5777164033,21497.0169013256
2039,"CA",36736.3502948707,31263.568901653,963642.768373723,651836.921284014,1647.74448235859,1472.76431852127,33121.4365618498,22404.3348277449
2040,"CA",37248.3863930474,32003.3691036191,1008790.80759648,681652.09232767,1664.11571188743,1496.41780497467,34673.2231430247,23429.1142675053
2041,"CA",37455.5734824016,32287.3095507711,1028284.68838533,693832.61362477,1670.74006397376,1505.49617708437,35343.2487552977,23847.7718620753
2042,"CA",37747.964112782,32665.9138872343,1057113.01077043,710767.767626323,1680.08861213099,1517.60121912131,36334.1091471358,24429.8512874979
2043,"CA",38028.2180538691,33032.8079369368,1086303.7820204,727986.974084117,1689.04911630684,1529.33185046124,37337.4272956017,25021.6939008137
2044,"CA",38289.5276941027,33374.5640252709,1115012.0787882,744794.249427639,1697.40391807492,1540.25875070308,38324.1622781079,25599.3779994632
2045,"CA",38516.6582077507,33669.6444465648,1141226.97946976,759943.072787304,1704.66591734641,1549.69329901652,39225.196560101,26120.0593228342
2046,"CA",38718.0848978106,33931.9167761128,1165528.47870583,773934.396815545,1711.10609331828,1558.07888066083,40060.4651800936,26600.9561514378
2047,"CA",38892.8913065324,34164.0871936348,1187472.94872032,786756.897225357,1716.69514426701,1565.50201978832,40814.7201751214,27041.6792573712
2048,"CA",39054.9897993735,34394.1960587564,1208573.65322634,799891.782259739,1721.87788751896,1572.8592453061,41539.9740437162,27493.139358242
2049,"CA",39184.4743624361,34579.1254649279,1225975.44717897,810769.955943014,1726.01787200421,1578.77195686266,42138.0923852642,27867.0338670623
2050,"CA",39298.6653085635,34757.7328007848,1241743.07359038,821560.859510571,1729.66887668108,1584.48253410763,42680.0426339,28237.9288083081
2025,"CO",0,0,0,0,286.433337305988,278.785740039481,2509.72927579711,2394.56865756732
2026,"CO",0,0,0,0,300.597537993082,289.101139912332,3202.59055232578,2918.21591830739
2027,"CO",0,0,0,0,195.846056436501,195.846056436501,1818.74048608587,1818.74048608587
2028,"CO",0,0,0,0,213.419727756497,184.276101901002,2207.51389953968,1851.15866072941
2029,"CO",0,0,0,0,168.966072867318,168.966072867318,1845.62046965505,1845.62046965505
2030,"CO",0,0,0,0,171.780486533703,155.526081082727,2076.03151719127,1859.06046143965
2031,"CO",0,0,0,0,192.706847913997,155.526081082727,2443.12493394722,1859.06046143965
2032,"CO",0,0,0,0,208.535434611247,171.998521571654,2820.34351818995,2079.28671862795
2033,"CO",0,0,0,0,223.8062256169,189.411310917303,3313.9925995596,2376.93492849467
2034,"CO",0,0,0,0,234.195879615733,201.292432655588,3761.98767975154,2634.23014392144
2035,"CO",0,0,0,0,242.980837477757,211.665020485057,4247.49172122121,2909.1528660048
2036,"CO",0,0,0,0,246.322848890621,216.234951372014,4466.79214463364,3049.36609761101
2037,"CO",0,0,0,0,249.284120288135,220.281452219952,4680.93822105958,3185.3049098894
2038,"CO",0,0,0,0,251.982690806908,223.986578415429,4894.78543507775,3320.85739979283
2039,"CO",0,0,0,0,254.543431878257,227.512510585159,5116.59679122293,3461.01979831281
2040,"CO",0,0,0,0,257.07245806706,231.166499223687,5356.31665443223,3619.32764173614
2041,"CO",0,0,0,0,258.09578743158,232.568925399234,5459.82215581324,3684.00183245242
2042,"CO",0,0,0,0,259.539950380688,234.438911295773,5612.89018750811,3773.92141413459
2043,"CO",0,0,0,0,260.924168327525,236.251058258688,5767.88269242044,3865.34921227812
2044,"CO",0,0,0,0,262.214817416311,237.939044907788,5920.31343122161,3954.58980424251
2045,"CO",0,0,0,0,263.33665046546,239.396493153942,6059.50513286834,4035.02461217831
2046,"CO",0,0,0,0,264.331528318993,240.691897115474,6188.53736046759,4109.31351464024
2047,"CO",0,0,0,0,265.194924449074,241.838623036301,6305.05460995697,4177.39638373396
2048,"CO",0,0,0,0,265.995554199634,242.97516662813,6417.09176782433,4247.13790292101
2049,"CO",0,0,0,0,266.635098661825,243.888561822244,6509.48903994812,4304.89709583867
2050,"CO",0,0,0,0,267.199105563504,244.770731324556,6593.20946970649,4362.19291580455
2025,"FL",0,0,0,0,572.866674611976,557.571480078962,5019.45855159421,4789.13731513464
2026,"FL",0,0,0,0,601.195075986164,578.202279824663,6405.18110465156,5836.43183661478
2027,"FL",0,0,0,0,391.692112873002,391.692112873002,3637.48097217174,3637.48097217174
2028,"FL",0,0,0,0,426.839455512994,368.552203802004,4415.02779907935,3702.31732145881
2029,"FL",0,0,0,0,337.932145734637,337.932145734637,3691.24093931011,3691.24093931011
2030,"FL",0,0,0,0,343.560973067407,311.052162165454,4152.06303438254,3718.12092287929
2031,"FL",0,0,0,0,385.413695827994,311.052162165454,4886.24986789443,3718.12092287929
2032,"FL",0,0,0,0,417.070869222493,343.997043143307,5640.6870363799,4158.57343725591
2033,"FL",0,0,0,0,447.612451233801,378.822621834606,6627.98519911921,4753.86985698933
2034,"FL",0,0,0,0,468.391759231466,402.584865311176,7523.97535950308,5268.46028784289
2035,"FL",0,0,0,0,485.961674955515,423.330040970113,8494.98344244243,5818.3057320096
2036,"FL",0,0,0,0,492.645697781243,432.469902744028,8933.58428926729,6098.73219522202
2037,"FL",0,0,0,0,498.568240576269,440.562904439905,9361.87644211916,6370.6098197788
2038,"FL",0,0,0,0,503.965381613816,447.973156830858,9789.57087015549,6641.71479958567
2039,"FL",0,0,0,0,509.086863756515,455.025021170319,10233.1935824459,6922.03959662561
2040,"FL",0,0,0,0,514.14491613412,462.332998447374,10712.6333088645,7238.65528347228
2041,"FL",0,0,0,0,516.19157486316,465.137850798467,10919.6443116265,7368.00366490483
2042,"FL",0,0,0,0,519.079900761376,468.877822591547,11225.7803750162,7547.84282826917
2043,"FL",0,0,0,0,521.848336655049,472.502116517375,11535.7653848409,7730.69842455625
2044,"FL",0,0,0,0,524.429634832622,475.878089815576,11840.6268624432,7909.17960848502
2045,"FL",0,0,0,0,526.67330093092,478.792986307884,12119.0102657367,8070.04922435661
2046,"FL",0,0,0,0,528.663056637985,481.383794230947,12377.0747209352,8218.62702928047
2047,"FL",0,0,0,0,530.389848898149,483.677246072602,12610.1092199139,8354.79276746792
2048,"FL",0,0,0,0,531.991108399268,485.95033325626,12834.1835356487,8494.27580584202
2049,"FL",0,0,0,0,533.27019732365,487.777123644488,13018.9780798962,8609.79419167735
2050,"FL",0,0,0,0,534.398211127008,489.541462649113,13186.418939413,8724.3858316091
2025,"GA",425.489293574825,425.489293574825,8084.29657792166,8084.29657792166,3742.72894079824,3642.80033651589,32793.7958704155,31289.0304588796
2026,"GA",14253.8913347566,14253.8913347566,270823.935360376,270823.935360376,3927.80782977627,3777.5882281878,41847.1832170569,38131.3546658833
2027,"GA",16283.049775815,16283.049775815,309377.945740484,309377.945740484,25484.9888553553,25484.9888553553,208207.05007724,208207.05007724
2028,"GA",26920.2821151856,26920.2821151856,511485.360188526,511485.360188526,27993.9688636808,24171.239993441,252737.960581308,211938.898650982
2029,"GA",26920.2821151856,26920.2821151856,511485.360188526,511485.360188526,37215.3134283757,37215.3134283757,330782.495005711,330782.495005711
2030,"GA",26920.2821151856,26920.2821151856,511485.360188526,511485.360188526,38393.1550116186,34760.274929057,372129.705631945,333237.53350503
2031,"GA",26920.2821151856,26920.2821151856,511485.360188526,511485.360188526,40245.8714643394,32480.8523223903,440926.940377066,335516.956111696
2032,"GA",30511.9595200121,26920.2821151856,590233.765157338,511485.360188526,40495.2547367241,33400.193872895,512464.143553785,377812.092956781
2033,"GA",34044.659867017,26920.2821151856,695564.594641705,511485.360188526,42171.3045919678,35690.3480403198,603758.757752097,433041.184182553
2034,"GA",36450.8037514622,29005.9593928083,791806.776796179,554441.284011736,42779.7806764739,36769.4176984207,687189.749501281,481186.039622984
2035,"GA",38438.5178064463,31352.8959335421,893993.552225229,612305.82078641,44384.499645937,38664.143741937,775875.154409742,531405.256856877
2036,"GA",39194.6925270996,32386.9038362525,940150.949908068,641817.290900959,44994.9737306868,39498.9177839545,815934.031753079,557017.540496945
2037,"GA",39864.7197338213,33302.4787012979,985223.483093389,670429.099857963,45535.8993059659,40238.0786055113,855051.38171355,581849.030206464
2038,"GA",40475.3073578916,34140.8129915596,1030233.11302119,698959.597364595,46028.8381873952,40914.8816572183,894114.139474202,606609.951695491
2039,"GA",41054.7092285254,34938.602240042,1076919.00088611,728460.36835262,46496.600223095,41558.9519335558,934631.680530055,632212.949825139
2040,"GA",41626.9351833745,35765.3659750111,1127374.19329502,761780.313528747,46958.5690069163,42226.4138581935,978420.508876288,661130.515890468
2041,"GA",41858.4771204768,36082.6836291186,1149159.58027815,775392.655421461,47145.4971708353,42482.5903729267,997327.513795219,672944.334727975
2042,"GA",42185.2382770713,36505.7929151907,1181376.67271021,794318.537216832,47409.2976028723,42824.1744633613,1025287.94091815,689369.644981918
2043,"GA",42498.43607623,36915.8153699884,1213998.81988065,813561.86184207,47662.1480811611,43155.193308587,1053599.9051488,706070.456109471
2044,"GA",42790.4626714767,37297.7448954044,1246081.77768097,832344.832839829,47897.9066480461,43463.5322031559,1081443.92010315,722371.737574965
2045,"GA",43044.2923829178,37627.5120279043,1275378.2406202,849274.400779848,48102.8281516907,43729.7594161201,1106869.60427062,737064.495824571
2046,"GA",43269.3967856387,37920.6144766194,1302536.3817242,864910.405311896,48284.559172936,43966.3865397599,1130439.49117875,750634.602007617
2047,"GA",43464.7516922571,38180.0765327661,1327060.42476025,879240.190978737,48442.2728660309,44175.8551412976,1151723.30875214,763071.07276207
2048,"GA",43645.9048671522,38437.2347009739,1350641.51763035,893919.082090899,48588.5212337998,44383.4637707384,1172188.76292258,775810.523600237
2049,"GA",43790.6103439741,38643.9025636559,1370088.89291519,906075.985373874,48705.3446888934,44550.3106261966,1189066.66463052,786361.202839864
2050,"GA",43918.224438792,38843.5051964931,1387710.00422179,918135.359936757,48808.3699496,44711.453588619,1204359.59646639,796827.239286964
2025,"IL",0,0,0,0,17943.2697502934,17464.1952752858,168570.246615936,160835.287310705
2026,"IL",2127.44646787412,2127.44646787412,40421.4828896083,40421.4828896083,18752.9119088004,18035.7039705179,215095.533633968,195996.085029235
2027,"IL",2127.44646787412,2127.44646787412,40421.4828896083,40421.4828896083,12160.4043101273,12160.4043101273,122145.365191364,122145.365191364
2028,"IL",2127.44646787412,2127.44646787412,40421.4828896083,40421.4828896083,13179.6397377624,11379.8881709072,148247.143744774,124315.857820312
2029,"IL",2127.44646787412,2127.44646787412,40421.4828896083,40421.4828896083,22247.1275391516,22247.1275391516,219503.257563533,219503.257563533
2030,"IL",2127.44646787412,2127.44646787412,40421.4828896083,40421.4828896083,23780.5144283463,21530.3279773067,245921.952939554,220220.057125378
2031,"IL",2127.44646787412,2127.44646787412,40421.4828896083,40421.4828896083,25789.3044497057,20813.5284154619,290348.998645519,220936.856687223
2032,"IL",2411.28827071805,2127.44646787412,46644.7837928005,40421.4828896083,26946.4777648721,22225.2604012435,336266.337567664,247910.981451947
2033,"IL",2690.46925563996,2127.44646787412,54968.8310738043,40421.4828896083,27888.2409774526,23602.3295069503,396401.332933186,284315.714548049
2034,"IL",2880.62113763946,2292.27262899748,62574.623970363,43816.1883396083,28103.505553888,24155.0919186705,451438.521570185,316107.617270573
2035,"IL",3037.70549609179,2477.74549412367,70650.2040671758,48389.0863445297,29157.7004973309,25399.8024582068,509699.006546546,349098.343920576
2036,"IL",3097.46420261894,2559.46070241765,74297.9144532131,50721.3082948173,29558.7418668746,25948.1941646417,536015.057356037,365923.931713321
2037,"IL",3150.41487409484,2631.81642678862,77859.8905540935,52982.4321435429,29914.0944345762,26433.7742663943,561712.58652715,382236.589186728
2038,"IL",3198.66817540119,2698.06801052329,81416.8955587405,55237.1301399259,30237.922896829,26878.3894098515,587374.25220933,398502.88797514
2039,"IL",3244.45694009115,2761.11541513553,85106.3712786763,57568.5065634529,30545.2118253909,27301.5012702191,613991.614946752,415322.375797537
2040,"IL",3289.67860906404,2826.45260514716,89093.7262557505,60201.703324594,30848.6949680472,27739.9799068425,642757.998531868,434319.317008337
2041,"IL",3307.97682281029,2851.52947170958,90815.37405982,61277.4546319256,30971.4944917896,27908.271047908,655178.658697589,442080.21989429
2042,"IL",3333.79998712413,2884.9668016873,93361.4149670624,62773.1224783727,31144.7940456826,28132.6693554928,673546.822500973,452870.569696151
2043,"IL",3358.55127125685,2917.36991022368,95939.4663959163,64293.8770837274,31310.9001993029,28350.1269910425,692145.923090453,463841.905473375
2044,"IL",3381.62944502653,2947.55290074162,98474.906959251,65778.2510265556,31465.7780899573,28552.6853889346,710437.611746593,474550.776509101
2045,"IL",3401.68900906588,2973.6136202488,100790.137399058,67116.1548925894,31600.3980558552,28727.579178473,727140.615944201,484202.953461397
2046,"IL",3419.47847963763,2996.77681618324,102936.381302391,68351.8314902951,31719.7833982791,28883.0276538568,742624.483256111,493117.621756829
2047,"IL",3434.91691762609,3017.28149115413,104874.458641693,69484.2806887052,31823.3909338889,29020.6347643561,756606.553194836,501287.566048075
2048,"IL",3449.2330262176,3037.60409528947,106738.016851092,70644.318867921,31919.4665039561,29157.0199953756,770051.01213892,509656.548350521
2049,"IL",3460.66875910589,3053.93656954084,108274.897099305,71605.0502911279,31996.211839419,29266.6274186693,781138.684793775,516587.651500641
2050,"IL",3470.75380034392,3069.71069532418,109667.452008234,72558.0742493763,32063.8926676205,29372.4877589468,791185.136364779,523463.149896546
2025,"IN",1161.58577145927,1161.58577145927,22070.1296577261,22070.1296577261,404.825783392463,394.0171792558,3547.08404312658,3384.32370269514
2026,"IN",1161.58577145927,1161.58577145927,22070.1296577261,22070.1296577261,14500.5060039465,13945.9319694861,144391.24438687,131569.996522963
2027,"IN",7969.41446865646,7969.41446865646,151418.874904473,151418.874904473,9485.38188149164,9485.38188149164,82003.7083029244,82003.7083029244
2028,"IN",7969.41446865646,7969.41446865646,151418.874904473,151418.874904473,10384.0070308777,8966.01433184282,99538.0612659566,83469.8002232796
2029,"IN",7969.41446865646,7969.41446865646,151418.874904473,151418.874904473,29052.4359615336,29052.4359615336,250464.73152497,250464.73152497
2030,"IN",7969.41446865647,7969.41446865647,151418.874904473,151418.874904473,30029.1320415952,27187.6819013942,281778.874682584,252329.48558511
2031,"IN",7969.41446865647,7969.41446865647,151418.874904473,151418.874904473,31400.2775169529,25341.9230296437,334029.952336139,254175.24445686
2032,"IN",9032.68586210983,7969.41446865647,174731.36008783,151418.874904473,32297.4912543594,26638.7377117905,387507.213927317,285688.107882937
2033,"IN",10078.4978316273,7969.41446865647,205913.241202471,151418.874904473,32857.4821145859,27807.8893632688,457569.313272456,328187.963687412
2034,"IN",10790.8067815974,8586.85326822455,234404.54139298,164135.441520173,32493.8976437509,27928.6540561873,521963.250606593,365490.651701954
2035,"IN",11379.2447883599,9281.63462098728,264655.66443564,181265.517446608,33712.7812639139,29367.8160422333,589325.318013706,403635.262981946
2036,"IN",11603.1009030106,9587.73979125653,278319.987541736,190002.020872386,34176.4742074107,30001.8787196957,619752.520760769,423089.381489869
2037,"IN",11801.4541183593,9858.78433475019,291663.150015634,198472.190809712,34587.3407429111,30563.317224011,649464.575044613,441950.438564121
2038,"IN",11982.2109850529,10106.9627674202,304987.690763042,206918.289504163,34961.7584071558,31077.3911332127,679135.163165587,460757.89469659
2039,"IN",12153.7356975815,10343.1383450977,318808.466809922,215651.625586695,35317.0526950019,31566.6024686556,709910.749459544,480204.960283241
2040,"IN",12323.1360695539,10587.8914588813,333745.098554041,225515.580653929,35667.946648611,32073.5812122892,743171.081413624,502169.645865417
2041,"IN",12391.6811782473,10681.8294010241,340194.391228086,229545.345051193,35809.9301868403,32268.1631693923,757532.124711901,511142.974246665
2042,"IN",12488.414751767,10807.0856391206,349731.860466616,235148.116803984,36010.3029821525,32527.6174792509,778769.803882791,523619.016473127
2043,"IN",12581.1330621282,10928.4676836979,359389.241119103,240844.863555643,36202.3586082163,32779.0468298654,800274.497297695,536304.318706215
2044,"IN",12667.5839010694,11041.5331661781,368887.001469354,246405.328345477,36381.4318671217,33013.2493508059,821423.754203894,548686.153372634
2045,"IN",12742.7270279608,11139.156621452,377559.854696871,251417.11622764,36537.0824632477,33215.465436799,840736.138835039,559846.214857699
2046,"IN",12809.3663847226,11225.9259534224,385599.684358757,256045.960762645,36675.1184491658,33395.1984184483,858638.93030701,570153.552444617
2047,"IN",12867.1987734274,11302.7364658634,392859.722071781,260288.11545989,36794.9117842276,33554.3028175433,874805.310282829,579599.823588474
2048,"IN",12920.8269162111,11378.8649409544,399840.61112419,264633.618479232,36905.9964933519,33711.9944524309,890350.092479734,589276.226903947
2049,"IN",12963.6651716107,11440.0463895,405597.764533998,268232.518390565,36994.731155666,33838.7249909636,903169.905996002,597290.12239063
2050,"IN",13001.4437360883,11499.1362646844,410814.275222845,271802.546138164,37072.985233251,33961.1230688444,914785.836556877,605239.726424829
2025,"KS",0,0,0,0,0,0,0,0
2026,"KS",0,0,0,0,0,0,0,0
2027,"KS",0,0,0,0,8909.04160022733,8909.04160022733,71674.4201006676,71674.4201006676
2028,"KS",0,0,0,0,9794.79964546473,8457.26642303156,87005.095451032,72960.0099031547
2029,"KS",0,0,0,0,7833.84225746003,7833.84225746003,72749.6194434349,72749.6194434349
2030,"KS",0,0,0,0,8058.79047796135,7296.24258607638,81840.5747663766,73287.2191148185
2031,"KS",0,0,0,0,8374.39459156639,6758.64291469273,97018.4990008519,73824.8187862022
2032,"KS",0,0,0,0,8341.41738444986,6879.94086286615,112813.740727598,83171.4687451182
2033,"KS",0,0,0,0,8952.24902467602,7576.45243669213,132559.703982384,95077.3971397867
2034,"KS",0,0,0,0,9367.83518462932,8051.69730622351,150479.507190062,105369.205756858
2035,"KS",0,0,0,0,9719.23349911029,8466.60081940226,169899.668848849,116366.114640192
2036,"KS",0,0,0,0,9852.91395562485,8649.39805488055,178671.685785346,121974.64390444
2037,"KS",0,0,0,0,9971.36481152539,8811.25808879809,187237.528842383,127412.196395576
2038,"KS",0,0,0,0,10079.3076322763,8959.46313661716,195791.41740311,132834.295991713
2039,"KS",0,0,0,0,10181.7372751303,9100.50042340638,204663.871648917,138440.791932512
2040,"KS",0,0,0,0,10282.8983226824,9246.65996894749,214252.666177289,144773.105669446
2041,"KS",0,0,0,0,10323.8314972632,9302.75701596934,218392.88623253,147360.073298097
2042,"KS",0,0,0,0,10381.5980152275,9377.55645183093,224515.607500324,150956.856565384
2043,"KS",0,0,0,0,10436.966733101,9450.04233034751,230715.307696818,154613.968491125
2044,"KS",0,0,0,0,10488.5926966524,9517.56179631152,236812.537248864,158183.5921697
2045,"KS",0,0,0,0,10533.4660186184,9575.85972615768,242380.205314734,161400.984487132
2046,"KS",0,0,0,0,10573.2611327597,9627.67588461895,247541.494418704,164372.54058561
2047,"KS",0,0,0,0,10607.796977963,9673.54492145204,252202.184398279,167095.855349358
2048,"KS",0,0,0,0,10639.8221679854,9719.0066651252,256683.670712973,169885.51611684
2049,"KS",0,0,0,0,10665.403946473,9755.54247288977,260379.561597925,172195.883833547
2050,"KS",0,0,0,0,10687.9642225402,9790.82925298225,263728.37878826,174487.716632182
2025,"KY",5744.10546326013,5744.10546326013,109138.003801942,109138.003801942,0,0,0,0
2026,"KY",12126.4448668825,12126.4448668825,230402.452470767,230402.452470767,0,0,0,0
2027,"KY",12126.4448668825,12126.4448668825,230402.452470767,230402.452470767,5939.36106681822,5939.36106681822,47782.9467337784,47782.9467337784
2028,"KY",12126.4448668825,12126.4448668825,230402.452470767,230402.452470767,6529.86643030982,5638.17761535437,58003.3969673547,48640.0066021031
2029,"KY",12126.4448668825,12126.4448668825,230402.452470767,230402.452470767,7004.36982501882,7004.36982501882,62834.6303157567,62834.6303157567
2030,"KY",12126.4448668825,12126.4448668825,230402.452470767,230402.452470767,7221.79928422248,6538.45010981966,70688.3609466048,63300.5500309559
2031,"KY",12126.4448668825,12126.4448668825,230402.452470767,230402.452470767,7524.25691602681,6072.5303946205,83800.0997912569,63766.4697461551
2032,"KY",13744.3431430929,12126.4448668825,265875.267618963,230402.452470767,7517.56224158492,6200.43108638075,97445.6759383154,71841.4258615913
2033,"KY",15335.6747571478,12126.4448668825,313322.337120685,230402.452470767,7913.33990689957,6697.2046079976,114693.409932638,82262.9393237851
2034,"KY",16419.5404845449,13065.9539852856,356675.356631069,249752.273535767,8118.79049334541,6978.13766539371,130415.572898053,91319.9783226101
2035,"KY",17314.9213277232,14123.1493165049,402706.163182902,275817.792163819,8423.33569922892,7337.72071014863,147246.379669002,100850.632688166
2036,"KY",17655.545954928,14588.9260037806,423498.112383315,289111.457280459,8539.19209487487,7496.14498089648,154848.7943473,105711.358050515
2037,"KY",17957.3647823406,15001.3536326952,443801.376158333,301999.863218194,8641.849503322,7636.42367695835,162272.524996732,110423.903542833
2038,"KY",18232.4085997868,15378.9876599827,464076.304684821,314851.641797578,8735.39994797281,7764.86805173487,169685.895082695,115123.056526152
2039,"KY",18493.4045585196,15738.3578662725,485106.316288455,328140.487411682,8824.17230511292,7887.1003669522,177375.355429062,119982.019674844
2040,"KY",18751.168071665,16110.7798493388,507834.239657778,343149.708950186,8911.84521299141,8013.77197308782,185685.644020317,125470.02491352
2041,"KY",18855.4678900186,16253.7179887446,517647.632140974,349281.491401976,8947.32063096145,8062.3894138401,189273.834734859,127712.063525017
2042,"KY",19002.6599266075,16444.3107696176,532160.065312256,357806.798126724,8997.38494653052,8127.21559158681,194580.193166948,130829.275689999
2043,"KY",19143.7422461641,16629.008488275,546854.958456723,366475.099377246,9045.37116868752,8190.03668630117,199953.266670575,133998.772692308
2044,"KY",19275.2878366512,16801.0515342273,561306.969667731,374936.030851367,9090.11367043211,8248.55355680332,205237.532282349,137092.446547074
2045,"KY",19389.6273516755,16949.5976354182,574503.78317463,382562.08288776,9129.00388280262,8299.07842933666,210062.844606102,139880.853222181
2046,"KY",19491.0273339345,17081.6278522444,586737.37342363,389605.439494682,9163.49298172508,8343.98576666976,214535.961829543,142456.201840862
2047,"KY",19579.0264304687,17198.5044995785,597784.414257649,396060.399925619,9193.42404756791,8383.7389319251,218575.226478508,144816.407969444
2048,"KY",19660.6282494403,17314.34334315,608406.696051223,402672.61754715,9221.17921225398,8423.13910977517,222459.181284577,147234.113967928
2049,"KY",19725.8119269036,17407.4384463828,617166.913466041,408148.786659429,9243.35008694327,8454.80347650447,225662.286718202,149236.432655741
2050,"KY",19783.2966619604,17497.3509633478,625104.476446935,413581.023221445,9262.90232620147,8485.38535258462,228564.594949825,151222.687747891
2025,"MA",2340.8293486019,2340.8293486019,44475.757623436,44475.757623436,0,0,0,0
2026,"MA",2340.8293486019,2340.8293486019,44475.757623436,44475.757623436,0,0,0,0
2027,"MA",2340.8293486019,2340.8293486019,44475.757623436,44475.757623436,0,0,0,0
2028,"MA",2340.8293486019,2340.8293486019,44475.757623436,44475.757623436,0,0,0,0
2029,"MA",2340.8293486019,2340.8293486019,44475.757623436,44475.757623436,0,0,0,0
2030,"MA",2340.8293486019,2340.8293486019,44475.757623436,44475.757623436,0,0,0,0
2031,"MA",2340.8293486019,2340.8293486019,44475.757623436,44475.757623436,0,0,0,0
2032,"MA",2653.14048427108,2340.8293486019,51323.2556072183,44475.757623436,0,0,0,0
2033,"MA",2960.32332198065,2340.8293486019,60482.2048305069,44475.757623436,0,0,0,0
2034,"MA",3169.5474377447,2522.18757368592,68850.8587545904,48210.952030071,0,0,0,0
2035,"MA",3342.3873573498,2726.26336718428,77736.4195351135,53242.511704886,0,0,0,0
2036,"MA",3408.13986214163,2816.17461087015,81749.9952728704,55808.6555167875,0,0,0,0
2037,"MA",3466.40148596655,2895.78761439552,85669.2375766691,58296.5700875402,0,0,0,0
2038,"MA",3519.49459339393,2968.68423197877,89583.0101832822,60777.4142929605,0,0,0,0
2039,"MA",3569.8759711823,3038.05529127362,93642.5403179276,63342.6277717672,0,0,0,0
2040,"MA",3619.63337355316,3109.94580144342,98029.8269992023,66239.9341680507,0,0,0,0
2041,"MA",3639.76689813816,3137.53787772205,99924.1560780199,67423.5833315078,0,0,0,0
2042,"MA",3668.18012583268,3174.32897189653,102725.564888259,69069.2666629534,0,0,0,0
2043,"MA",3695.41396376392,3209.98211221912,105562.194875427,70742.5529552253,0,0,0,0
2044,"MA",3720.80687836269,3243.19245668601,108351.940127264,72375.8096045191,0,0,0,0
2045,"MA",3742.87841667519,3271.86706635976,110899.388180183,73847.9052283161,0,0,0,0
2046,"MA",3762.45217114529,3297.35353084641,113260.900347021,75207.5201887717,0,0,0,0
2047,"MA",3779.43908446399,3319.91482471689,115393.366843455,76453.5540417823,0,0,0,0
2048,"MA",3795.19109874722,3342.275786047,117443.839941256,77729.9440503735,0,0,0,0
2049,"MA",3807.77383564421,3360.24640746579,119134.869278366,78787.036835328,0,0,0,0
2050,"MA",3818.87040651842,3377.6026780652,120667.09744466,79835.6490965887,0,0,0,0
2025,"MD",0,0,0,0,76.3822232815968,74.3428640105283,669.261140212562,638.551642017952
2026,"MD",0,0,0,0,80.1593434648219,77.0936373099551,854.024147286875,778.190911548638
2027,"MD",0,0,0,0,52.2256150497336,52.2256150497336,484.997462956232,484.997462956232
2028,"MD",0,0,0,0,56.9119274017325,49.1402938402672,588.670373210581,493.642309527842
2029,"MD",0,0,0,0,45.0576194312849,45.0576194312849,492.165458574681,492.165458574681
2030,"MD",0,0,0,0,45.8081297423209,41.4736216220606,553.608404584339,495.749456383905
2031,"MD",0,0,0,0,51.3884927770659,41.4736216220606,651.499982385925,495.749456383906
2032,"MD",0,0,0,0,55.6094492296658,45.8662724191077,752.091604850653,554.476458300788
2033,"MD",0,0,0,0,59.6816601645068,50.5096829112809,883.731359882561,633.849314265245
2034,"MD",0,0,0,0,62.4522345641955,53.6779820414901,1003.19671460041,702.461371712385
2035,"MD",0,0,0,0,64.7948899940686,56.4440054626818,1132.66445899232,775.77409760128
2036,"MD",0,0,0,0,65.686093037499,57.6626536992037,1191.14457190231,813.16429269627
2037,"MD",0,0,0,0,66.4757654101693,58.7417205919873,1248.25019228255,849.414642637174
2038,"MD",0,0,0,0,67.1953842151755,59.7297542441144,1305.27611602073,885.561973278089
2039,"MD",0,0,0,0,67.8782485008686,60.6700028227092,1364.42581099278,922.938612883415
2040,"MD",0,0,0,0,68.5526554845493,61.6443997929832,1428.3511078486,965.154037796305
2041,"MD",0,0,0,0,68.825543315088,62.0183801064623,1455.95257488353,982.400488653978
2042,"MD",0,0,0,0,69.2106534348502,62.5170430122062,1496.77071666883,1006.37904376922
2043,"MD",0,0,0,0,69.5797782206732,63.0002822023167,1538.10205131212,1030.75978994083
2044,"MD",0,0,0,0,69.9239513110162,63.4504119754101,1578.75024832576,1054.55728113134
2045,"MD",0,0,0,0,70.2231067907894,63.8390648410512,1615.86803543156,1076.00656324755
2046,"MD",0,0,0,0,70.4884075517314,64.1845058974597,1650.27662945803,1095.8169372374
2047,"MD",0,0,0,0,70.7186465197532,64.4902994763469,1681.34789598852,1113.97236899572
2048,"MD",0,0,0,0,70.9321477865691,64.7933777675014,1711.22447141982,1132.5701074456
2049,"MD",0,0,0,0,71.1026929764867,65.0369498192651,1735.86374398617,1147.97255889031
2050,"MD",0,0,0,0,71.2530948169344,65.2721950198817,1758.18919192173,1163.25144421455
2025,"MI",34401.2348748181,34401.2348748181,653623.462621544,653623.462621544,7076.81298703994,6887.86635057545,62007.0446406938,59161.8096329632
2026,"MI",38975.2447807475,38975.2447807475,740529.650834202,740529.650834202,7426.76317201575,7142.72549676734,79125.3372461289,72099.3879549813
2027,"MI",43230.1377164957,43230.1377164957,821372.616613419,821372.616613419,21171.9461681079,21171.9461681079,176338.118460785,176338.118460785
2028,"MI",43230.1377164957,43230.1377164957,821372.616613419,821372.616613419,23230.0227571225,20057.8366665253,214049.651738186,179495.978133538
2029,"MI",43230.1377164957,43230.1377164957,821372.616613419,821372.616613419,44669.8212729854,44669.8212729854,389218.397678533,389218.397678533
2030,"MI",43230.1377164957,43230.1377164957,821372.616613419,821372.616613419,46141.2328143073,41775.2054423654,437876.54636873,392113.013509153
2031,"MI",43230.1377164957,43230.1377164957,821372.616613419,821372.616613419,48586.9993689665,39212.64700877,518671.528244167,394675.571942748
2032,"MI",48997.859918645,43230.1377164957,947831.335626464,821372.616613419,49141.868015689,40531.8581071113,602642.038504344,444295.377023135
2033,"MI",54670.8733684552,43230.1377164957,1116977.64118592,821372.616613419,50471.1794193979,42714.6842364187,710934.518978425,509912.14954944
2034,"MI",58534.7976410614,46579.4382757545,1271528.87400257,890353.710298509,50439.5472457725,43353.0221958095,810231.826547021,567342.926863508
2035,"MI",61726.7832216844,50348.2839896918,1435626.27668582,983275.912338112,52331.5929037095,45587.0010119349,914796.45030515,626553.949927674
2036,"MI",62941.0920900575,52008.7533652672,1509748.48127218,1030667.12881235,53051.3730417361,46571.2422601619,962027.913496897,656752.140996142
2037,"MI",64017.0603245819,53479.0361556302,1582128.54803729,1076613.61764322,53689.1519335232,47442.7506361185,1008149.26779701,686029.736125913
2038,"MI",64997.5770577873,54825.2815874353,1654407.60113272,1122429.53186932,54270.3520613865,48240.736015259,1054206.25510414,715224.127718048
2039,"MI",65928.0139140402,56106.417458637,1729378.48565696,1169803.56707068,54821.8674017265,49000.1277797611,1101978.50624832,745411.37069529
2040,"MI",66846.927271903,57434.0822271113,1810402.3362621,1223310.65189641,55366.5522020962,49787.0994928029,1153607.77225392,779506.658626185
2041,"MI",67218.7506348695,57943.6491710329,1845386.56397035,1245170.13361166,55586.9500584309,50089.1446929843,1175900.09710468,793435.754661385
2042,"MI",67743.4824983597,58623.1024036462,1897122.6244137,1275562.40338503,55897.9842466567,50491.8897888084,1208866.86931758,812802.034700213
2043,"MI",68246.4335421935,59281.5400497272,1949509.1450583,1306464.44111676,56196.1078799267,50882.1779207011,1242248.12174223,832493.144345714
2044,"MI",68715.3866488281,59894.8644536499,2001029.80439337,1336627.21650982,56474.0792763423,51245.72523194,1275077.6380603,851713.188105723
2045,"MI",69123.0010020204,60424.4234861797,2048075.74997634,1363813.69064839,56715.692199581,51559.620718875,1305055.8188163,869036.700806882
2046,"MI",69484.4866019326,60895.1042602066,2091687.85534085,1388922.88624909,56929.9623591559,51838.6161880833,1332845.91978177,885036.549359783
2047,"MI",69798.1987495457,61311.7633565501,2131069.97449093,1411934.48045063,57115.9148616786,52085.5903720716,1357940.62819513,899699.783819395
2048,"MI",70089.1049393468,61724.7227371011,2168937.85001756,1435506.68825993,57288.3491598225,52330.3715539225,1382070.44434222,914720.24727844
2049,"MI",70321.4813187835,62056.6018803838,2200167.56403731,1455028.94292578,57426.0899824595,52527.0925215295,1401970.35283043,927160.037187761
2050,"MI",70526.4113737486,62377.1352711264,2228464.55829772,1474394.58036218,57547.562028897,52717.0883078074,1420001.50085559,939500.028919878
2025,"MO",0,0,0,0,76.3822232815968,74.3428640105283,669.261140212562,638.551642017952
2026,"MO",0,0,0,0,80.1593434648219,77.0936373099551,854.024147286875,778.190911548638
2027,"MO",0,0,0,0,52.2256150497336,52.2256150497336,484.997462956232,484.997462956232
2028,"MO",0,0,0,0,56.9119274017325,49.1402938402672,588.670373210581,493.642309527842
2029,"MO",0,0,0,0,45.0576194312849,45.0576194312849,492.165458574681,492.165458574681
2030,"MO",0,0,0,0,45.8081297423209,41.4736216220606,553.608404584339,495.749456383905
2031,"MO",0,0,0,0,51.3884927770659,41.4736216220606,651.499982385925,495.749456383906
2032,"MO",0,0,0,0,55.6094492296658,45.8662724191077,752.091604850653,554.476458300788
2033,"MO",0,0,0,0,59.6816601645068,50.5096829112809,883.731359882561,633.849314265245
2034,"MO",0,0,0,0,62.4522345641955,53.6779820414901,1003.19671460041,702.461371712385
2035,"MO",0,0,0,0,64.7948899940686,56.4440054626818,1132.66445899232,775.77409760128
2036,"MO",0,0,0,0,65.686093037499,57.6626536992037,1191.14457190231,813.16429269627
2037,"MO",0,0,0,0,66.4757654101693,58.7417205919873,1248.25019228255,849.414642637174
2038,"MO",0,0,0,0,67.1953842151755,59.7297542441144,1305.27611602073,885.561973278089
2039,"MO",0,0,0,0,67.8782485008686,60.6700028227092,1364.42581099278,922.938612883415
2040,"MO",0,0,0,0,68.5526554845493,61.6443997929832,1428.3511078486,965.154037796305
2041,"MO",0,0,0,0,68.825543315088,62.0183801064623,1455.95257488353,982.400488653978
2042,"MO",0,0,0,0,69.2106534348502,62.5170430122062,1496.77071666883,1006.37904376922
2043,"MO",0,0,0,0,69.5797782206732,63.0002822023167,1538.10205131212,1030.75978994083
2044,"MO",0,0,0,0,69.9239513110162,63.4504119754101,1578.75024832576,1054.55728113134
2045,"MO",0,0,0,0,70.2231067907894,63.8390648410512,1615.86803543156,1076.00656324755
2046,"MO",0,0,0,0,70.4884075517314,64.1845058974597,1650.27662945803,1095.8169372374
2047,"MO",0,0,0,0,70.7186465197532,64.4902994763469,1681.34789598852,1113.97236899572
2048,"MO",0,0,0,0,70.9321477865691,64.7933777675014,1711.22447141982,1132.5701074456
2049,"MO",0,0,0,0,71.1026929764867,65.0369498192651,1735.86374398617,1147.97255889031
2050,"MO",0,0,0,0,71.2530948169344,65.2721950198817,1758.18919192173,1163.25144421455
2025,"MS",0,0,0,0,0,0,0,0
2026,"MS",0,0,0,0,0,0,0,0
2027,"MS",0,0,0,0,6236.32912015913,6236.32912015913,50172.0940704673,50172.0940704673
2028,"MS",0,0,0,0,6856.35975182531,5920.08649612209,60903.5668157224,51072.0069322083
2029,"MS",0,0,0,0,5483.68958022202,5483.68958022202,50924.7336104044,50924.7336104044
2030,"MS",0,0,0,0,5641.15333457295,5107.36981025347,57288.4023364636,51301.053380373
2031,"MS",0,0,0,0,5862.07621409647,4731.05004028491,67912.9493005963,51677.3731503415
2032,"MS",0,0,0,0,5838.9921691149,4815.9586040063,78969.6185093185,58220.0281215827
2033,"MS",0,0,0,0,6266.57431727321,5303.51670568449,92791.7927876689,66554.1779978507
2034,"MS",0,0,0,0,6557.48462924053,5636.18811435646,105335.655033043,73758.4440298005
2035,"MS",0,0,0,0,6803.4634493772,5926.62057358158,118929.768194194,81456.2802481344
2036,"MS",0,0,0,0,6897.0397689374,6054.57863841639,125070.180049742,85382.2507331083
2037,"MS",0,0,0,0,6979.95536806777,6167.88066215866,131066.270189668,89188.5374769032
2038,"MS",0,0,0,0,7055.51534259343,6271.62419563201,137053.992182177,92984.0071941993
2039,"MS",0,0,0,0,7127.2160925912,6370.35029638447,143264.710154242,96908.5543527586
2040,"MS",0,0,0,0,7198.02882587768,6472.66197826324,149976.866324103,101341.173968612
2041,"MS",0,0,0,0,7226.68204808425,6511.92991117854,152875.020362771,103152.051308668
2042,"MS",0,0,0,0,7267.11861065926,6564.28951628165,157160.925250227,105669.799595768
2043,"MS",0,0,0,0,7305.87671317069,6615.02963124326,161500.715387772,108229.777943787
2044,"MS",0,0,0,0,7342.0148876567,6662.29325741806,165768.776074205,110728.51451879
2045,"MS",0,0,0,0,7373.42621303289,6703.10180831038,169666.143720313,112980.689140993
2046,"MS",0,0,0,0,7401.2827929318,6739.37311923326,173279.046093093,115060.778409927
2047,"MS",0,0,0,0,7425.45788457408,6771.48144501643,176541.529078795,116967.098744551
2048,"MS",0,0,0,0,7447.87551758975,6803.30466558764,179678.569499081,118919.861281788
2049,"MS",0,0,0,0,7465.7827625311,6828.87973102284,182265.693118547,120537.118683483
2050,"MS",0,0,0,0,7481.57495577811,6853.58047708758,184609.865151782,122141.401642527
2025,"NC",7799.21875122653,7799.21875122653,148185.156273304,148185.156273304,11457.3334922395,11151.4296015792,100389.171031884,95782.7463026928
2026,"NC",8224.70804480136,8224.70804480136,156269.452851226,156269.452851226,12023.9015197233,11564.0455964933,128103.622093031,116728.636732296
2027,"NC",8224.70804480136,8224.70804480136,156269.452851226,156269.452851226,8130.81031080094,8130.81031080094,75138.7667801238,75138.7667801238
2028,"NC",14607.0474484237,14607.0474484237,277533.901520051,277533.901520051,8863.28243177536,7652.9529568078,91200.7258299548,76478.3467592814
2029,"NC",14607.0474484237,14607.0474484237,277533.901520051,277533.901520051,7019.7709899414,7019.7709899414,76249.8061009833,76249.8061009833
2030,"NC",14607.0474484237,14607.0474484237,277533.901520051,277533.901520051,7139.84581061351,6464.25132951163,85769.2798465301,76805.3257614131
2031,"NC",14607.0474484237,14607.0474484237,277533.901520051,277533.901520051,7987.42040294543,6446.33134046551,100958.947324584,76823.2457504592
2032,"NC",16555.9052667502,14607.0474484237,320263.085521368,277533.901520051,8619.46463059819,7109.27222496169,116574.198751851,85943.8510366221
2033,"NC",18472.761909224,14607.0474484237,377415.994152741,277533.901520051,9250.65732549855,7829.00085124853,136978.360781797,98246.6437111129
2034,"NC",19778.3447310326,15738.7438706967,429637.368180512,300841.949139751,9680.0963574503,8320.08721643096,155495.490763064,108881.51261542
2035,"NC",20856.8859361663,17012.2005626531,485084.301125229,332239.466841541,10043.2079490806,8748.82084671567,175562.99114381,120244.985128198
2036,"NC",21267.1892151817,17573.2571827996,510129.480635761,348252.502752215,10181.3444208123,8937.71132337657,184627.408644857,126040.465367922
2037,"NC",21630.7485255352,18070.0515863307,534586.008544406,363777.379097565,10303.7436385762,9104.96669175803,193478.779803796,131659.269608762
2038,"NC",21962.0556923046,18524.9349602529,559008.404906312,379258.135540731,10415.2845533522,9258.11190783773,202317.797983214,137262.105858104
2039,"NC",22276.4413506659,18957.8184403205,584340.345199392,395265.366064668,10521.1285176346,9403.85043751992,211486.000703881,143055.484996929
2040,"NC",22586.9333298337,19406.4235869404,611717.524471983,413344.895026662,10625.6616001051,9554.8819679124,221394.421716532,149598.875858427
2041,"NC",22712.5688654154,19578.601352758,623538.358294724,420731.003502801,10667.9592138386,9612.84891650165,225672.649106947,152272.075741367
2042,"NC",22889.8707115943,19808.182060385,641019.475163851,431000.258936507,10727.6512824018,9690.14166689196,231999.461083668,155988.75178423
2043,"NC",23059.8130284496,20030.6618035958,658720.376274362,441441.760056872,10784.8656242043,9765.04374135909,238405.817953378,159767.767440829
2044,"NC",23218.2677695522,20237.898216492,676128.711182217,451633.471548331,10838.2124532075,9834.81385618857,244706.288490493,163456.378575357
2045,"NC",23355.9967362463,20416.8311166283,692025.083381932,460819.519492519,10884.5815525724,9895.05505036294,250459.545491891,166781.01730337
2046,"NC",23478.139241192,20575.8696199141,706761.194022218,469303.675012366,10925.7031705184,9948.59841410625,255792.877565994,169851.625271796
2047,"NC",23584.1395564208,20716.6547182642,720068.033033863,477079.07120865,10961.3902105617,9995.99641883377,260608.923878221,172665.717194337
2048,"NC",23682.43395801,20856.1897182575,732863.223699596,485043.893347146,10994.4829069182,10042.9735539627,265239.793070072,175548.366654068
2049,"NC",23760.951700021,20968.3284864674,743415.443483831,491640.275298884,11020.9174113554,10080.7272219861,269058.880317856,177935.746627998
2050,"NC",23830.1955931614,21076.6336340958,752976.725488535,498183.737796218,11044.2296966248,10117.1902280817,272519.324747868,180303.973853255
2025,"NH",2.12744646787412,2.12744646787412,40.4214828896083,40.4214828896083,0,0,0,0
2026,"NH",2.12744646787412,2.12744646787412,40.4214828896083,40.4214828896083,0,0,0,0
2027,"NH",2.12744646787412,2.12744646787412,40.4214828896083,40.4214828896083,0,0,0,0
2028,"NH",2.12744646787412,2.12744646787412,40.4214828896083,40.4214828896083,0,0,0,0
2029,"NH",2.12744646787412,2.12744646787412,40.4214828896083,40.4214828896083,0,0,0,0
2030,"NH",2.12744646787412,2.12744646787412,40.4214828896083,40.4214828896083,0,0,0,0
2031,"NH",2.12744646787412,2.12744646787412,40.4214828896083,40.4214828896083,0,0,0,0
2032,"NH",2.41128827071805,2.12744646787412,46.6447837928005,40.4214828896083,0,0,0,0
2033,"NH",2.69046925563996,2.12744646787412,54.9688310738044,40.4214828896083,0,0,0,0
2034,"NH",2.88062113763946,2.29227262899748,62.574623970363,43.8161883396083,0,0,0,0
2035,"NH",3.03770549609179,2.47774549412367,70.6502040671758,48.3890863445297,0,0,0,0
2036,"NH",3.09746420261895,2.55946070241765,74.2979144532131,50.7213082948173,0,0,0,0
2037,"NH",3.15041487409484,2.63181642678863,77.8598905540935,52.9824321435429,0,0,0,0
2038,"NH",3.1986681754012,2.69806801052329,81.4168955587405,55.2371301399259,0,0,0,0
2039,"NH",3.24445694009115,2.76111541513553,85.1063712786763,57.5685065634529,0,0,0,0
2040,"NH",3.28967860906404,2.82645260514716,89.0937262557505,60.201703324594,0,0,0,0
2041,"NH",3.30797682281029,2.85152947170958,90.81537405982,61.2774546319256,0,0,0,0
2042,"NH",3.33379998712413,2.8849668016873,93.3614149670624,62.7731224783727,0,0,0,0
2043,"NH",3.35855127125686,2.91736991022368,95.9394663959163,64.2938770837274,0,0,0,0
2044,"NH",3.38162944502653,2.94755290074162,98.474906959251,65.7782510265556,0,0,0,0
2045,"NH",3.40168900906588,2.9736136202488,100.790137399058,67.1161548925894,0,0,0,0
2046,"NH",3.41947847963763,2.99677681618324,102.936381302391,68.3518314902951,0,0,0,0
2047,"NH",3.43491691762609,3.01728149115413,104.874458641693,69.4842806887052,0,0,0,0
2048,"NH",3.4492330262176,3.03760409528947,106.738016851092,70.644318867921,0,0,0,0
2049,"NH",3.46066875910589,3.05393656954084,108.274897099305,71.6050502911279,0,0,0,0
2050,"NH",3.47075380034393,3.06971069532418,109.667452008234,72.5580742493763,0,0,0,0
2025,"NV",5531.36081647272,5531.36081647272,105095.855512982,105095.855512982,133.668890742794,130.100012018425,1171.20699537198,1117.46537353142
2026,"NV",5531.36081647272,5531.36081647272,105095.855512982,105095.855512982,140.278851063438,134.913865292421,1494.54225775203,1361.83409521012
2027,"NV",35102.866719923,35102.866719923,666954.467678537,666954.467678537,91.3948263370337,91.3948263370337,848.745560173407,848.745560173407
2028,"NV",35102.866719923,35102.866719923,666954.467678537,666954.467678537,99.5958729530318,85.9955142204676,1030.17315311852,863.874041673722
2029,"NV",35102.866719923,35102.866719923,666954.467678537,666954.467678537,3048.53136741386,3048.53136741386,24752.7629193949,24752.7629193949
2030,"NV",35102.866719923,35102.866719923,666954.467678537,666954.467678537,3162.28472524058,2863.0594807865,27848.77765639,24938.2348060222
2031,"NV",35102.866719923,35102.866719923,666954.467678537,666954.467678537,3325.47517621967,2683.85959032528,33008.6257314348,25117.4346964835
2032,"NV",39786.2564668479,35102.866719923,769638.932581207,666954.467678537,3358.34540051582,2769.93905085008,38377.0193972388,28293.300521214
2033,"NV",44392.7427180594,35102.866719923,906985.712717772,666954.467678537,3346.39938936937,2832.11913987727,45413.653120431,32572.5827953986
2034,"NV",47530.2487710511,37822.4983784584,1032481.29551099,722967.107603537,3231.90313869712,2777.83557064711,51915.4299805712,36352.3759861159
2035,"NV",50122.1406855146,40882.8006530406,1165728.3671084,798419.92468474,3353.13555719305,2920.97728269378,58615.3857528528,40146.3095508662
2036,"NV",51108.1593432126,42231.1015898913,1225915.58847802,836901.586864485,3399.25531469057,2984.04232893379,61641.7315959443,42081.252147032
2037,"NV",51981.8454225649,43424.9710420123,1284688.19414254,874210.130368457,3440.12085997626,3039.88404063534,64596.9474506222,43957.2077564737
2038,"NV",52778.0248941197,44518.1221736342,1343378.77671922,911412.647308778,3477.36113313533,3091.01478213292,67548.0390040729,45827.8321171411
2039,"NV",53533.539511504,45558.4043497363,1404255.12609816,949880.358296973,3512.69935991995,3139.6726460752,70609.0357188764,47762.0732167167
2040,"NV",54279.6970495566,46636.4679849281,1470046.48321988,993328.1048558,3547.59992132543,3190.09768928688,73917.1698311648,49946.7214559588
2041,"NV",54581.6175763697,47050.236283208,1498453.67198703,1011078.00142677,3561.72186655581,3209.45117050942,75345.5457502228,50839.2252878434
2042,"NV",55007.6997875481,47601.9522278404,1540463.34695653,1035756.52089315,3581.65131525349,3235.25697588167,77457.8845876119,52080.1155150573
2043,"NV",55416.0959757381,48136.6035186907,1583001.19553262,1060848.9718815,3600.75352291984,3260.26460396989,79596.7811554021,53341.8191294381
2044,"NV",55796.8858429378,48634.6228622368,1624835.96482764,1085341.14193817,3618.56448034509,3283.55881972747,81700.3253508582,54573.3392985466
2045,"NV",56127.868649587,49064.6247341052,1663037.26708446,1107416.55572772,3634.04577642335,3303.6716055244,83621.1708335831,55683.3396480606
2046,"NV",56421.394914021,49446.8174670234,1698450.29148945,1127805.21958987,3647.7750908021,3321.54818019354,85401.8155744528,56708.5265020353
2047,"NV",56676.1291408306,49785.1446040431,1730428.56758793,1146490.63136363,3659.68995739723,3337.37299790095,87009.7536174061,57648.0700955286
2048,"NV",56912.3449325903,50120.4675722763,1761177.27804301,1165631.2613207,3670.73864795495,3353.05729946819,88555.8663959758,58610.5030603099
2049,"NV",57101.0345252472,50389.9533974239,1786535.80213854,1181483.32980361,3679.56436153319,3365.66215314697,89830.9487512841,59407.5799225737
2050,"NV",57267.4377056748,50650.226472849,1809512.95813586,1197208.22511471,3687.34765677635,3377.83609227888,90986.2906819496,60198.2622381028
2025,"NY",106.372323393706,106.372323393706,2021.07414448042,2021.07414448042,210.051114024391,204.442876028953,1840.46813558454,1756.01701554937
2026,"NY",106.372323393706,106.372323393706,2021.07414448042,2021.07414448042,220.43819452826,212.007502602377,2348.5664050389,2140.02500675875
2027,"NY",106.372323393706,106.372323393706,2021.07414448042,2021.07414448042,143.620441386767,143.620441386767,1333.74302312964,1333.74302312964
2028,"NY",106.372323393706,106.372323393706,2021.07414448042,2021.07414448042,156.507800354764,135.135808060735,1618.8435263291,1357.51635120156
2029,"NY",106.372323393706,106.372323393706,2021.07414448042,2021.07414448042,123.908453436033,123.908453436033,1353.45501108037,1353.45501108037
2030,"NY",6914.2010205909,6914.2010205909,131369.819391227,131369.819391227,125.972356791382,114.052459460667,1522.42311260693,1363.31100505574
2031,"NY",6914.2010205909,6914.2010205909,131369.819391227,131369.819391227,141.318355136931,114.052459460667,1791.62495156129,1363.31100505574
2032,"NY",7836.68687983368,6914.2010205909,151595.547326601,131369.819391227,152.925985381581,126.132249152546,2068.2519133393,1524.81026032717
2033,"NY",8744.02508082988,6914.2010205909,178648.700989864,131369.819391227,164.124565452394,138.901628006022,2430.26123967704,1743.08561422942
2034,"NY",9362.01869732826,7449.8860442418,203367.52790368,142402.612103727,171.743645051538,147.614450614098,2758.79096515113,1931.76877220906
2035,"NY",9872.54286229833,8052.67285590193,229613.163218321,157264.530619721,178.185947483689,155.221015022375,3114.82726222889,2133.37876840352
2036,"NY",10066.7586585116,8318.24728285738,241468.221972943,164844.251958156,180.636755853122,158.57229767281,3275.64757273134,2236.20180491474
2037,"NY",10238.8483408082,8553.40338706303,253044.644300804,172192.904466514,182.808354877965,161.539731627965,3432.68802877703,2335.89026725223
2038,"NY",10395.6715700539,8768.72103420068,264604.910565907,179520.672954759,184.787306591733,164.256824171315,3589.50931905702,2435.29542651474
2039,"NY",10544.4850552963,8973.62509919047,276595.706655698,187097.646331222,186.665183377389,166.84250776245,3752.17098023015,2538.08118542939
2040,"NY",10691.4554794581,9185.97096672827,289554.610331189,195655.53580493,188.519802582511,169.522099430704,3927.96554658364,2654.17360393984
2041,"NY",10750.9246741334,9267.47078305613,295149.965694415,199151.727553758,189.270244116492,170.550545292771,4003.86958092971,2701.60134379844
2042,"NY",10834.8499581534,9376.14210548371,303424.598642953,204012.648054711,190.329296945838,171.921868283567,4116.11947083928,2767.54237036536
2043,"NY",10915.2916315848,9481.45220822697,311803.265786728,208955.100522114,191.344390106851,173.250776056371,4229.78064110833,2834.58942233729
2044,"NY",10990.2956963362,9579.54692741028,320043.447617566,213779.315836306,192.290866105295,174.488632932378,4341.56318289585,2900.03252311117
2045,"NY",11055.4892794641,9664.24426580861,327567.946546938,218127.503400915,193.113543674671,175.557428312891,4443.63709743678,2959.01804893076
2046,"NY",11113.3050588223,9739.52465259552,334543.239232771,222143.452343459,193.843120767261,176.507391218014,4538.26073100957,3013.49657740284
2047,"NY",11163.4799822848,9806.16484625092,340841.990585502,225823.912238292,194.476277929321,177.348323559954,4623.70671396844,3063.42401473824
2048,"NY",11210.0073352072,9872.21330969078,346898.554766048,229594.036320743,195.063406413065,178.181788860629,4705.86729640451,3114.56779547541
2049,"NY",11247.1734670941,9925.29385100773,351893.415572743,232716.413446166,195.532405685338,178.851612002979,4773.62529596196,3156.92453694836
2050,"NY",11279.9498511178,9976.55975980359,356419.219026761,235813.741310473,195.94601074657,179.498536304675,4835.02027778476,3198.94147159
2025,"OH",10424.4876925832,10424.4876925832,198065.266159081,198065.266159081,16040.2668891353,15612.0014422109,140544.839444638,134095.84482377
2026,"OH",18934.2735640797,18934.2735640797,359751.197717514,359751.197717514,16833.4621276126,16189.6638350906,179345.070930244,163420.091425214
2027,"OH",18983.2048328408,18983.2048328408,360680.891823975,360680.891823975,22846.1012940805,22846.1012940805,197415.360688366,197415.360688366
2028,"OH",19621.438773203,19621.438773203,372807.336690858,372807.336690858,25011.2376149835,21595.8169371649,239627.572308931,200944.898205053
2029,"OH",19621.438773203,19621.438773203,372807.336690858,372807.336690858,19907.2230905165,19907.2230905165,200354.23889193,200354.23889193
2030,"OH",19621.438773203,19621.438773203,372807.336690858,372807.336690858,20364.7612165025,18437.7839887346,225378.53131788,201823.677993711
2031,"OH",19621.438773203,19621.438773203,372807.336690858,372807.336690858,21957.4429386057,17720.9844268897,266172.994968847,202540.477555556
2032,"OH",22239.3117208326,19621.438773203,430204.840920999,372807.336690858,22799.874184163,18805.1716918341,308357.557988768,227335.347903323
2033,"OH",24814.1979447674,19621.438773203,506977.528993698,372807.336690858,24469.4806674478,20708.9699936252,362329.85755185,259878.21884875
2034,"OH",26567.9687524488,21141.6304572437,577125.756878658,404116.705056207,25605.4161713202,22007.9726370109,411310.652986168,288009.162402078
2035,"OH",28016.7577904546,22852.2466923026,651606.832111562,446292.543355597,26565.9048975681,23142.0422396995,464392.428186853,318067.380016525
2036,"OH",28567.9123407545,23605.906058398,685249.665001985,467802.6264031,26931.2981453746,23641.6880166735,488369.274479945,333397.36000547
2037,"OH",29056.2763837767,24273.2429042715,718101.770580405,488656.971659896,27255.0638181694,24084.1054427148,511782.578835847,348260.003481241
2038,"OH",29501.3165817252,24884.2812610563,750908.027738264,509452.051280537,27550.1075282219,24489.1992400869,535163.2075685,363080.409044016
2039,"OH",29923.6263584607,25465.767473795,784936.062303232,530954.336034726,27830.0818853561,24874.7011573108,559414.58250704,378404.8312822
2040,"OH",30340.7058113976,26068.3723772722,821711.437256787,555240.30976273,28106.5887486652,25274.2039151231,585623.954217924,395713.155496485
2041,"OH",30509.4702367793,26299.6563175774,837590.19495372,565161.96407025,28218.4727591861,25427.5358436495,596940.555702248,402784.200348131
2042,"OH",30747.6372812458,26608.0488119619,861072.330241217,578956.508618031,28376.3679082886,25631.9876350046,613675.99383422,412615.407945382
2043,"OH",30975.918374802,26906.902681993,884849.698569536,592982.428343218,28527.709070476,25830.1157029499,630621.841037968,422611.513875742
2044,"OH",31188.7683714797,27185.28040354,908234.066885172,606672.809217923,28668.8200375167,26014.6689099181,647287.601813562,432368.485263848
2045,"OH",31373.7777306146,27425.6384195547,929587.437231511,619012.296574352,28791.4737842236,26174.016584831,662505.894526938,441162.690931495
2046,"OH",31537.8500176979,27639.272575658,949382.244751954,630408.941834992,28900.2470962099,26315.6474179585,676613.41807779,449284.944267333
2047,"OH",31680.2387312655,27828.3871929145,967257.132052333,640853.520791928,28994.6450730988,26441.0227853022,689352.637355295,456728.671288246
2048,"OH",31812.2762008049,28015.8225708548,984444.72941762,651552.552918836,29082.1805924933,26565.2848846756,701602.033282127,464353.744052697
2049,"OH",31917.7479652336,28166.4569808752,998619.375946894,660413.378835073,29152.1041203595,26665.1494258987,711704.135034328,470668.749145028
2050,"OH",32010.762300572,28311.9417429749,1011462.90987194,669203.118801998,29213.7688749431,26761.5999581515,720857.56868791,476933.092127964
2025,"ON",0,0,0,0,381.911116407984,371.714320052641,3346.30570106281,3192.75821008976
2026,"ON",15028.5000487005,15028.5000487005,285541.50092531,285541.50092531,400.79671732411,385.468186549776,4270.12073643437,3890.95455774319
2027,"ON",15028.5000487005,15028.5000487005,285541.50092531,285541.50092531,14961.0467156238,14961.0467156238,120687.780480883,120687.780480883
2028,"ON",15028.5000487005,15028.5000487005,285541.50092531,285541.50092531,16445.9790520255,14200.1910672034,146501.759360256,122852.227887844
2029,"ON",15028.5000487005,15028.5000487005,285541.50092531,285541.50092531,50569.1025429202,50569.1025429202,423530.263797345,423530.263797345
2030,"ON",15028.5000487005,15028.5000487005,285541.50092531,285541.50092531,52360.763214561,47406.2244762798,476492.523536873,426693.141863985
2031,"ON",15028.5000487005,15028.5000487005,285541.50092531,285541.50092531,54842.5644946034,44261.2663986854,564881.132867804,429838.09994158
2032,"ON",17033.5876559698,15028.5000487005,329503.536792731,285541.50092531,55130.3496214758,45471.1145196943,656869.954743042,484274.686382712
2033,"ON",19005.7507674054,15028.5000487005,388305.460534182,285541.50092531,55918.2708909646,47324.6575893583,775867.921202367,556485.117694448
2034,"ON",20349.003164607,16192.8489561232,442033.561636795,309522.048399028,55114.0970029025,47370.819151615,885321.100634862,619922.16053618
2035,"ON",21458.6631839305,17503.0482982326,499080.287705306,341825.468920973,57181.4904197656,49811.8348208166,999576.385060726,684620.64113313
2036,"ON",21880.8048159364,18080.2929106683,524848.087996416,358300.523980055,57967.9771055929,50887.2918895472,1051185.08470378,717617.488304458
2037,"ON",22254.8537900802,18591.4211687248,550010.252503917,374273.334757591,58664.8629744744,51839.5684224288,1101580.79468935,749608.422127306
2038,"ON",22595.7200595648,19059.4291512607,575137.300677769,390200.752655118,59299.9265698924,52711.5081204309,1151906.1723883,781508.441417913
2039,"ON",22919.1765896183,19504.802483842,601200.135571162,406669.834826443,59902.5543020165,53541.2774910409,1204105.77820113,814493.325869614
2040,"ON",23238.6270973626,19966.3510953344,629367.220088699,425271.006818606,60497.7184651148,54401.1828173077,1260519.85267639,851748.438355239
2041,"ON",23367.887556006,20143.4966527177,641529.116755908,432870.224387064,60738.5419755652,54731.220443953,1284878.14733472,866968.431237135
2042,"ON",23550.3050372486,20379.70138115,659514.610857069,443435.775456197,61078.4016562552,55171.290458272,1320900.15746024,888129.506126339
2043,"ON",23725.1506469555,20608.6002632468,677726.230566024,454178.541963254,61404.1542797441,55597.7490435445,1357375.06028294,909645.514622785
2044,"ON",23888.1772334567,20821.8160039569,695636.842750606,464664.311738874,61707.8870319718,55994.9885682994,1393247.09414748,930646.800598403
2045,"ON",24029.8800512218,21005.9115994499,711991.868036935,474115.401869445,61971.8917428716,56337.9747222277,1426003.54126835,949575.792065962
2046,"ON",24155.5466959018,21169.5387912431,727153.155097661,482844.3480917,62206.019664403,56642.8264545081,1456369.12549671,967058.447112002
2047,"ON",24264.6054052818,21314.3859182811,740843.93219965,490844.085377904,62409.2055536821,56912.6892878762,1483789.51820987,983080.615638725
2048,"ON",24365.735864691,21457.9468782628,754008.29852502,499038.71405416,62597.6204216472,57180.1558798199,1510155.59602799,999493.119820744
2049,"ON",24446.5190547096,21573.3211515,764864.978227145,505825.41936425,62748.1265517495,57395.1082155015,1531899.75406779,1013085.7832207
2050,"ON",24517.7608203782,21684.7511938926,774702.128929961,512557.678351363,62880.8561759446,57602.7121050456,1551601.96187093,1026569.39951934
2025,"PA",0,0,0,0,26.7337781485589,26.0200024036849,234.241399074397,223.493074706283
2026,"PA",0,0,0,0,28.0557702126877,26.9827730584843,298.908451550406,272.366819042023
2027,"PA",0,0,0,0,18.2789652674067,18.2789652674067,169.749112034681,169.749112034681
2028,"PA",0,0,0,0,19.9191745906064,17.1991028440935,206.034630623703,172.774808334745
2029,"PA",0,0,0,0,15.7701668009497,15.7701668009497,172.257910501138,172.257910501138
2030,"PA",0,0,0,0,16.0328454098123,14.5157675677212,193.762941604519,173.512309734367
2031,"PA",0,0,0,0,17.9859724719731,14.5157675677212,228.024993835074,173.512309734367
2032,"PA",0,0,0,0,19.463307230383,16.0531953466877,263.232061697728,194.066760405276
2033,"PA",0,0,0,0,20.8885810575774,17.6783890189483,309.305975958896,221.847259992836
2034,"PA",0,0,0,0,21.8582820974684,18.7872937145215,351.118850110144,245.861480099335
2035,"PA",0,0,0,0,22.678211497924,19.7554019119386,396.432560647313,271.520934160448
2036,"PA",0,0,0,0,22.9901325631247,20.1819287947213,416.900600165807,284.607502443694
2037,"PA",0,0,0,0,23.2665178935592,20.5596022071955,436.887567298894,297.295124923011
2038,"PA",0,0,0,0,23.5183844753114,20.90541398544,456.846640607256,309.946690647331
2039,"PA",0,0,0,0,23.757386975304,21.2345009879482,477.549033847474,323.028514509195
2040,"PA",0,0,0,0,23.9934294195923,21.5755399275441,499.922887747008,337.803913228707
2041,"PA",0,0,0,0,24.0889401602808,21.7064330372618,509.583401209236,343.840171028892
2042,"PA",0,0,0,0,24.2237287021975,21.8809650542722,523.86975083409,352.232665319228
2043,"PA",0,0,0,0,24.3529223772356,22.0500987708109,538.335717959241,360.765926479292
2044,"PA",0,0,0,0,24.4733829588557,22.2076441913935,552.562586914017,369.095048395967
2045,"PA",0,0,0,0,24.5780873767763,22.3436726943679,565.553812401045,376.602297136642
2046,"PA",0,0,0,0,24.670942643106,22.4645770641109,577.596820310309,383.535928033089
2047,"PA",0,0,0,0,24.7515262819136,22.5716048167214,588.471763595984,389.890329148503
2048,"PA",0,0,0,0,24.8262517252992,22.6776822186255,598.928564996938,396.399537605961
2049,"PA",0,0,0,0,24.8859425417703,22.7629324367428,607.552310395158,401.790395611609
2050,"PA",0,0,0,0,24.938583185927,22.8452682569586,615.366217172606,407.138005475091
2025,"QC",0,0,0,0,76.3822232815968,74.3428640105283,669.261140212562,638.551642017952
2026,"QC",1063.72323393706,1063.72323393706,20210.7414448042,20210.7414448042,80.1593434648219,77.0936373099551,854.024147286875,778.190911548638
2027,"QC",1063.72323393706,1063.72323393706,20210.7414448042,20210.7414448042,52.2256150497336,52.2256150497336,484.997462956232,484.997462956232
2028,"QC",1063.72323393706,1063.72323393706,20210.7414448042,20210.7414448042,56.9119274017325,49.1402938402672,588.670373210581,493.642309527842
2029,"QC",1063.72323393706,1063.72323393706,20210.7414448042,20210.7414448042,45.0576194312849,45.0576194312849,492.165458574681,492.165458574681
2030,"QC",1063.72323393706,1063.72323393706,20210.7414448042,20210.7414448042,45.8081297423209,41.4736216220606,553.608404584339,495.749456383905
2031,"QC",1063.72323393706,1063.72323393706,20210.7414448042,20210.7414448042,51.3884927770659,41.4736216220606,651.499982385925,495.749456383906
2032,"QC",1205.64413535903,1063.72323393706,23322.3918964002,20210.7414448042,55.6094492296658,45.8662724191077,752.091604850653,554.476458300788
2033,"QC",1345.23462781998,1063.72323393706,27484.4155369022,20210.7414448042,59.6816601645068,50.5096829112809,883.731359882561,633.849314265245
2034,"QC",1440.31056881973,1146.13631449874,31287.3119851815,21908.0941698042,62.4522345641955,53.6779820414901,1003.19671460041,702.461371712385
2035,"QC",1518.8527480459,1238.87274706184,35325.1020335879,24194.5431722648,64.7948899940686,56.4440054626818,1132.66445899232,775.77409760128
2036,"QC",1548.73210130947,1279.73035120883,37148.9572266066,25360.6541474086,65.686093037499,57.6626536992037,1191.14457190231,813.16429269627
2037,"QC",1575.20743704742,1315.90821339431,38929.9452770468,26491.2160717714,66.4757654101693,58.7417205919873,1248.25019228255,849.414642637174
2038,"QC",1599.3340877006,1349.03400526164,40708.4477793702,27618.565069963,67.1953842151755,59.7297542441144,1305.27611602073,885.561973278089
2039,"QC",1622.22847004558,1380.55770756776,42553.1856393382,28784.2532817265,67.8782485008686,60.6700028227092,1364.42581099278,922.938612883415
2040,"QC",1644.83930453202,1413.22630257358,44546.8631278753,30100.851662297,68.5526554845493,61.6443997929832,1428.3511078486,965.154037796305
2041,"QC",1653.98841140514,1425.76473585479,45407.68702991,30638.7273159628,68.825543315088,62.0183801064623,1455.95257488353,982.400488653978
2042,"QC",1666.89999356206,1442.48340084365,46680.7074835312,31386.5612391863,69.2106534348502,62.5170430122062,1496.77071666883,1006.37904376922
2043,"QC",1679.27563562843,1458.68495511184,47969.7331979582,32146.9385418637,69.5797782206732,63.0002822023167,1538.10205131212,1030.75978994083
2044,"QC",1690.81472251327,1473.77645037081,49237.4534796255,32889.1255132778,69.9239513110162,63.4504119754101,1578.75024832576,1054.55728113134
2045,"QC",1700.84450453294,1486.8068101244,50395.068699529,33558.0774462947,70.2231067907894,63.8390648410512,1615.86803543156,1076.00656324755
2046,"QC",1709.73923981882,1498.38840809162,51468.1906511956,34175.9157451476,70.4884075517314,64.1845058974597,1650.27662945803,1095.8169372374
2047,"QC",1717.45845881305,1508.64074557706,52437.2293208464,34742.1403443526,70.7186465197532,64.4902994763469,1681.34789598852,1113.97236899572
2048,"QC",1724.6165131088,1518.80204764474,53369.0084255459,35322.1594339605,70.9321477865691,64.7933777675014,1711.22447141982,1132.5701074456
2049,"QC",1730.33437955295,1526.96828477042,54137.4485496527,35802.525145564,71.1026929764867,65.0369498192651,1735.86374398617,1147.97255889031
2050,"QC",1735.37690017196,1534.85534766209,54833.7260041171,36279.0371246881,71.2530948169344,65.2721950198817,1758.18919192173,1163.25144421455
2025,"SC",1267.95809485298,1267.95809485298,24091.2038022066,24091.2038022066,0,0,0,0
2026,"SC",1267.95809485298,1267.95809485298,24091.2038022066,24091.2038022066,0,0,0,0
2027,"SC",1267.95809485298,1267.95809485298,24091.2038022066,24091.2038022066,890.904160022733,890.904160022733,7167.44201006676,7167.44201006676
2028,"SC",1267.95809485298,1267.95809485298,24091.2038022066,24091.2038022066,979.479964546473,845.726642303156,8700.5095451032,7296.00099031547
2029,"SC",1267.95809485298,1267.95809485298,24091.2038022066,24091.2038022066,1971.25643910965,1971.25643910965,16831.5512910992,16831.5512910992
2030,"SC",1267.95809485298,1267.95809485298,24091.2038022066,24091.2038022066,2038.72724707274,1845.8165157868,18936.0426559846,16956.991214422
2031,"SC",1267.95809485298,1267.95809485298,24091.2038022066,24091.2038022066,2131.65758470056,1720.37659246394,22449.250204989,17082.4311377449
2032,"SC",1437.12780934796,1267.95809485298,27800.2911405091,24091.2038022066,2138.55328419055,1763.86331593327,26105.7177082599,19246.3335621869
2033,"SC",1603.51967636142,1267.95809485298,32761.4233199874,24091.2038022066,2192.00749610019,1855.13612158222,30802.819694493,22093.0783121524
2034,"SC",1716.85019803312,1366.1944868825,37294.4758863363,26114.4482504066,2185.82820974684,1878.72937145215,35111.8850110143,24586.1480099335
2035,"SC",1810.47247567071,1476.73631449771,42107.5216240368,28839.8954613397,2267.8211497924,1975.54019119386,39643.2560647313,27152.0934160448
2036,"SC",1846.08866476089,1525.43857864092,44281.557014115,30229.8997437111,2299.01325631247,2018.19287947213,41690.0600165807,28460.7502443694
2037,"SC",1877.64726496052,1568.56259036602,46404.4947702397,31577.5295575515,2326.65178935592,2055.96022071955,43688.7567298894,29729.5124923011
2038,"SC",1906.40623253911,1608.04853427188,48524.4697530093,32921.3295633959,2351.83844753114,2090.541398544,45684.6640607256,30994.6690647331
2039,"SC",1933.69633629433,1645.62478742078,50723.3972820911,34310.8299118179,2375.7386975304,2123.45009879482,47754.9033847473,32302.8514509195
2040,"SC",1960.64845100217,1684.56575266771,53099.8608484273,35880.215181458,2399.34294195923,2157.55399275441,49992.2887747008,33780.3913228707
2041,"SC",1971.55418639493,1699.51156513891,54125.9629396527,36521.3629606277,2408.89401602808,2170.64330372618,50958.3401209236,34384.0171028892
2042,"SC",1986.94479232598,1719.44021380563,55643.4033203692,37412.7809971101,2422.37287021975,2188.09650542722,52386.975083409,35223.2665319228
2043,"SC",2001.69655766909,1738.75246649331,57179.9219719661,38319.1507419015,2435.29223772356,2205.00987708109,53833.5717959241,36076.5926479292
2044,"SC",2015.45114923581,1756.74152884201,58691.0445477136,39203.8376118271,2447.33829588557,2220.76441913935,55256.2586914017,36909.5048395967
2045,"SC",2027.40664940326,1772.27371766829,60070.9218898385,40001.2283159833,2457.80873767763,2234.36726943679,56555.3812401045,37660.2297136642
2046,"SC",2038.00917386403,1786.07898244521,61350.0832562251,40737.6915682159,2467.0942643106,2246.45770641109,57759.6820310309,38353.5928033089
2047,"SC",2047.21048290515,1798.29976872786,62505.1773504489,41412.6312904683,2475.15262819136,2257.16048167214,58847.1763595984,38989.0329148503
2048,"SC",2055.74288362569,1810.41204079252,63615.8580432507,42104.0140452809,2482.62517252992,2267.76822186255,59892.8564996938,39639.9537605961
2049,"SC",2062.55858042711,1820.14619544634,64531.838671186,42676.6099735122,2488.59425417703,2276.29324367428,60755.2310395158,40179.0395611609
2050,"SC",2068.56926500498,1829.54757441321,65361.8013969075,43244.6122526283,2493.8583185927,2284.52682569586,61536.6217172606,40713.8005475091
2025,"MX",0,0,0,0,0,0,0,0
2026,"MX",1861.51565938986,1861.51565938986,35368.7975284073,35368.7975284073,0,0,0,0
2027,"MX",1861.51565938986,1861.51565938986,35368.7975284073,35368.7975284073,0,0,0,0
2028,"MX",1861.51565938986,1861.51565938986,35368.7975284073,35368.7975284073,0,0,0,0
2029,"MX",1861.51565938986,1861.51565938986,35368.7975284073,35368.7975284073,0,0,0,0
2030,"MX",1861.51565938986,1861.51565938986,35368.7975284073,35368.7975284073,0,0,0,0
2031,"MX",1861.51565938986,1861.51565938986,35368.7975284073,35368.7975284073,0,0,0,0
2032,"MX",2109.8772368783,1861.51565938986,40814.1858187004,35368.7975284073,0,0,0,0
2033,"MX",2354.16059868497,1861.51565938986,48097.7271895788,35368.7975284073,0,0,0,0
2034,"MX",2520.54349543453,2005.73855037279,54752.7959740676,38339.1647971573,0,0,0,0
2035,"MX",2657.99230908032,2168.02730735821,61818.9285587788,42340.4505514635,0,0,0,0
2036,"MX",2710.28117729158,2239.52811461545,65010.6751465615,44381.1447579651,0,0,0,0
2037,"MX",2756.61301483298,2302.83937344005,68127.4042348318,46359.6281256,0,0,0,0
2038,"MX",2798.83465347605,2360.80950920788,71239.7836138979,48332.4888724352,0,0,0,0
2039,"MX",2838.89982257976,2415.97598824359,74468.0748688418,50372.4432430213,0,0,0,0
2040,"MX",2878.46878293103,2473.14602950376,77957.0104737817,52676.4904090197,0,0,0,0
2041,"MX",2894.479719959,2495.08828774588,79463.4523023425,53617.7728029349,0,0,0,0
2042,"MX",2917.07498873361,2524.34595147638,81691.2380961796,54926.4821685761,0,0,0,0
2043,"MX",2938.73236234975,2552.69867144572,83947.0330964268,56257.1424482615,0,0,0,0
2044,"MX",2958.92576439822,2579.10878814892,86165.5435893446,57555.9696482362,0,0,0,0
2045,"MX",2976.47788293264,2601.9119177177,88191.3702241757,58726.6355310157,0,0,0,0
2046,"MX",2992.04366968293,2622.17971416033,90069.3336395923,59807.8525540082,0,0,0,0
2047,"MX",3005.55230292283,2640.12130475986,91765.1513114812,60798.745602617,0,0,0,0
2048,"MX",3018.0788979404,2657.90358337829,93395.7647447053,61813.7790094309,0,0,0,0
2049,"MX",3028.08516421765,2672.19449834823,94740.5349618923,62654.4190047369,0,0,0,0
2050,"MX",3036.90957530093,2685.99685840866,95959.0205072049,63488.3149682042,0,0,0,0
2025,"TN",18764.0778466498,18764.0778466498,356517.479086345,356517.479086345,20241.2891696231,19700.85896279,177354.202156329,169216.185134757
2026,"TN",20040.5457273742,20040.5457273742,380770.36882011,380770.36882011,21242.2260181778,20429.8138871381,226316.399031022,206220.591560389
2027,"TN",29614.0548328078,29614.0548328078,562667.041823348,562667.041823348,26609.4142818386,26609.4142818386,231257.663161025,231257.663161025
2028,"TN",38762.0746446665,38762.0746446665,736479.418248663,736479.418248663,29120.8735866252,25144.2597406827,280704.952380616,235391.2262194
2029,"TN",38762.0746446665,38762.0746446665,736479.418248663,736479.418248663,23168.7763849832,23168.7763849832,234698.30105788,234698.30105788
2030,"TN",38762.0746446665,38762.0746446665,736479.418248664,736479.418248664,23690.0874001263,21448.4574365555,264011.051046656,236418.620006308
2031,"TN",38762.0746446665,38762.0746446665,736479.418248664,736479.418248664,25621.2495005009,20677.8979075723,311707.343900158,237189.179535291
2032,"TN",43933.672292483,38762.0746446665,849867.960704824,736479.418248664,26692.5356302396,22015.8107611717,361003.970328313,266148.699984378
2033,"TN",49020.3498377601,38762.0746446665,1001532.10216472,736479.418248664,28647.1968789633,24244.6477974148,424191.052743629,304247.670847317
2034,"TN",52484.917127791,41765.207300334,1140109.64874001,798330.951547663,29977.0725908138,25765.4313799152,481534.423008197,337181.458421945
2035,"TN",55346.9941387925,45144.5229029333,1287246.71810394,881649.153197331,31101.5471971529,27093.1226220872,543678.940316316,372371.566848614
2036,"TN",56435.7977717172,46633.3739980497,1353708.00133754,924142.237131571,31529.3246579995,27678.0737756178,571749.394513107,390318.860494209
2037,"TN",57400.559006008,47951.6952960887,1418607.20589558,965339.913655351,31908.3673968812,28196.0258841539,599160.092295626,407719.028465843
2038,"TN",58279.7341558098,49158.7991517343,1483415.83708025,1006420.51114945,32253.7844232842,28670.2820371749,626532.535689952,425069.747173483
2039,"TN",59114.0054484608,50307.5228637694,1550638.08469748,1048898.18958611,32581.5592804169,29121.6013549004,654924.389276535,443010.534184039
2040,"TN",59937.9442571467,51497.9664657812,1623287.69237977,1096875.0345741,32905.2746325837,29589.311900632,685608.531767326,463273.938142226
2041,"TN",60271.3377116034,51954.8669745485,1654656.11536992,1116475.22339368,33036.2607912423,29768.8224511019,698857.235944095,471552.234553909
2042,"TN",60741.8357654016,52564.0951267425,1701044.98069988,1143726.29155595,33221.1136487281,30008.180645859,718449.944001038,483061.941009227
2043,"TN",61192.8041622999,53154.4797642755,1748017.0777336,1171434.44046551,33398.2935459231,30240.135457112,738288.984629817,494764.6991716
2044,"TN",61613.2884883834,53704.4138515124,1794212.80479755,1198479.73370384,33563.4966292878,30456.1977481969,757800.119196366,506187.494943041
2045,"TN",61978.7737451803,54179.2401609332,1836396.30341084,1222856.34214298,33707.0912595789,30642.7511237046,775616.657007147,516483.150358823
2046,"TN",62302.8978989977,54601.2735908585,1875500.86732957,1245370.36975318,33834.4356248311,30808.5628307806,792132.782139852,525992.12987395
2047,"TN",62584.1862391474,54974.8687688282,1910812.63645164,1266003.59414821,33944.9503294815,30955.3437486465,807046.990074492,534706.737117947
2048,"TN",62845.0257376846,55345.1466161741,1944766.66702689,1287139.48977352,34047.4309375531,31100.8213284006,821387.746281515,543633.651573889
2049,"TN",63053.3847909093,55642.7242970341,1972768.62514935,1304644.01630435,34129.2926287136,31217.7359132473,833214.59711336,551026.82826735
2050,"TN",63237.1342422663,55930.1288688065,1998140.97559003,1322008.11282364,34201.4855121285,31330.6536095432,843930.812122431,558360.693222982
2025,"TX",22338.1879126783,22338.1879126783,424425.570340887,424425.570340887,3819.11116407984,3717.14320052641,33463.0570106281,31927.5821008976
2026,"TX",22338.1879126783,22338.1879126783,424425.570340887,424425.570340887,4007.96717324109,3854.68186549776,42701.2073643437,38909.5455774319
2027,"TX",22338.1879126783,22338.1879126783,424425.570340887,424425.570340887,2611.28075248668,2611.28075248668,24249.8731478116,24249.8731478116
2028,"TX",22338.1879126783,22338.1879126783,424425.570340887,424425.570340887,2845.59637008662,2457.01469201336,29433.518660529,24682.1154763921
2029,"TX",22338.1879126783,22338.1879126783,424425.570340887,424425.570340887,2252.88097156425,2252.88097156425,24608.2729287341,24608.2729287341
2030,"TX",22338.1879126783,22338.1879126783,424425.570340888,424425.570340888,2290.40648711604,2073.68108110303,27680.4202292169,24787.4728191953
2031,"TX",22338.1879126783,22338.1879126783,424425.570340888,424425.570340888,2569.42463885329,2073.68108110303,32574.9991192962,24787.4728191953
2032,"TX",25318.5268425396,22338.1879126783,489770.229824405,424425.570340888,2780.47246148329,2293.31362095538,37604.5802425326,27723.8229150394
2033,"TX",28249.9271842196,22338.1879126783,577172.726274946,424425.570340888,2984.08300822534,2525.48414556404,44186.567994128,31692.4657132622
2034,"TX",30246.5219452144,24068.8626044735,657033.551688811,460069.977565887,3122.61172820977,2683.8991020745,50159.8357300205,35123.0685856193
2035,"TX",31895.9077089638,26016.3276882986,741827.142705346,508085.406617562,3239.74449970343,2822.20027313409,56633.2229496162,38788.704880064
2036,"TX",32523.3741274989,26874.3373753854,780128.101758738,532573.737095582,3284.30465187495,2883.13268496018,59557.2285951153,40658.2146348135
2037,"TX",33079.3561779958,27634.0724812806,817528.850817982,556315.5375072,3323.78827050846,2937.08602959936,62412.5096141277,42470.7321318587
2038,"TX",33586.0158417125,28329.7141104945,854877.403366775,579989.866469222,3359.76921075877,2986.48771220572,65263.8058010366,44278.0986639044
2039,"TX",34066.7978709571,28991.7118589231,893616.898426102,604469.318916256,3393.91242504343,3033.50014113546,68221.2905496391,46146.9306441708
2040,"TX",34541.6253951724,29677.7523540452,935484.12568538,632117.884908237,3427.63277422747,3082.21998964916,71417.5553924298,48257.7018898152
2041,"TX",34733.756639508,29941.0594529506,953561.42762811,643413.273635219,3441.2771657544,3100.91900532311,72797.6287441766,49120.0244326989
2042,"TX",35004.8998648033,30292.1514177166,980294.857154156,659117.786022913,3460.53267174251,3125.85215061031,74838.5358334414,50318.9521884612
2043,"TX",35264.788348197,30632.3840573487,1007364.39715712,675085.709379138,3478.98891103366,3150.01411011584,76905.1025656059,51537.9894970416
2044,"TX",35507.1091727786,30949.3054577871,1033986.52307214,690671.635778834,3496.19756555081,3172.52059877051,78937.5124162881,52727.8640565668
2045,"TX",35717.7345951917,31222.9430126124,1058296.44269011,704719.626372189,3511.15533953947,3191.95324205256,80793.4017715778,53800.3281623774
2046,"TX",35904.5240361952,31466.156569924,1080832.00367511,717694.230648099,3524.42037758657,3209.22529487298,82513.8314729012,54790.8468618698
2047,"TX",36066.627635074,31681.4556571183,1101181.81573777,729584.947231404,3535.93232598766,3224.51497381735,84067.3947994262,55698.6184497861
2048,"TX",36216.9467752848,31894.8430005394,1120749.17693646,741765.348113171,3546.60738932845,3239.66888837507,85561.2235709911,56628.5053722801
2049,"TX",36337.0219706119,32066.3339801788,1136886.41954271,751853.028056843,3555.13464882433,3251.84749096326,86793.1871993083,57398.6279445156
2050,"TX",36442.9149036112,32231.9623009039,1151508.24608646,761859.779618451,3562.65474084672,3263.60975099408,87909.4595960865,58162.5722107273
2025,"VA",425.489293574825,425.489293574825,8084.29657792166,8084.29657792166,0,0,0,0
2026,"VA",425.489293574825,425.489293574825,8084.29657792166,8084.29657792166,0,0,0,0
2027,"VA",425.489293574825,425.489293574825,8084.29657792166,8084.29657792166,0,0,0,0
2028,"VA",425.489293574825,425.489293574825,8084.29657792166,8084.29657792166,0,0,0,0
2029,"VA",425.489293574825,425.489293574825,8084.29657792166,8084.29657792166,0,0,0,0
2030,"VA",425.489293574825,425.489293574825,8084.29657792167,8084.29657792167,0,0,0,0
2031,"VA",425.489293574825,425.489293574825,8084.29657792167,8084.29657792167,0,0,0,0
2032,"VA",482.257654143611,425.489293574825,9328.95675856009,8084.29657792167,0,0,0,0
2033,"VA",538.093851127993,425.489293574825,10993.7662147609,8084.29657792167,0,0,0,0
2034,"VA",576.124227527893,458.454525799495,12514.9247940726,8763.23766792166,0,0,0,0
2035,"VA",607.541099218359,495.549098824734,14130.0408134352,9677.81726890594,0,0,0,0
2036,"VA",619.492840523789,511.892140483531,14859.5828906426,10144.2616589635,0,0,0,0
2037,"VA",630.082974818968,526.363285357725,15571.9781108187,10596.4864287086,0,0,0,0
2038,"VA",639.733635080239,539.613602104657,16283.3791117481,11047.4260279852,0,0,0,0
2039,"VA",648.891388018231,552.223083027106,17021.2742557353,11513.7013126906,0,0,0,0
2040,"VA",657.935721812807,565.290521029432,17818.7452511501,12040.3406649188,0,0,0,0
2041,"VA",661.595364562057,570.305894341915,18163.074811964,12255.4909263851,0,0,0,0
2042,"VA",666.759997424825,576.993360337459,18672.2829934125,12554.6244956745,0,0,0,0
2043,"VA",671.710254251371,583.473982044736,19187.8932791833,12858.7754167455,0,0,0,0
2044,"VA",676.325889005306,589.510580148325,19694.9813918502,13155.6502053111,0,0,0,0
2045,"VA",680.337801813176,594.72272404976,20158.0274798116,13423.2309785179,0,0,0,0
2046,"VA",683.895695927527,599.355363236647,20587.2762604782,13670.366298059,0,0,0,0
2047,"VA",686.983383525219,603.456298230826,20974.8917283386,13896.856137741,0,0,0,0
2048,"VA",689.846605243519,607.520819057894,21347.6033702184,14128.8637735842,0,0,0,0
2049,"VA",692.133751821178,610.787313908168,21654.9794198611,14321.0100582256,0,0,0,0
2050,"VA",694.150760068785,613.942139064836,21933.4904016468,14511.6148498753,0,0,0,0
2025,"WV",0,0,0,0,0,0,0,0
2026,"WV",0,0,0,0,0,0,0,0
2027,"WV",0,0,0,0,0,0,0,0
2028,"WV",0,0,0,0,5211.90245653358,4500.18879826365,43178.6825928772,36208.420820072
2029,"WV",0,0,0,0,4185.72096442184,4185.72096442184,36106.0098860256,36106.0098860256
2030,"WV",0,0,0,0,4326.28799313398,3916.92112873002,40620.1159028697,36374.8097217174
2031,"WV",0,0,0,0,4520.25763328645,3648.12129303819,48156.0003219075,36643.6095574093
2032,"WV",0,0,0,0,4531.1259943854,3737.24002130402,55999.0794984621,41285.0922256702
2033,"WV",0,0,0,0,4476.12451233801,3788.22621834606,66279.8519911921,47538.6985698933
2034,"WV",0,0,0,0,4683.91759231466,4025.84865311176,75239.7535950308,52684.6028784289
2035,"WV",0,0,0,0,4859.61674955515,4233.30040970113,84949.8344244243,58183.057320096
2036,"WV",0,0,0,0,4926.45697781243,4324.69902744028,89335.8428926729,60987.3219522202
2037,"WV",0,0,0,0,4985.68240576269,4405.62904439905,93618.7644211916,63706.098197788
2038,"WV",0,0,0,0,5039.65381613816,4479.73156830858,97895.708701555,66417.1479958567
2039,"WV",0,0,0,0,5090.86863756515,4550.25021170319,102331.935824459,69220.3959662562
2040,"WV",0,0,0,0,5141.4491613412,4623.32998447374,107126.333088645,72386.5528347229
2041,"WV",0,0,0,0,5161.9157486316,4651.37850798467,109196.443116265,73680.0366490484
2042,"WV",0,0,0,0,5190.79900761376,4688.77822591547,112257.803750162,75478.4282826918
2043,"WV",0,0,0,0,5218.48336655049,4725.02116517375,115357.653848409,77306.9842455625
2044,"WV",0,0,0,0,5244.29634832622,4758.78089815576,118406.268624432,79091.7960848502
2045,"WV",0,0,0,0,5266.7330093092,4787.92986307884,121190.102657367,80700.4922435662
2046,"WV",0,0,0,0,5286.63056637985,4813.83794230947,123770.747209352,82186.2702928048
2047,"WV",0,0,0,0,5303.89848898149,4836.77246072602,126101.092199139,83547.9276746792
2048,"WV",0,0,0,0,5319.91108399268,4859.5033325626,128341.835356487,84942.7580584202
2049,"WV",0,0,0,0,5332.7019732365,4877.77123644488,130189.780798962,86097.9419167735
2050,"WV",0,0,0,0,5343.98211127008,4895.41462649113,131864.18939413,87243.858316091
