"Year","State_Province","Origin","Metric Tonnes (millions)","Region"
2050,"AB","LIB Demand",0.321447559952533,"Canada-Mountain"
2050,"AB","Pack Manufacturing",0,"Canada-Mountain"
2050,"AB","Cell Manufacturing",0,"Canada-Mountain"
2050,"AB","End of Life Batteries",0.18576979464548,"Canada-Mountain"
2050,"AB","Black Mass",0,"Canada-Mountain"
2050,"AB","Refining",0,"Canada-Mountain"
2050,"AK","LIB Demand",0.0222569572262151,"US-West"
2050,"AK","Pack Manufacturing",0,"US-West"
2050,"AK","Cell Manufacturing",0,"US-West"
2050,"AK","End of Life Batteries",0.0133708448944402,"US-West"
2050,"AK","Black Mass",0,"US-West"
2050,"AK","Refining",0,"US-West"
2050,"AL","LIB Demand",0.167215660605315,"US-South"
2050,"AL","Pack Manufacturing",0.361902591627173,"US-South"
2050,"AL","Cell Manufacturing",0,"US-South"
2050,"AL","End of Life Batteries",0.0973618470143521,"US-South"
2050,"AL","Black Mass",0.018,"US-South"
2050,"AL","Refining",0,"US-South"
2050,"AR","LIB Demand",0.0911844211884099,"US-South"
2050,"AR","Pack Manufacturing",0,"US-South"
2050,"AR","Cell Manufacturing",0,"US-South"
2050,"AR","End of Life Batteries",0.0543643938854262,"US-South"
2050,"AR","Black Mass",0,"US-South"
2050,"AR","Refining",0,"US-South"
2050,"AZ","LIB Demand",0.294830601622846,"US-Mountain"
2050,"AZ","Pack Manufacturing",0.22015740990653,"US-Mountain"
2050,"AZ","Cell Manufacturing",0.501083919697693,"US-Mountain"
2050,"AZ","End of Life Batteries",0.163130034260039,"US-Mountain"
2050,"AZ","Black Mass",0.0141,"US-Mountain"
2050,"AZ","Refining",0,"US-Mountain"
2050,"BC","LIB Demand",0.288790841220925,"Canada-West"
2050,"BC","Pack Manufacturing",0,"Canada-West"
2050,"BC","Cell Manufacturing",0,"Canada-West"
2050,"BC","End of Life Batteries",0.177830034916722,"Canada-West"
2050,"BC","Black Mass",0.25,"Canada-West"
2050,"BC","Refining",0.25,"Canada-West"
2050,"CA","LIB Demand",1.97329703645415,"US-West"
2050,"CA","Pack Manufacturing",1.24174307359037,"US-West"
2050,"CA","Cell Manufacturing",0.0426800426339,"US-West"
2050,"CA","End of Life Batteries",1.26531225988648,"US-West"
2050,"CA","Black Mass",0.04582336185,"US-West"
2050,"CA","Refining",0.04582336185,"US-West"
2050,"CO","LIB Demand",0.307536592532979,"US-Mountain"
2050,"CO","Pack Manufacturing",0,"US-Mountain"
2050,"CO","Cell Manufacturing",0.00659320946970649,"US-Mountain"
2050,"CO","End of Life Batteries",0.189558279580885,"US-Mountain"
2050,"CO","Black Mass",0,"US-Mountain"
2050,"CO","Refining",0,"US-Mountain"
2050,"CT","LIB Demand",0.104578393686521,"US-East"
2050,"CT","Pack Manufacturing",0,"US-East"
2050,"CT","Cell Manufacturing",0,"US-East"
2050,"CT","End of Life Batteries",0.0658608734707914,"US-East"
2050,"CT","Black Mass",0,"US-East"
2050,"CT","Refining",0,"US-East"
2050,"DC","LIB Demand",0.0272703621458217,"US-East"
2050,"DC","Pack Manufacturing",0,"US-East"
2050,"DC","Cell Manufacturing",0,"US-East"
2050,"DC","End of Life Batteries",0.0163870427163439,"US-East"
2050,"DC","Black Mass",0,"US-East"
2050,"DC","Refining",0,"US-East"
2050,"DE","LIB Demand",0.0416082695871245,"US-East"
2050,"DE","Pack Manufacturing",0,"US-East"
2050,"DE","Cell Manufacturing",0,"US-East"
2050,"DE","End of Life Batteries",0.0234552958263864,"US-East"
2050,"DE","Black Mass",0,"US-East"
2050,"DE","Refining",0,"US-East"
2050,"FL","LIB Demand",0.932637480720632,"US-East"
2050,"FL","Pack Manufacturing",0,"US-East"
2050,"FL","Cell Manufacturing",0.013186418939413,"US-East"
2050,"FL","End of Life Batteries",0.50761604638997,"US-East"
2050,"FL","Black Mass",1.5e-05,"US-East"
2050,"FL","Refining",0,"US-East"
2050,"GA","LIB Demand",0.414317528018333,"US-East"
2050,"GA","Pack Manufacturing",1.38771000422179,"US-East"
2050,"GA","Cell Manufacturing",1.20435959646639,"US-East"
2050,"GA","End of Life Batteries",0.230385957970363,"US-East"
2050,"GA","Black Mass",0.032,"US-East"
2050,"GA","Refining",0.129143,"US-East"
2050,"HI","LIB Demand",0.0528130293122779,"US-West"
2050,"HI","Pack Manufacturing",0,"US-West"
2050,"HI","Cell Manufacturing",0,"US-West"
2050,"HI","End of Life Batteries",0.0306257861990788,"US-West"
2050,"HI","Black Mass",0,"US-West"
2050,"HI","Refining",0,"US-West"
2050,"IA","LIB Demand",0.106662339442287,"US-Midwest"
2050,"IA","Pack Manufacturing",0,"US-Midwest"
2050,"IA","Cell Manufacturing",0,"US-Midwest"
2050,"IA","End of Life Batteries",0.0623945556032426,"US-Midwest"
2050,"IA","Black Mass",0,"US-Midwest"
2050,"IA","Refining",0,"US-Midwest"
2050,"ID","LIB Demand",0.0957948926605181,"US-West"
2050,"ID","Pack Manufacturing",0,"US-West"
2050,"ID","Cell Manufacturing",0,"US-West"
2050,"ID","End of Life Batteries",0.0484527554445713,"US-West"
2050,"ID","Black Mass",0,"US-West"
2050,"ID","Refining",0,"US-West"
2050,"IL","LIB Demand",0.353380148972324,"US-Midwest"
2050,"IL","Pack Manufacturing",0.109667452008234,"US-Midwest"
2050,"IL","Cell Manufacturing",0.791185136364779,"US-Midwest"
2050,"IL","End of Life Batteries",0.225386053392759,"US-Midwest"
2050,"IL","Black Mass",0.024,"US-Midwest"
2050,"IL","Refining",0,"US-Midwest"
2050,"IN","LIB Demand",0.220377083989552,"US-Midwest"
2050,"IN","Pack Manufacturing",0.410814275222845,"US-Midwest"
2050,"IN","Cell Manufacturing",0.914785836556877,"US-Midwest"
2050,"IN","End of Life Batteries",0.129490528582422,"US-Midwest"
2050,"IN","Black Mass",5e-06,"US-Midwest"
2050,"IN","Refining",5e-06,"US-Midwest"
2050,"KS","LIB Demand",0.0897000127094101,"US-Midwest"
2050,"KS","Pack Manufacturing",0,"US-Midwest"
2050,"KS","Cell Manufacturing",0.26372837878826,"US-Midwest"
2050,"KS","End of Life Batteries",0.0540121845177949,"US-Midwest"
2050,"KS","Black Mass",0,"US-Midwest"
2050,"KS","Refining",0,"US-Midwest"
2050,"KY","LIB Demand",0.139749245830431,"US-South"
2050,"KY","Pack Manufacturing",0.625104476446935,"US-South"
2050,"KY","Cell Manufacturing",0.228564594949825,"US-South"
2050,"KY","End of Life Batteries",0.0825874358308168,"US-South"
2050,"KY","Black Mass",0.00027,"US-South"
2050,"KY","Refining",0.00027,"US-South"
2050,"LA","LIB Demand",0.133850286742252,"US-South"
2050,"LA","Pack Manufacturing",0,"US-South"
2050,"LA","Cell Manufacturing",0,"US-South"
2050,"LA","End of Life Batteries",0.0812648496111485,"US-South"
2050,"LA","Black Mass",0,"US-South"
2050,"LA","Refining",0,"US-South"
2050,"MA","LIB Demand",0.34446695244408,"US-East"
2050,"MA","Pack Manufacturing",0.12066709744466,"US-East"
2050,"MA","Cell Manufacturing",0,"US-East"
2050,"MA","End of Life Batteries",0.21605561781249,"US-East"
2050,"MA","Black Mass",0.03,"US-East"
2050,"MA","Refining",0,"US-East"
2050,"MB","LIB Demand",0.0726238797811891,"Canada-Midwest"
2050,"MB","Pack Manufacturing",0,"Canada-Midwest"
2050,"MB","Cell Manufacturing",0,"Canada-Midwest"
2050,"MB","End of Life Batteries",0.0441905209107241,"Canada-Midwest"
2050,"MB","Black Mass",0,"Canada-Midwest"
2050,"MB","Refining",0,"Canada-Midwest"
2050,"MD","LIB Demand",0.289293674833642,"US-East"
2050,"MD","Pack Manufacturing",0,"US-East"
2050,"MD","Cell Manufacturing",0.00175818919192173,"US-East"
2050,"MD","End of Life Batteries",0.182356229994406,"US-East"
2050,"MD","Black Mass",0,"US-East"
2050,"MD","Refining",0,"US-East"
2050,"ME","LIB Demand",0.0448543239814361,"US-East"
2050,"ME","Pack Manufacturing",0,"US-East"
2050,"ME","Cell Manufacturing",0,"US-East"
2050,"ME","End of Life Batteries",0.027256332230496,"US-East"
2050,"ME","Black Mass",0,"US-East"
2050,"ME","Refining",0,"US-East"
2050,"MI","LIB Demand",0.29743366626223,"US-Midwest"
2050,"MI","Pack Manufacturing",2.22846455829772,"US-Midwest"
2050,"MI","Cell Manufacturing",1.42000150085559,"US-Midwest"
2050,"MI","End of Life Batteries",0.181761394900419,"US-Midwest"
2050,"MI","Black Mass",0.02268,"US-Midwest"
2050,"MI","Refining",0,"US-Midwest"
2050,"MN","LIB Demand",0.210199272209103,"US-Midwest"
2050,"MN","Pack Manufacturing",0,"US-Midwest"
2050,"MN","Cell Manufacturing",0,"US-Midwest"
2050,"MN","End of Life Batteries",0.11982063550964,"US-Midwest"
2050,"MN","Black Mass",0,"US-Midwest"
2050,"MN","Refining",0,"US-Midwest"
2050,"MO","LIB Demand",0.191357294804591,"US-Midwest"
2050,"MO","Pack Manufacturing",0,"US-Midwest"
2050,"MO","Cell Manufacturing",0.00175818919192173,"US-Midwest"
2050,"MO","End of Life Batteries",0.115851498182514,"US-Midwest"
2050,"MO","Black Mass",0,"US-Midwest"
2050,"MO","Refining",0.2060853314,"US-Midwest"
2050,"MS","LIB Demand",0.0833193702269537,"US-South"
2050,"MS","Pack Manufacturing",0,"US-South"
2050,"MS","Cell Manufacturing",0.184609865151782,"US-South"
2050,"MS","End of Life Batteries",0.0518541752030652,"US-South"
2050,"MS","Black Mass",0,"US-South"
2050,"MS","Refining",0,"US-South"
2050,"MT","LIB Demand",0.0380798620880922,"US-Mountain"
2050,"MT","Pack Manufacturing",0,"US-Mountain"
2050,"MT","Cell Manufacturing",0,"US-Mountain"
2050,"MT","End of Life Batteries",0.0209754094249697,"US-Mountain"
2050,"MT","Black Mass",0,"US-Mountain"
2050,"MT","Refining",0,"US-Mountain"
2050,"NB","LIB Demand",0.0438119780905046,"Canada-East"
2050,"NB","Pack Manufacturing",0,"Canada-East"
2050,"NB","Cell Manufacturing",0,"Canada-East"
2050,"NB","End of Life Batteries",0.0274027710921777,"Canada-East"
2050,"NB","Black Mass",0,"Canada-East"
2050,"NB","Refining",0,"Canada-East"
2050,"NC","LIB Demand",0.38255949234865,"US-East"
2050,"NC","Pack Manufacturing",0.752976725488535,"US-East"
2050,"NC","Cell Manufacturing",0.272519324747868,"US-East"
2050,"NC","End of Life Batteries",0.21375695225142,"US-East"
2050,"NC","Black Mass",0.038,"US-East"
2050,"NC","Refining",0.028504625929,"US-East"
2050,"ND","LIB Demand",0.0364674023790629,"US-Midwest"
2050,"ND","Pack Manufacturing",0,"US-Midwest"
2050,"ND","Cell Manufacturing",0,"US-Midwest"
2050,"ND","End of Life Batteries",0.018911065606144,"US-Midwest"
2050,"ND","Black Mass",0,"US-Midwest"
2050,"ND","Refining",0,"US-Midwest"
2050,"NE","LIB Demand",0.0711851816583128,"US-Midwest"
2050,"NE","Pack Manufacturing",0,"US-Midwest"
2050,"NE","Cell Manufacturing",0,"US-Midwest"
2050,"NE","End of Life Batteries",0.0403419009337393,"US-Midwest"
2050,"NE","Black Mass",0,"US-Midwest"
2050,"NE","Refining",0,"US-Midwest"
2050,"NH","LIB Demand",0.0510288209320319,"US-East"
2050,"NH","Pack Manufacturing",0.000109667452008234,"US-East"
2050,"NH","Cell Manufacturing",0,"US-East"
2050,"NH","End of Life Batteries",0.0300746856890148,"US-East"
2050,"NH","Black Mass",0,"US-East"
2050,"NH","Refining",0,"US-East"
2050,"NJ","LIB Demand",0.422133752063098,"US-East"
2050,"NJ","Pack Manufacturing",0,"US-East"
2050,"NJ","Cell Manufacturing",0,"US-East"
2050,"NJ","End of Life Batteries",0.270500611513913,"US-East"
2050,"NJ","Black Mass",5e-04,"US-East"
2050,"NJ","Refining",5e-04,"US-East"
2050,"NL","LIB Demand",0.0244769343747173,"Canada-East"
2050,"NL","Pack Manufacturing",0,"Canada-East"
2050,"NL","Cell Manufacturing",0,"Canada-East"
2050,"NL","End of Life Batteries",0.0160925903158002,"Canada-East"
2050,"NL","Black Mass",0,"Canada-East"
2050,"NL","Refining",0,"Canada-East"
2050,"NM","LIB Demand",0.0729398236571415,"US-Mountain"
2050,"NM","Pack Manufacturing",0,"US-Mountain"
2050,"NM","Cell Manufacturing",0,"US-Mountain"
2050,"NM","End of Life Batteries",0.0506905783884834,"US-Mountain"
2050,"NM","Black Mass",0,"US-Mountain"
2050,"NM","Refining",0,"US-Mountain"
2050,"NS","LIB Demand",0.0494277912161535,"Canada-East"
2050,"NS","Pack Manufacturing",0,"Canada-East"
2050,"NS","Cell Manufacturing",0,"Canada-East"
2050,"NS","End of Life Batteries",0.0311855697831291,"Canada-East"
2050,"NS","Black Mass",0,"Canada-East"
2050,"NS","Refining",0,"Canada-East"
2050,"NT","LIB Demand",0.00186559495975731,"Canada-East"
2050,"NT","Pack Manufacturing",0,"Canada-East"
2050,"NT","Cell Manufacturing",0,"Canada-East"
2050,"NT","End of Life Batteries",0.00117438633547711,"Canada-East"
2050,"NT","Black Mass",0,"Canada-East"
2050,"NT","Refining",0,"Canada-East"
2050,"NU","LIB Demand",0.000607763251639451,"Canada-East"
2050,"NU","Pack Manufacturing",0,"Canada-East"
2050,"NU","Cell Manufacturing",0,"Canada-East"
2050,"NU","End of Life Batteries",0.000366753952268463,"Canada-East"
2050,"NU","Black Mass",0,"Canada-East"
2050,"NU","Refining",0,"Canada-East"
2050,"NV","LIB Demand",0.132253595549832,"US-West"
2050,"NV","Pack Manufacturing",1.80951295813586,"US-West"
2050,"NV","Cell Manufacturing",0.0909862906819496,"US-West"
2050,"NV","End of Life Batteries",0.0717123773758659,"US-West"
2050,"NV","Black Mass",0.216075,"US-West"
2050,"NV","Refining",0.216075,"US-West"
2050,"NY","LIB Demand",0.712219352784635,"US-East"
2050,"NY","Pack Manufacturing",0.356419219026761,"US-East"
2050,"NY","Cell Manufacturing",0.00483502027778476,"US-East"
2050,"NY","End of Life Batteries",0.464572717606908,"US-East"
2050,"NY","Black Mass",0.01012,"US-East"
2050,"NY","Refining",0.00012,"US-East"
2050,"OH","LIB Demand",0.359377141629278,"US-Midwest"
2050,"OH","Pack Manufacturing",1.01146290987194,"US-Midwest"
2050,"OH","Cell Manufacturing",0.72085756868791,"US-Midwest"
2050,"OH","End of Life Batteries",0.21894337638172,"US-Midwest"
2050,"OH","Black Mass",0.0176,"US-Midwest"
2050,"OH","Refining",0.05400569026,"US-Midwest"
2050,"OK","LIB Demand",0.149730325143441,"US-South"
2050,"OK","Pack Manufacturing",0,"US-South"
2050,"OK","Cell Manufacturing",0,"US-South"
2050,"OK","End of Life Batteries",0.0871131806631506,"US-South"
2050,"OK","Black Mass",0.045359,"US-South"
2050,"OK","Refining",0,"US-South"
2050,"ON","LIB Demand",0.794256009560969,"Canada-East"
2050,"ON","Pack Manufacturing",0.774702128929961,"Canada-East"
2050,"ON","Cell Manufacturing",1.55160196187093,"Canada-East"
2050,"ON","End of Life Batteries",0.485723576521294,"Canada-East"
2050,"ON","Black Mass",0.068,"Canada-East"
2050,"ON","Refining",0.0325,"Canada-East"
2050,"OR","LIB Demand",0.216384117025292,"US-West"
2050,"OR","Pack Manufacturing",0,"US-West"
2050,"OR","Cell Manufacturing",0,"US-West"
2050,"OR","End of Life Batteries",0.128563126317537,"US-West"
2050,"OR","Black Mass",0,"US-West"
2050,"OR","Refining",0,"US-West"
2050,"PA","LIB Demand",0.369907410728118,"US-East"
2050,"PA","Pack Manufacturing",0,"US-East"
2050,"PA","Cell Manufacturing",0.000615366217172606,"US-East"
2050,"PA","End of Life Batteries",0.226223476006036,"US-East"
2050,"PA","Black Mass",0.015,"US-East"
2050,"PA","Refining",0.02,"US-East"
2050,"PE","LIB Demand",0.00915665233962564,"Canada-East"
2050,"PE","Pack Manufacturing",0,"Canada-East"
2050,"PE","Cell Manufacturing",0,"Canada-East"
2050,"PE","End of Life Batteries",0.00552887086494149,"Canada-East"
2050,"PE","Black Mass",0,"Canada-East"
2050,"PE","Refining",0,"Canada-East"
2050,"PR","LIB Demand",0,NA
2050,"PR","Pack Manufacturing",0,NA
2050,"PR","Cell Manufacturing",0,NA
2050,"PR","End of Life Batteries",0,NA
2050,"PR","Black Mass",0,NA
2050,"PR","Refining",0,NA
2050,"QC","LIB Demand",0.414893669833403,"Canada-East"
2050,"QC","Pack Manufacturing",0.0548337260041171,"Canada-East"
2050,"QC","Cell Manufacturing",0.00175818919192173,"Canada-East"
2050,"QC","End of Life Batteries",0.270269964174438,"Canada-East"
2050,"QC","Black Mass",0,"Canada-East"
2050,"QC","Refining",0,"Canada-East"
2050,"RI","LIB Demand",0.0486056688139042,"US-East"
2050,"RI","Pack Manufacturing",0,"US-East"
2050,"RI","Cell Manufacturing",0,"US-East"
2050,"RI","End of Life Batteries",0.0313741578954236,"US-East"
2050,"RI","Black Mass",0,"US-East"
2050,"RI","Refining",0,"US-East"
2050,"SC","LIB Demand",0.208654664418797,"US-East"
2050,"SC","Pack Manufacturing",0.0653618013969075,"US-East"
2050,"SC","Cell Manufacturing",0.0615366217172606,"US-East"
2050,"SC","End of Life Batteries",0.114203789563349,"US-East"
2050,"SC","Black Mass",0.02184,"US-East"
2050,"SC","Refining",0.05644569026,"US-East"
2050,"SD","LIB Demand",0.0346754449317304,"US-Midwest"
2050,"SD","Pack Manufacturing",0,"US-Midwest"
2050,"SD","Cell Manufacturing",0,"US-Midwest"
2050,"SD","End of Life Batteries",0.0191388793579586,"US-Midwest"
2050,"SD","Black Mass",0,"US-Midwest"
2050,"SD","Refining",0,"US-Midwest"
2050,"SK","LIB Demand",0.072145671865547,"Canada-Midwest"
2050,"SK","Pack Manufacturing",0,"Canada-Midwest"
2050,"SK","Cell Manufacturing",0,"Canada-Midwest"
2050,"SK","End of Life Batteries",0.0431619093075016,"Canada-Midwest"
2050,"SK","Black Mass",0,"Canada-Midwest"
2050,"SK","Refining",0,"Canada-Midwest"
2050,"TN","LIB Demand",0.262878586764745,"US-South"
2050,"TN","Pack Manufacturing",1.99814097559003,"US-South"
2050,"TN","Cell Manufacturing",0.843930812122431,"US-South"
2050,"TN","End of Life Batteries",0.146859260198404,"US-South"
2050,"TN","Black Mass",0,"US-South"
2050,"TN","Refining",0,"US-South"
2050,"TX","LIB Demand",1.32535691266604,"US-South"
2050,"TX","Pack Manufacturing",1.15150824608646,"US-South"
2050,"TX","Cell Manufacturing",0.0879094595960865,"US-South"
2050,"TX","End of Life Batteries",0.707236024699599,"US-South"
2050,"TX","Black Mass",0.049,"US-South"
2050,"TX","Refining",0.363403181704,"US-South"
2050,"UT","LIB Demand",0.160219401772401,"US-Mountain"
2050,"UT","Pack Manufacturing",0,"US-Mountain"
2050,"UT","Cell Manufacturing",0,"US-Mountain"
2050,"UT","End of Life Batteries",0.0826871907758485,"US-Mountain"
2050,"UT","Black Mass",0,"US-Mountain"
2050,"UT","Refining",0,"US-Mountain"
2050,"VA","LIB Demand",0.349091643744748,"US-East"
2050,"VA","Pack Manufacturing",0.0219334904016468,"US-East"
2050,"VA","Cell Manufacturing",0,"US-East"
2050,"VA","End of Life Batteries",0.196949663557546,"US-East"
2050,"VA","Black Mass",0,"US-East"
2050,"VA","Refining",0,"US-East"
2050,"VT","LIB Demand",0.0316813901203537,"US-East"
2050,"VT","Pack Manufacturing",0,"US-East"
2050,"VT","Cell Manufacturing",0,"US-East"
2050,"VT","End of Life Batteries",0.0206773637397271,"US-East"
2050,"VT","Black Mass",0,"US-East"
2050,"VT","Refining",0,"US-East"
2050,"WA","LIB Demand",0.471529852161822,"US-West"
2050,"WA","Pack Manufacturing",0,"US-West"
2050,"WA","Cell Manufacturing",0,"US-West"
2050,"WA","End of Life Batteries",0.272136374141042,"US-West"
2050,"WA","Black Mass",0,"US-West"
2050,"WA","Refining",0,"US-West"
2050,"WI","LIB Demand",0.192417118482823,"US-Midwest"
2050,"WI","Pack Manufacturing",0,"US-Midwest"
2050,"WI","Cell Manufacturing",0,"US-Midwest"
2050,"WI","End of Life Batteries",0.114039775856155,"US-Midwest"
2050,"WI","Black Mass",0,"US-Midwest"
2050,"WI","Refining",0,"US-Midwest"
2050,"WV","LIB Demand",0.0446942009452826,"US-East"
2050,"WV","Pack Manufacturing",0,"US-East"
2050,"WV","Cell Manufacturing",0.13186418939413,"US-East"
2050,"WV","End of Life Batteries",0.0289851476761005,"US-East"
2050,"WV","Black Mass",0,"US-East"
2050,"WV","Refining",0,"US-East"
2050,"WY","LIB Demand",0.0188666380113841,"US-Mountain"
2050,"WY","Pack Manufacturing",0,"US-Mountain"
2050,"WY","Cell Manufacturing",0,"US-Mountain"
2050,"WY","End of Life Batteries",0.0112295072824022,"US-Mountain"
2050,"WY","Black Mass",0,"US-Mountain"
2050,"WY","Refining",0,"US-Mountain"
2050,"YT","LIB Demand",0.00290488713205513,"Canada-West"
2050,"YT","Pack Manufacturing",0,"Canada-West"
2050,"YT","Cell Manufacturing",0,"Canada-West"
2050,"YT","End of Life Batteries",0.00175134254272521,"Canada-West"
2050,"YT","Black Mass",0,"Canada-West"
2050,"YT","Refining",0,"Canada-West"
2050,"MX","LIB Demand",0.174481822043239,"Mexico"
2050,"MX","Pack Manufacturing",0.0959590205072049,"Mexico"
2050,"MX","Cell Manufacturing",0,"Mexico"
2050,"MX","End of Life Batteries",0.654099500848064,"Mexico"
2050,"MX","Black Mass",0,"Mexico"
2050,"MX","Refining",0,"Mexico"
