"Year","Mineral","Total_Minerals_Exported","Scenario"
2035,"Cobalt",0,"Decreasing Batt Cap - Benchmark Chemistry"
2035,"Copper",0,"Decreasing Batt Cap - Benchmark Chemistry"
2035,"Graphite",0,"Decreasing Batt Cap - Benchmark Chemistry"
2035,"Lithium",0,"Decreasing Batt Cap - Benchmark Chemistry"
2035,"Manganese",0,"Decreasing Batt Cap - Benchmark Chemistry"
2035,"Nickel",0,"Decreasing Batt Cap - Benchmark Chemistry"
2035,"Cobalt",0,"Decreasing Batt Cap - High LFP Chemistry"
2035,"Copper",0,"Decreasing Batt Cap - High LFP Chemistry"
2035,"Graphite",0,"Decreasing Batt Cap - High LFP Chemistry"
2035,"Lithium",0,"Decreasing Batt Cap - High LFP Chemistry"
2035,"Manganese",0,"Decreasing Batt Cap - High LFP Chemistry"
2035,"Nickel",0,"Decreasing Batt Cap - High LFP Chemistry"
2035,"Cobalt",549.662085912251,"Increasing Batt Cap - Benchmark Chemistry"
2035,"Copper",3381.52478318305,"Increasing Batt Cap - Benchmark Chemistry"
2035,"Graphite",6735.97347524078,"Increasing Batt Cap - Benchmark Chemistry"
2035,"Lithium",627.855910128844,"Increasing Batt Cap - Benchmark Chemistry"
2035,"Manganese",244.993069792179,"Increasing Batt Cap - Benchmark Chemistry"
2035,"Nickel",2816.92000346356,"Increasing Batt Cap - Benchmark Chemistry"
2035,"Cobalt",555.63455647081,"Increasing Batt Cap - High LFP Chemistry"
2035,"Copper",3513.67812973432,"Increasing Batt Cap - High LFP Chemistry"
2035,"Graphite",6969.93623436553,"Increasing Batt Cap - High LFP Chemistry"
2035,"Lithium",647.95444456332,"Increasing Batt Cap - High LFP Chemistry"
2035,"Manganese",246.090779393071,"Increasing Batt Cap - High LFP Chemistry"
2035,"Nickel",2846.25824479702,"Increasing Batt Cap - High LFP Chemistry"
2036,"Cobalt",1430.30564069727,"Decreasing Batt Cap - Benchmark Chemistry"
2036,"Copper",8986.18952209674,"Decreasing Batt Cap - Benchmark Chemistry"
2036,"Graphite",17892.2948995018,"Decreasing Batt Cap - Benchmark Chemistry"
2036,"Lithium",1664.62241459663,"Decreasing Batt Cap - Benchmark Chemistry"
2036,"Manganese",653.701755541142,"Decreasing Batt Cap - Benchmark Chemistry"
2036,"Nickel",7448.29146619521,"Decreasing Batt Cap - Benchmark Chemistry"
2036,"Cobalt",1419.57097422056,"Decreasing Batt Cap - High LFP Chemistry"
2036,"Copper",9151.32076098549,"Decreasing Batt Cap - High LFP Chemistry"
2036,"Graphite",18151.0582621772,"Decreasing Batt Cap - High LFP Chemistry"
2036,"Lithium",1684.60411305716,"Decreasing Batt Cap - High LFP Chemistry"
2036,"Manganese",645.43126287818,"Decreasing Batt Cap - High LFP Chemistry"
2036,"Nickel",7392.10780789903,"Decreasing Batt Cap - High LFP Chemistry"
2036,"Cobalt",2815.94009887719,"Increasing Batt Cap - Benchmark Chemistry"
2036,"Copper",17419.7260492176,"Increasing Batt Cap - Benchmark Chemistry"
2036,"Graphite",34767.1253867383,"Increasing Batt Cap - Benchmark Chemistry"
2036,"Lithium",3239.30209518001,"Increasing Batt Cap - Benchmark Chemistry"
2036,"Manganese",1302.10617407392,"Increasing Batt Cap - Benchmark Chemistry"
2036,"Nickel",14662.4671541567,"Increasing Batt Cap - Benchmark Chemistry"
2036,"Cobalt",2760.95402845093,"Increasing Batt Cap - High LFP Chemistry"
2036,"Copper",17665.3395459283,"Increasing Batt Cap - High LFP Chemistry"
2036,"Graphite",35077.1512036374,"Increasing Batt Cap - High LFP Chemistry"
2036,"Lithium",3257.74343850779,"Increasing Batt Cap - High LFP Chemistry"
2036,"Manganese",1268.25897571361,"Increasing Batt Cap - High LFP Chemistry"
2036,"Nickel",14372.7941924653,"Increasing Batt Cap - High LFP Chemistry"
2037,"Cobalt",3866.78328007663,"Decreasing Batt Cap - Benchmark Chemistry"
2037,"Copper",24543.5398695767,"Decreasing Batt Cap - Benchmark Chemistry"
2037,"Graphite",48906.5487261255,"Decreasing Batt Cap - Benchmark Chemistry"
2037,"Lithium",4546.05857450325,"Decreasing Batt Cap - Benchmark Chemistry"
2037,"Manganese",1815.23585831411,"Decreasing Batt Cap - Benchmark Chemistry"
2037,"Nickel",20413.6640839567,"Decreasing Batt Cap - Benchmark Chemistry"
2037,"Cobalt",3789.77683147291,"Decreasing Batt Cap - High LFP Chemistry"
2037,"Copper",24832.4719813226,"Decreasing Batt Cap - High LFP Chemistry"
2037,"Graphite",49249.1227456843,"Decreasing Batt Cap - High LFP Chemistry"
2037,"Lithium",4564.33432760924,"Decreasing Batt Cap - High LFP Chemistry"
2037,"Manganese",1769.018599638,"Decreasing Batt Cap - High LFP Chemistry"
2037,"Nickel",20011.5714986632,"Decreasing Batt Cap - High LFP Chemistry"
2037,"Cobalt",5463.46973250277,"Increasing Batt Cap - Benchmark Chemistry"
2037,"Copper",34016.5621445729,"Increasing Batt Cap - Benchmark Chemistry"
2037,"Graphite",67978.5201220312,"Increasing Batt Cap - Benchmark Chemistry"
2037,"Lithium",6330.22947167854,"Increasing Batt Cap - Benchmark Chemistry"
2037,"Manganese",2597.04322928675,"Increasing Batt Cap - Benchmark Chemistry"
2037,"Nickel",28822.2811978316,"Increasing Batt Cap - Benchmark Chemistry"
2037,"Cobalt",5306.21788804133,"Increasing Batt Cap - High LFP Chemistry"
2037,"Copper",34441.5513357424,"Increasing Batt Cap - High LFP Chemistry"
2037,"Graphite",68395.982957932,"Increasing Batt Cap - High LFP Chemistry"
2037,"Lithium",6344.20408555644,"Increasing Batt Cap - High LFP Chemistry"
2037,"Manganese",2504.27196579905,"Increasing Batt Cap - High LFP Chemistry"
2037,"Nickel",27993.4189649831,"Increasing Batt Cap - High LFP Chemistry"
2038,"Cobalt",7012.0188822451,"Decreasing Batt Cap - Benchmark Chemistry"
2038,"Copper",44678.4144775717,"Decreasing Batt Cap - Benchmark Chemistry"
2038,"Graphite",89039.428743103,"Decreasing Batt Cap - Benchmark Chemistry"
2038,"Lithium",8273.07203706708,"Decreasing Batt Cap - Benchmark Chemistry"
2038,"Manganese",3375.65966370797,"Decreasing Batt Cap - Benchmark Chemistry"
2038,"Nickel",37145.5074417507,"Decreasing Batt Cap - Benchmark Chemistry"
2038,"Cobalt",6821.60875578692,"Decreasing Batt Cap - High LFP Chemistry"
2038,"Copper",45160.3798211792,"Decreasing Batt Cap - High LFP Chemistry"
2038,"Graphite",89491.6245493232,"Decreasing Batt Cap - High LFP Chemistry"
2038,"Lithium",8285.60922071802,"Decreasing Batt Cap - High LFP Chemistry"
2038,"Manganese",3264.34247319738,"Decreasing Batt Cap - High LFP Chemistry"
2038,"Nickel",36146.4886006211,"Decreasing Batt Cap - High LFP Chemistry"
2038,"Cobalt",8990.14825992578,"Increasing Batt Cap - Benchmark Chemistry"
2038,"Copper",55936.8447131431,"Increasing Batt Cap - Benchmark Chemistry"
2038,"Graphite",111868.883120168,"Increasing Batt Cap - Benchmark Chemistry"
2038,"Lithium",10417.325175455,"Increasing Batt Cap - Benchmark Chemistry"
2038,"Manganese",4384.316312395,"Increasing Batt Cap - Benchmark Chemistry"
2038,"Nickel",47571.809228139,"Increasing Batt Cap - Benchmark Chemistry"
2038,"Cobalt",8661.53297203287,"Increasing Batt Cap - High LFP Chemistry"
2038,"Copper",56641.9899161281,"Increasing Batt Cap - High LFP Chemistry"
2038,"Graphite",112429.22702849,"Increasing Batt Cap - High LFP Chemistry"
2038,"Lithium",10420.7113089142,"Increasing Batt Cap - High LFP Chemistry"
2038,"Manganese",4192.50193316467,"Increasing Batt Cap - High LFP Chemistry"
2038,"Nickel",45832.845103678,"Increasing Batt Cap - High LFP Chemistry"
2039,"Cobalt",9671.94349194576,"Decreasing Batt Cap - Benchmark Chemistry"
2039,"Copper",63543.0775215294,"Decreasing Batt Cap - Benchmark Chemistry"
2039,"Graphite",126116.040196186,"Decreasing Batt Cap - Benchmark Chemistry"
2039,"Lithium",11683.4281124444,"Decreasing Batt Cap - Benchmark Chemistry"
2039,"Manganese",4835.15052440348,"Decreasing Batt Cap - Benchmark Chemistry"
2039,"Nickel",51308.0938741825,"Decreasing Batt Cap - Benchmark Chemistry"
2039,"Cobalt",9298.25755707276,"Decreasing Batt Cap - High LFP Chemistry"
2039,"Copper",64345.337466187,"Decreasing Batt Cap - High LFP Chemistry"
2039,"Graphite",126761.122231674,"Decreasing Batt Cap - High LFP Chemistry"
2039,"Lithium",11688.0049353729,"Decreasing Batt Cap - High LFP Chemistry"
2039,"Manganese",4619.49202955467,"Decreasing Batt Cap - High LFP Chemistry"
2039,"Nickel",49348.1617748748,"Decreasing Batt Cap - High LFP Chemistry"
2039,"Cobalt",12211.0952637803,"Increasing Batt Cap - Benchmark Chemistry"
2039,"Copper",77596.3425770135,"Increasing Batt Cap - Benchmark Chemistry"
2039,"Graphite",154749.800136976,"Increasing Batt Cap - Benchmark Chemistry"
2039,"Lithium",14380.1078763833,"Increasing Batt Cap - Benchmark Chemistry"
2039,"Manganese",6182.85761914461,"Increasing Batt Cap - Benchmark Chemistry"
2039,"Nickel",64678.8159939998,"Increasing Batt Cap - Benchmark Chemistry"
2039,"Cobalt",11604.1205626516,"Increasing Batt Cap - High LFP Chemistry"
2039,"Copper",78760.960448344,"Increasing Batt Cap - High LFP Chemistry"
2039,"Graphite",155551.683583611,"Increasing Batt Cap - High LFP Chemistry"
2039,"Lithium",14367.093325683,"Increasing Batt Cap - High LFP Chemistry"
2039,"Manganese",5831.25308124184,"Increasing Batt Cap - High LFP Chemistry"
2039,"Nickel",61466.1847460001,"Increasing Batt Cap - High LFP Chemistry"
2040,"Cobalt",12375.7304454036,"Decreasing Batt Cap - Benchmark Chemistry"
2040,"Copper",83515.7155646608,"Decreasing Batt Cap - Benchmark Chemistry"
2040,"Graphite",165175.641864043,"Decreasing Batt Cap - Benchmark Chemistry"
2040,"Lithium",15262.6411070296,"Decreasing Batt Cap - Benchmark Chemistry"
2040,"Manganese",6430.26035093364,"Decreasing Batt Cap - Benchmark Chemistry"
2040,"Nickel",65713.9977988233,"Decreasing Batt Cap - Benchmark Chemistry"
2040,"Cobalt",11696.5128980382,"Decreasing Batt Cap - High LFP Chemistry"
2040,"Copper",84836.3994233551,"Decreasing Batt Cap - High LFP Chemistry"
2040,"Graphite",166116.998055549,"Decreasing Batt Cap - High LFP Chemistry"
2040,"Lithium",15251.8690094665,"Decreasing Batt Cap - High LFP Chemistry"
2040,"Manganese",6041.02360470916,"Decreasing Batt Cap - High LFP Chemistry"
2040,"Nickel",62154.5943379214,"Decreasing Batt Cap - High LFP Chemistry"
2040,"Cobalt",15781.3350994757,"Increasing Batt Cap - Benchmark Chemistry"
2040,"Copper",101735.245895957,"Increasing Batt Cap - Benchmark Chemistry"
2040,"Graphite",202522.503534373,"Increasing Batt Cap - Benchmark Chemistry"
2040,"Lithium",18791.8246829863,"Increasing Batt Cap - Benchmark Chemistry"
2040,"Manganese",8294.52124119027,"Increasing Batt Cap - Benchmark Chemistry"
2040,"Nickel",83642.2547106133,"Increasing Batt Cap - Benchmark Chemistry"
2040,"Cobalt",14714.0926618451,"Increasing Batt Cap - High LFP Chemistry"
2040,"Copper",103641.295250606,"Increasing Batt Cap - High LFP Chemistry"
2040,"Graphite",203694.307292771,"Increasing Batt Cap - High LFP Chemistry"
2040,"Lithium",18749.2731533703,"Increasing Batt Cap - High LFP Chemistry"
2040,"Manganese",7679.16588970266,"Increasing Batt Cap - High LFP Chemistry"
2040,"Nickel",77996.6411167,"Increasing Batt Cap - High LFP Chemistry"
2041,"Cobalt",15143.4200155533,"Decreasing Batt Cap - Benchmark Chemistry"
2041,"Copper",104371.193897889,"Decreasing Batt Cap - Benchmark Chemistry"
2041,"Graphite",205930.199758203,"Decreasing Batt Cap - Benchmark Chemistry"
2041,"Lithium",18990.3163440933,"Decreasing Batt Cap - Benchmark Chemistry"
2041,"Manganese",8168.6111400321,"Decreasing Batt Cap - Benchmark Chemistry"
2041,"Nickel",80611.6182383036,"Decreasing Batt Cap - Benchmark Chemistry"
2041,"Cobalt",14003.3912676206,"Decreasing Batt Cap - High LFP Chemistry"
2041,"Copper",106454.912276912,"Decreasing Batt Cap - High LFP Chemistry"
2041,"Graphite",207280.121899088,"Decreasing Batt Cap - High LFP Chemistry"
2041,"Lithium",18953.1602633989,"Decreasing Batt Cap - High LFP Chemistry"
2041,"Manganese",7516.31106553751,"Decreasing Batt Cap - High LFP Chemistry"
2041,"Nickel",74623.9741189844,"Decreasing Batt Cap - High LFP Chemistry"
2041,"Cobalt",19786.9863790414,"Increasing Batt Cap - Benchmark Chemistry"
2041,"Copper",128384.806490432,"Increasing Batt Cap - Benchmark Chemistry"
2041,"Graphite",255482.441570987,"Increasing Batt Cap - Benchmark Chemistry"
2041,"Lithium",23689.1670985059,"Increasing Batt Cap - Benchmark Chemistry"
2041,"Manganese",10768.9300493954,"Increasing Batt Cap - Benchmark Chemistry"
2041,"Nickel",105116.135099601,"Increasing Batt Cap - Benchmark Chemistry"
2041,"Cobalt",18020.589927069,"Increasing Batt Cap - High LFP Chemistry"
2041,"Copper",131398.451095795,"Increasing Batt Cap - High LFP Chemistry"
2041,"Graphite",257176.327197088,"Increasing Batt Cap - High LFP Chemistry"
2041,"Lithium",23598.3649194649,"Increasing Batt Cap - High LFP Chemistry"
2041,"Manganese",9751.21677031739,"Increasing Batt Cap - High LFP Chemistry"
2041,"Nickel",95754.1367977783,"Increasing Batt Cap - High LFP Chemistry"
2042,"Cobalt",18048.3510479427,"Decreasing Batt Cap - Benchmark Chemistry"
2042,"Copper",126292.548947665,"Decreasing Batt Cap - Benchmark Chemistry"
2042,"Graphite",248963.174409656,"Decreasing Batt Cap - Benchmark Chemistry"
2042,"Lithium",22925.832260474,"Decreasing Batt Cap - Benchmark Chemistry"
2042,"Manganese",10123.9368372784,"Decreasing Batt Cap - Benchmark Chemistry"
2042,"Nickel",96713.2719065662,"Decreasing Batt Cap - Benchmark Chemistry"
2042,"Cobalt",16273.610199389,"Decreasing Batt Cap - High LFP Chemistry"
2042,"Copper",129415.415629391,"Decreasing Batt Cap - High LFP Chemistry"
2042,"Graphite",250831.773688066,"Decreasing Batt Cap - High LFP Chemistry"
2042,"Lithium",22848.4607483508,"Decreasing Batt Cap - High LFP Chemistry"
2042,"Manganese",9098.38253693134,"Decreasing Batt Cap - High LFP Chemistry"
2042,"Nickel",87324.2370591916,"Decreasing Batt Cap - High LFP Chemistry"
2042,"Cobalt",24358.4258371111,"Increasing Batt Cap - Benchmark Chemistry"
2042,"Copper",158034.068388098,"Increasing Batt Cap - Benchmark Chemistry"
2042,"Graphite",314898.400875077,"Increasing Batt Cap - Benchmark Chemistry"
2042,"Lithium",29196.130699465,"Increasing Batt Cap - Benchmark Chemistry"
2042,"Manganese",13739.6583735093,"Increasing Batt Cap - Benchmark Chemistry"
2042,"Nickel",130249.750731939,"Increasing Batt Cap - Benchmark Chemistry"
2042,"Cobalt",21609.5155557632,"Increasing Batt Cap - High LFP Chemistry"
2042,"Copper",162595.655013354,"Increasing Batt Cap - High LFP Chemistry"
2042,"Graphite",317277.86585843,"Increasing Batt Cap - High LFP Chemistry"
2042,"Lithium",29033.2228250021,"Increasing Batt Cap - High LFP Chemistry"
2042,"Manganese",12141.0941361243,"Increasing Batt Cap - High LFP Chemistry"
2042,"Nickel",115585.774136016,"Increasing Batt Cap - High LFP Chemistry"
2043,"Cobalt",21164.0874845105,"Decreasing Batt Cap - Benchmark Chemistry"
2043,"Copper",149282.094975573,"Decreasing Batt Cap - Benchmark Chemistry"
2043,"Graphite",294475.373504853,"Decreasing Batt Cap - Benchmark Chemistry"
2043,"Lithium",27096.6113486019,"Decreasing Batt Cap - Benchmark Chemistry"
2043,"Manganese",12264.1866877283,"Decreasing Batt Cap - Benchmark Chemistry"
2043,"Nickel",114588.417486397,"Decreasing Batt Cap - Benchmark Chemistry"
2043,"Cobalt",18580.9098010423,"Decreasing Batt Cap - High LFP Chemistry"
2043,"Copper",153723.848383847,"Decreasing Batt Cap - High LFP Chemistry"
2043,"Graphite",296962.312585365,"Decreasing Batt Cap - High LFP Chemistry"
2043,"Lithium",26964.1341570153,"Decreasing Batt Cap - High LFP Chemistry"
2043,"Manganese",10756.8038423091,"Decreasing Batt Cap - High LFP Chemistry"
2043,"Nickel",100780.722368316,"Decreasing Batt Cap - High LFP Chemistry"
2043,"Cobalt",29609.7729167413,"Increasing Batt Cap - Benchmark Chemistry"
2043,"Copper",190904.615133054,"Increasing Batt Cap - Benchmark Chemistry"
2043,"Graphite",381461.333446362,"Increasing Batt Cap - Benchmark Chemistry"
2043,"Lithium",35386.4906355813,"Increasing Batt Cap - Benchmark Chemistry"
2043,"Manganese",17187.2033493245,"Increasing Batt Cap - Benchmark Chemistry"
2043,"Nickel",159939.651534757,"Increasing Batt Cap - Benchmark Chemistry"
2043,"Cobalt",25570.6066249144,"Increasing Batt Cap - High LFP Chemistry"
2043,"Copper",197500.49116913,"Increasing Batt Cap - High LFP Chemistry"
2043,"Graphite",384693.930097263,"Increasing Batt Cap - High LFP Chemistry"
2043,"Lithium",35124.4305481473,"Increasing Batt Cap - High LFP Chemistry"
2043,"Manganese",14816.836213594,"Increasing Batt Cap - High LFP Chemistry"
2043,"Nickel",138188.044322144,"Increasing Batt Cap - High LFP Chemistry"
2044,"Cobalt",24519.0417020843,"Decreasing Batt Cap - Benchmark Chemistry"
2044,"Copper",173411.312302009,"Decreasing Batt Cap - Benchmark Chemistry"
2044,"Graphite",342657.33515195,"Decreasing Batt Cap - Benchmark Chemistry"
2044,"Lithium",31522.5525157908,"Decreasing Batt Cap - Benchmark Chemistry"
2044,"Manganese",14566.5284971459,"Decreasing Batt Cap - Benchmark Chemistry"
2044,"Nickel",134444.132390412,"Decreasing Batt Cap - Benchmark Chemistry"
2044,"Cobalt",20971.879563546,"Decreasing Batt Cap - High LFP Chemistry"
2044,"Copper",179426.532034774,"Decreasing Batt Cap - High LFP Chemistry"
2044,"Graphite",345840.608982878,"Decreasing Batt Cap - High LFP Chemistry"
2044,"Lithium",31320.4963707568,"Decreasing Batt Cap - High LFP Chemistry"
2044,"Manganese",12477.7393078329,"Decreasing Batt Cap - High LFP Chemistry"
2044,"Nickel",115260.676298181,"Decreasing Batt Cap - High LFP Chemistry"
2044,"Cobalt",35572.8814719998,"Increasing Batt Cap - Benchmark Chemistry"
2044,"Copper",227149.353922214,"Increasing Batt Cap - Benchmark Chemistry"
2044,"Graphite",455539.458051848,"Increasing Batt Cap - Benchmark Chemistry"
2044,"Lithium",42295.6756920049,"Increasing Batt Cap - Benchmark Chemistry"
2044,"Manganese",21091.8970177493,"Increasing Batt Cap - Benchmark Chemistry"
2044,"Nickel",194497.221101423,"Increasing Batt Cap - Benchmark Chemistry"
2044,"Cobalt",29936.0358201327,"Increasing Batt Cap - High LFP Chemistry"
2044,"Copper",236274.375718855,"Increasing Batt Cap - High LFP Chemistry"
2044,"Graphite",459782.885475234,"Increasing Batt Cap - High LFP Chemistry"
2044,"Lithium",41906.3514671761,"Increasing Batt Cap - High LFP Chemistry"
2044,"Manganese",17756.1155280803,"Increasing Batt Cap - High LFP Chemistry"
2044,"Nickel",163810.575940647,"Increasing Batt Cap - High LFP Chemistry"
2045,"Cobalt",28105.1864013503,"Decreasing Batt Cap - Benchmark Chemistry"
2045,"Copper",198524.641842422,"Decreasing Batt Cap - Benchmark Chemistry"
2045,"Graphite",393184.323175049,"Decreasing Batt Cap - Benchmark Chemistry"
2045,"Lithium",36175.3512502325,"Decreasing Batt Cap - Benchmark Chemistry"
2045,"Manganese",17002.2414539474,"Decreasing Batt Cap - Benchmark Chemistry"
2045,"Nickel",156130.089349978,"Decreasing Batt Cap - Benchmark Chemistry"
2045,"Cobalt",23448.981924206,"Decreasing Batt Cap - High LFP Chemistry"
2045,"Copper",206355.022271011,"Decreasing Batt Cap - High LFP Chemistry"
2045,"Graphite",397134.492914682,"Decreasing Batt Cap - High LFP Chemistry"
2045,"Lithium",35889.931311771,"Decreasing Batt Cap - High LFP Chemistry"
2045,"Manganese",14237.3479248343,"Decreasing Batt Cap - High LFP Chemistry"
2045,"Nickel",130654.658202157,"Decreasing Batt Cap - High LFP Chemistry"
2045,"Cobalt",42247.4369023604,"Increasing Batt Cap - Benchmark Chemistry"
2045,"Copper",266674.832564578,"Increasing Batt Cap - Benchmark Chemistry"
2045,"Graphite",536938.905232221,"Increasing Batt Cap - Benchmark Chemistry"
2045,"Lithium",49907.3191486926,"Increasing Batt Cap - Benchmark Chemistry"
2045,"Manganese",25431.8114656394,"Increasing Batt Cap - Benchmark Chemistry"
2045,"Nickel",233840.26748413,"Increasing Batt Cap - Benchmark Chemistry"
2045,"Cobalt",34693.6319095045,"Increasing Batt Cap - High LFP Chemistry"
2045,"Copper",278849.050990985,"Increasing Batt Cap - High LFP Chemistry"
2045,"Graphite",542356.262050484,"Increasing Batt Cap - High LFP Chemistry"
2045,"Lithium",49361.3522655639,"Increasing Batt Cap - High LFP Chemistry"
2045,"Manganese",20927.1931877207,"Increasing Batt Cap - High LFP Chemistry"
2045,"Nickel",192272.351841379,"Increasing Batt Cap - High LFP Chemistry"
2046,"Cobalt",31953.937468484,"Decreasing Batt Cap - Benchmark Chemistry"
2046,"Copper",224786.708366273,"Decreasing Batt Cap - Benchmark Chemistry"
2046,"Graphite",446377.064278794,"Decreasing Batt Cap - Benchmark Chemistry"
2046,"Lithium",41085.4099881315,"Decreasing Batt Cap - Benchmark Chemistry"
2046,"Manganese",19577.9381651897,"Decreasing Batt Cap - Benchmark Chemistry"
2046,"Nickel",179771.255424048,"Decreasing Batt Cap - Benchmark Chemistry"
2046,"Cobalt",26031.8940723727,"Decreasing Batt Cap - High LFP Chemistry"
2046,"Copper",234699.463290353,"Decreasing Batt Cap - High LFP Chemistry"
2046,"Graphite",451173.808195116,"Decreasing Batt Cap - High LFP Chemistry"
2046,"Lithium",40701.9199323214,"Decreasing Batt Cap - High LFP Chemistry"
2046,"Manganese",16035.13035856,"Decreasing Batt Cap - High LFP Chemistry"
2046,"Nickel",146995.715903081,"Decreasing Batt Cap - High LFP Chemistry"
2046,"Cobalt",49703.6811728533,"Increasing Batt Cap - Benchmark Chemistry"
2046,"Copper",309853.582234116,"Increasing Batt Cap - Benchmark Chemistry"
2046,"Graphite",626437.69693433,"Increasing Batt Cap - Benchmark Chemistry"
2046,"Lithium",58295.0312574945,"Increasing Batt Cap - Benchmark Chemistry"
2046,"Manganese",30237.5560944904,"Increasing Batt Cap - Benchmark Chemistry"
2046,"Nickel",278378.452983321,"Increasing Batt Cap - Benchmark Chemistry"
2046,"Cobalt",39869.2316133564,"Increasing Batt Cap - High LFP Chemistry"
2046,"Copper",325679.019197525,"Increasing Batt Cap - High LFP Chemistry"
2046,"Graphite",633219.209329278,"Increasing Batt Cap - High LFP Chemistry"
2046,"Lithium",57559.1722049042,"Increasing Batt Cap - High LFP Chemistry"
2046,"Manganese",24332.8642380903,"Increasing Batt Cap - High LFP Chemistry"
2046,"Nickel",223681.036826705,"Increasing Batt Cap - High LFP Chemistry"
2047,"Cobalt",35791.3028865919,"Decreasing Batt Cap - Benchmark Chemistry"
2047,"Copper",250894.553763587,"Decreasing Batt Cap - Benchmark Chemistry"
2047,"Graphite",499450.136283369,"Decreasing Batt Cap - Benchmark Chemistry"
2047,"Lithium",45986.2207878714,"Decreasing Batt Cap - Benchmark Chemistry"
2047,"Manganese",22137.8876475253,"Decreasing Batt Cap - Benchmark Chemistry"
2047,"Nickel",203781.415307966,"Decreasing Batt Cap - Benchmark Chemistry"
2047,"Cobalt",28503.6583852293,"Decreasing Batt Cap - High LFP Chemistry"
2047,"Copper",263075.560100887,"Decreasing Batt Cap - High LFP Chemistry"
2047,"Graphite",505143.090716486,"Decreasing Batt Cap - High LFP Chemistry"
2047,"Lithium",45494.8969193426,"Decreasing Batt Cap - High LFP Chemistry"
2047,"Manganese",17747.3555122481,"Decreasing Batt Cap - High LFP Chemistry"
2047,"Nickel",162994.154738689,"Decreasing Batt Cap - High LFP Chemistry"
2047,"Cobalt",57511.0453013702,"Increasing Batt Cap - Benchmark Chemistry"
2047,"Copper",354760.980185693,"Increasing Batt Cap - Benchmark Chemistry"
2047,"Graphite",719905.823780801,"Increasing Batt Cap - Benchmark Chemistry"
2047,"Lithium",67060.8978786456,"Increasing Batt Cap - Benchmark Chemistry"
2047,"Manganese",35267.9274477472,"Increasing Batt Cap - Benchmark Chemistry"
2047,"Nickel",325718.776886299,"Increasing Batt Cap - Benchmark Chemistry"
2047,"Cobalt",45107.050989067,"Increasing Batt Cap - High LFP Chemistry"
2047,"Copper",374740.880892869,"Increasing Batt Cap - High LFP Chemistry"
2047,"Graphite",728205.525906882,"Increasing Batt Cap - High LFP Chemistry"
2047,"Lithium",66108.5286095581,"Increasing Batt Cap - High LFP Chemistry"
2047,"Manganese",27771.7213031616,"Increasing Batt Cap - High LFP Chemistry"
2047,"Nickel",256007.148626887,"Increasing Batt Cap - High LFP Chemistry"
2048,"Cobalt",39460.8647785625,"Decreasing Batt Cap - Benchmark Chemistry"
2048,"Copper",276113.924580374,"Decreasing Batt Cap - Benchmark Chemistry"
2048,"Graphite",550826.155038471,"Decreasing Batt Cap - Benchmark Chemistry"
2048,"Lithium",50726.5673969144,"Decreasing Batt Cap - Benchmark Chemistry"
2048,"Manganese",24607.6321799201,"Decreasing Batt Cap - Benchmark Chemistry"
2048,"Nickel",227238.455392114,"Decreasing Batt Cap - Benchmark Chemistry"
2048,"Cobalt",30751.086231532,"Decreasing Batt Cap - High LFP Chemistry"
2048,"Copper",290687.958685215,"Decreasing Batt Cap - High LFP Chemistry"
2048,"Graphite",557442.939126075,"Decreasing Batt Cap - High LFP Chemistry"
2048,"Lithium",50121.4675635307,"Decreasing Batt Cap - High LFP Chemistry"
2048,"Manganese",19321.3420527009,"Decreasing Batt Cap - High LFP Chemistry"
2048,"Nickel",177953.52320501,"Decreasing Batt Cap - High LFP Chemistry"
2048,"Cobalt",65371.066270204,"Increasing Batt Cap - Benchmark Chemistry"
2048,"Copper",400107.500389149,"Increasing Batt Cap - Benchmark Chemistry"
2048,"Graphite",814561.312036476,"Increasing Batt Cap - Benchmark Chemistry"
2048,"Lithium",75935.7141207178,"Increasing Batt Cap - Benchmark Chemistry"
2048,"Manganese",40377.6169345607,"Increasing Batt Cap - Benchmark Chemistry"
2048,"Nickel",374204.758536717,"Increasing Batt Cap - Benchmark Chemistry"
2048,"Cobalt",50176.5445624048,"Increasing Batt Cap - High LFP Chemistry"
2048,"Copper",424656.58687485,"Increasing Batt Cap - High LFP Chemistry"
2048,"Graphite",824501.786111209,"Increasing Batt Cap - High LFP Chemistry"
2048,"Lithium",74746.3743224247,"Increasing Batt Cap - High LFP Chemistry"
2048,"Manganese",31130.4624000921,"Increasing Batt Cap - High LFP Chemistry"
2048,"Nickel",287925.104306299,"Increasing Batt Cap - High LFP Chemistry"
2049,"Cobalt",42801.6411619587,"Decreasing Batt Cap - Benchmark Chemistry"
2049,"Copper",299729.785914321,"Decreasing Batt Cap - Benchmark Chemistry"
2049,"Graphite",598964.090712791,"Decreasing Batt Cap - Benchmark Chemistry"
2049,"Lithium",55157.781569159,"Decreasing Batt Cap - Benchmark Chemistry"
2049,"Manganese",26911.9755011789,"Decreasing Batt Cap - Benchmark Chemistry"
2049,"Nickel",249227.492447713,"Decreasing Batt Cap - Benchmark Chemistry"
2049,"Cobalt",32674.8727169262,"Decreasing Batt Cap - High LFP Chemistry"
2049,"Copper",316733.551143857,"Decreasing Batt Cap - High LFP Chemistry"
2049,"Graphite",606502.653279496,"Decreasing Batt Cap - High LFP Chemistry"
2049,"Lithium",54438.5954424704,"Decreasing Batt Cap - High LFP Chemistry"
2049,"Manganese",20714.0616795581,"Decreasing Batt Cap - High LFP Chemistry"
2049,"Nickel",191288.848397077,"Decreasing Batt Cap - High LFP Chemistry"
2049,"Cobalt",72780.9956065434,"Increasing Batt Cap - Benchmark Chemistry"
2049,"Copper",443780.146973198,"Increasing Batt Cap - Benchmark Chemistry"
2049,"Graphite",905813.119050774,"Increasing Batt Cap - Benchmark Chemistry"
2049,"Lithium",84473.9300907639,"Increasing Batt Cap - Benchmark Chemistry"
2049,"Manganese",45300.430609927,"Increasing Batt Cap - Benchmark Chemistry"
2049,"Nickel",421043.16203313,"Increasing Batt Cap - Benchmark Chemistry"
2049,"Cobalt",54734.1818504355,"Increasing Batt Cap - High LFP Chemistry"
2049,"Copper",473083.932733335,"Increasing Batt Cap - High LFP Chemistry"
2049,"Graphite",917437.453606594,"Increasing Batt Cap - High LFP Chemistry"
2049,"Lithium",83041.443034363,"Increasing Batt Cap - High LFP Chemistry"
2049,"Manganese",34228.8156336896,"Increasing Batt Cap - High LFP Chemistry"
2049,"Nickel",317492.315965226,"Increasing Batt Cap - High LFP Chemistry"
2050,"Cobalt",45692.4619533389,"Decreasing Batt Cap - Benchmark Chemistry"
2050,"Copper",321253.528289663,"Decreasing Batt Cap - Benchmark Chemistry"
2050,"Graphite",642794.638974783,"Decreasing Batt Cap - Benchmark Chemistry"
2050,"Lithium",59175.5298159342,"Decreasing Batt Cap - Benchmark Chemistry"
2050,"Manganese",28994.2471557914,"Decreasing Batt Cap - Benchmark Chemistry"
2050,"Nickel",269077.201256948,"Decreasing Batt Cap - Benchmark Chemistry"
2050,"Cobalt",34213.885314384,"Decreasing Batt Cap - High LFP Chemistry"
2050,"Copper",340635.975335421,"Decreasing Batt Cap - High LFP Chemistry"
2050,"Graphite",651221.773700831,"Decreasing Batt Cap - High LFP Chemistry"
2050,"Lithium",58347.2533322364,"Decreasing Batt Cap - High LFP Chemistry"
2050,"Manganese",21900.7682354522,"Decreasing Batt Cap - High LFP Chemistry"
2050,"Nickel",202652.633130362,"Decreasing Batt Cap - High LFP Chemistry"
2050,"Cobalt",79406.7777808121,"Increasing Batt Cap - Benchmark Chemistry"
2050,"Copper",484467.374712162,"Increasing Batt Cap - Benchmark Chemistry"
2050,"Graphite",990774.377584214,"Increasing Batt Cap - Benchmark Chemistry"
2050,"Lithium",92393.0810214397,"Increasing Batt Cap - Benchmark Chemistry"
2050,"Manganese",49862.7035499572,"Increasing Batt Cap - Benchmark Chemistry"
2050,"Nickel",464394.806404949,"Increasing Batt Cap - Benchmark Chemistry"
2050,"Cobalt",58581.902159332,"Increasing Batt Cap - High LFP Chemistry"
2050,"Copper",518516.119739044,"Increasing Batt Cap - High LFP Chemistry"
2050,"Graphite",1004059.48919171,"Increasing Batt Cap - High LFP Chemistry"
2050,"Lithium",90723.6256975727,"Increasing Batt Cap - High LFP Chemistry"
2050,"Manganese",36966.5318235621,"Increasing Batt Cap - High LFP Chemistry"
2050,"Nickel",343598.415674827,"Increasing Batt Cap - High LFP Chemistry"
