"Year","State_Province","Add_LIB_proj_tonnes","Add_LIB_15_tonnes","Add_LIB_proj_LFP_tonnes","Add_LIB_15_LFP_tonnes","Country","Tonnes_Scrap_proj_down","Tonnes_Scrap_15_down","Tonnes_Prod_proj_down","Tonnes_Prod_15_down","Tonnes_Scrap_proj_mid","Tonnes_Scrap_15_mid","Tonnes_Prod_proj_mid","Tonnes_Prod_15_mid","Cumulative_black_mass_cap","Cumulative_refining_cap","Recycle_Batt_15","Recycle_Batt_15_LFP","Recycle_Batt_Proj","Recycle_Batt_Proj_LFP"
2050,"AB",168393.086417282,92528.9577846537,179737.090366891,98529.8873447728,"CA",0,0,0,0,0,0,0,0,0,0,48769.7388508065,51324.2138951616,82737.1513822538,87264.0521141839
2050,"AK",19116.9069442996,12313.5956241815,20159.793023766,12877.327732813,"US",0,0,0,0,0,0,0,0,0,0,8181.5278102211,8444.57188174852,11504.149027821,11959.1524164714
2050,"AL",144629.080432142,92396.8134480703,152632.081335964,96721.1207050032,"US",10602.9807777023,8505.66051320682,272377.941009361,169177.651595756,0,0,0,0,18000,0,59629.3112017588,61578.6122615585,84277.3538178688,87651.2641791952
2050,"AR",78284.3210396681,50117.3925147245,82550.9605000815,52400.2486358338,"US",0,0,0,0,0,0,0,0,0,0,33172.6658210611,34220.8214751011,46738.707624249,48570.7459797371
2050,"AZ",256717.536676404,163299.173489015,271114.127098845,171116.35315632,"US",6450.1466397689,5174.27681220082,165696.580780695,102916.404720752,19211.7031996401,16510.4136062355,377129.673779076,234240.380555725,14100,0,99656.2434490869,103063.382098484,142267.696641192,148141.709874374
2050,"BC",144916.301775207,81027.6072273788,154599.561583837,86211.216756368,"CA",0,0,0,0,0,0,0,0,250000,250000,45930.1632879657,48313.0750137532,76668.3632195293,80836.5563075329
2050,"CA",1282463.08207455,815704.332928848,1355148.56008689,855516.21490073,"US",36380.4466857406,29184.2204862307,934570.322158995,580474.36502398,1636.36524621496,1406.28172032058,32122.1853718844,19951.5271508429,45823.36185,45823.36185,536324.448327817,555255.861833783,768772.079396242,801145.386395629
2050,"CO",236742.739139419,147583.511204695,250226.322063168,154787.65223738,"US",0,0,0,0,252.785568416317,217.242284292572,4962.23254972468,3082.11027047007,0,0,86848.5186590026,89889.5546487259,126434.723359038,131769.731378568
2050,"CT",90092.240663443,57945.8157490887,95037.2027952815,60626.72050929,"US",0,0,0,0,0,0,0,0,0,0,40389.9431465897,41718.9775411842,57110.2019499126,59405.5190375238
2050,"DC",17256.8301906953,11984.5323720983,18093.1120099931,12449.488771121,"US",0,0,0,0,0,0,0,0,0,0,7509.8777856129,7713.89155943462,9936.6532140151,10281.1949098247
2050,"DE",36539.6620048666,22978.979195186,38623.2154085647,24107.4601775653,"US",0,0,0,0,0,0,0,0,0,0,14260.6648655978,14766.8334070792,20644.6813991619,21520.0546271968
2050,"FL",810237.327306628,518182.523951753,855471.096176199,542847.01234241,"US",0,0,0,0,505.571136832634,434.484568585144,9924.46509944936,6164.22054094014,15,0,310567.658737204,321174.175994066,442165.647251552,460397.674390551
2050,"GA",359029.599652792,229440.843090673,378971.90516854,240256.27430057,"US",40656.9691408756,32614.8263642474,1044429.08786189,648709.141746176,46175.4971640472,39682.9239307765,906434.479083042,562998.809405867,32000,129143,140961.83922056,145653.780071312,199823.696437488,207921.172833785
2050,"HI",45948.6564125048,29175.5595760991,48521.3071055277,30566.889060346,"US",0,0,0,0,0,0,0,0,0,0,18669.6490637191,19305.060992002,26699.5901839552,27799.7273618558
2050,"IA",92464.7692666862,58514.5847487174,97604.7210744496,61263.4412564236,"US",0,0,0,0,0,0,0,0,0,0,37921.4393753732,39169.3368733519,54113.9631287055,56297.6303714672
2050,"ID",84644.6701513297,52281.5616830061,89528.4042881324,54885.9775288317,"US",0,0,0,0,0,0,0,0,0,0,29126.873006802,30158.2552933174,42598.7737100409,44410.8615008633
2050,"IL",303343.248305466,195790.075184184,319871.140443682,204743.048646467,"US",3213.02447809161,2577.47288278995,82538.7700028367,51265.955029017,30334.268209958,26069.0741151086,595467.905966962,369853.232456409,24000,0,138459.1630382,142944.07244317,194888.852012142,202632.87607816
2050,"IN",190238.840143692,121590.923614255,200724.191786377,127241.435243467,"US",12035.9896949312,9655.21341893114,309190.232430626,192042.267538698,35073.1549992026,30141.6428046467,688493.225499134,427632.526326821,5,5,79187.3824833099,81758.942343993,111948.880303234,116413.681747985
2050,"KS",77217.9395741665,49423.9400441117,81449.8796291686,51698.3619710183,"US",0,0,0,0,10111.4227366527,8689.69137170287,198489.301988987,123284.410818803,0,0,33043.1016333633,34104.746742069,46643.911515733,48490.3590474746
2050,"KY",120161.364271873,77192.6758783804,126730.961495305,80736.0088759757,"US",18314.2395251222,14691.5954319027,470470.989016169,292215.943665397,8763.23303843232,7531.06585547582,172024.061723789,106846.489376296,270,270,50588.517584173,52199.9386970802,71060.7646483664,73854.7254092893
2050,"LA",114180.451698595,73842.2028200572,120320.894705894,77141.6422017362,"US",0,0,0,0,0,0,0,0,0,0,49788.6769615634,51334.483243191,69602.5567239928,72293.2003917395
2050,"MA",218836.164985322,139342.289629602,231012.054792815,145919.463717427,"US",3535.2908332442,2835.99341293378,90817.4086341212,56407.9303184274,0,0,0,0,30000,0,90816.4445253932,93906.5609742641,130085.777933293,135451.765254014
2050,"MB",36353.1197729836,20155.6797423034,38780.3812502907,21442.1632450514,"CA",0,0,0,0,0,0,0,0,0,0,11120.9757928047,11696.3565890464,18728.5940722432,19745.5925899245
2050,"MD",186344.345596912,119587.675956433,196651.41805441,125193.10801665,"US",0,0,0,0,67.4094849110179,57.9312758113525,1323.26201325992,821.896072125353,0,0,78349.910651813,80984.9786698889,111261.179599203,115799.911880331
2050,"ME",39129.3105741354,24566.4140601497,41331.8053234856,25743.2509550814,"US",0,0,0,0,0,0,0,0,0,0,16509.7759155636,17073.9383745443,23853.1339240522,24841.3319460418
2050,"MI",255761.720475911,163330.825530932,269747.001661313,170806.242878449,"US",65289.299999717,52374.7644728682,1677204.31421164,1041734.45938063,54443.2704883836,46788.1949090388,1068732.56500937,663804.362652041,22680,0,110708.558110773,114261.494063074,156875.987190517,163102.154039819
2050,"MN",182862.212395089,115356.824632827,193098.786348983,120839.026329291,"US",0,0,0,0,0,0,0,0,0,0,72729.1044425572,75169.5247522337,104328.695555989,108597.22193031
2050,"MO",165345.651688666,105501.240393905,174476.653732522,110417.429098356,"US",0,0,0,0,67.4094849110179,57.9312758113525,1323.26201325992,821.896072125353,0,206085.3314,70775.3051510242,73100.279296222,100439.990384106,104480.654466716
2050,"MS",71774.2354271003,46055.2879610272,75713.3398585118,48183.0191913299,"US",0,0,0,0,7077.99591565687,6082.78396019201,138942.511392291,86299.087573162,0,0,31854.2900913169,32880.8807419891,44829.6006507908,46604.0741728434
2050,"MT",32619.2959536671,20797.8589957852,34388.8542192652,21734.8390957195,"US",0,0,0,0,0,0,0,0,0,0,12683.8910658309,13077.3024563435,17906.3118209282,18602.010822889
2050,"MX",32282.3859102812,32282.3859102812,32282.3859102812,32282.3859102812,"MX",2811.39641833016,2255.2887724412,72221.4237524821,44857.7106503899,0,0,0,0,0,0,316736.752752062,334101.878642352,531980.123263457,562036.905144485
2050,"NB",22621.9223598344,12587.3646700996,24141.1831185639,13399.896317611,"CA",0,0,0,0,0,0,0,0,0,0,7151.58750734995,7524.64076219765,11975.4344554141,12628.033487928
2050,"NC",330117.439787482,212327.094113672,348298.5501436,222212.286614507,"US",22060.626066577,17696.9288132358,566711.194839477,351992.047229231,10448.4701612078,8979.34775075964,205105.612055287,127393.89117943,38000,28504.625929,131255.486562457,135536.82139679,184478.043814097,191841.12648523
2050,"ND",31904.4767625449,19837.9267783873,33710.4540980215,20794.0627546879,"US",0,0,0,0,0,0,0,0,0,0,11331.8148124436,11719.092946644,16483.5475120867,17169.2835356777
2050,"NE",61833.620073135,39055.916798013,65284.6364143297,40902.7103633811,"US",0,0,0,0,0,0,0,0,0,0,24489.7802892707,25302.5550756816,35020.3363356569,36442.1968918662
2050,"NH",44912.9323867875,28076.1700894269,47484.9839539293,29462.4165197485,"US",3.21302447809161,2.57747288278995,82.5387700028367,51.265955029017,0,0,0,0,0,0,18226.9031066168,18873.8964102976,26458.805839379,27581.4549733326
2050,"NJ",267633.832029442,171866.389976363,282390.156984051,179877.859671925,"US",0,0,0,0,0,0,0,0,500,500,114305.818989482,118126.139833771,162238.109275706,168832.437801413
2050,"NL",12884.5700478479,7073.34301681833,13754.5736117361,7534.06463308988,"CA",0,0,0,0,0,0,0,0,0,0,4227.25905522352,4449.10547224038,7159.02921077235,7550.8852265715
2050,"NM",55854.2331989035,35737.026644106,58921.6100205107,37387.5582047397,"US",0,0,0,0,0,0,0,0,0,0,23959.522770512,24736.1371938969,33867.5483539512,35216.0725683013
2050,"NS",24669.1276706454,13870.6856352872,26313.5608467189,14754.5896900824,"CA",0,0,0,0,0,0,0,0,0,0,7908.95672867304,8315.9833351539,13110.1227731324,13818.4533307884
2050,"NT",924.788281949871,503.784569789998,986.503767631431,535.848964859095,"CA",0,0,0,0,0,0,0,0,0,0,273.726267505968,289.123120907058,486.66210176316,514.470286850984
2050,"NU",53.9652948484493,53.9652948484493,53.9652948484493,53.9652948484493,"CA",0,0,0,0,0,0,0,0,0,0,7.10127274753215,7.10127274753215,7.10127274753215,7.10127274753215
2050,"NV",114440.187951068,73355.690164822,120778.361190176,76800.3018237293,"US",53014.9038885115,42528.3025660341,1361889.70504681,845888.257978781,3488.44084414517,2997.94352323749,68478.8091862006,42533.121732487,216075,216075,43827.5901253955,45299.1957187413,62219.7854165214,64756.7625243403
2050,"NY",442780.848798771,294868.267057091,465384.864959921,307054.870646162,"US",10442.3295537977,8376.78686906733,268251.002509219,166614.353844305,185.376083505299,159.311008481219,3638.97053646477,2260.21419834472,10120,120,203015.086366142,208888.028319887,277913.370720358,288125.248359816
2050,"OH",310163.191853165,198931.183783144,327250.953514235,208184.928177787,"US",29633.7247614389,23772.0323979717,761255.075736163,472825.903232624,27637.8888135173,23751.8230826545,542537.425436565,336977.389571395,17600,54005.69026,134294.822011475,138685.706240145,189607.526710697,197192.045468917
2050,"OK",131731.961255874,82282.4452901229,139270.108477757,86337.8866918584,"US",0,0,0,0,0,0,0,0,45359,0,52850.2322144528,54720.8744806746,76719.4876112342,79975.4842118688
2050,"ON",397779.529224402,223104.389677643,424329.164261202,237351.737962922,"CA",22697.1344542112,18207.5328002213,583062.33681491,362147.964371646,59488.8704339732,51124.3509035186,1167778.72670187,725323.283650624,68000,32500,124521.790344398,130945.773566189,207019.789108924,218230.169410804
2050,"OR",140470.899852505,89590.5683499483,148248.770683318,93784.9617049106,"US",0,0,0,0,0,0,0,0,0,0,54978.9407328689,56789.3113094396,77973.5879904474,81114.0341797212
2050,"PA",315551.053037319,205417.171529091,332521.228295307,214630.670050551,"US",0,0,0,0,23.5933197188562,20.2759465339734,463.14170464097,287.663625243873,15000,20000,139623.956664388,143979.584635312,193893.107850786,201379.436642007
2050,"PE",4588.00276088598,2578.89779621757,4894.0114162106,2743.4061473009,"CA",0,0,0,0,0,0,0,0,0,0,1401.01189531626,1474.38931903892,2339.05084067161,2466.8193950009
2050,"QC",210431.513917694,118883.730465351,224520.42682119,126524.976652111,"CA",1606.5122390458,1288.73644139497,41269.3850014183,25632.9775145085,67.4094849110179,57.9312758113525,1323.26201325992,821.896072125353,0,0,71440.1303651802,75152.1236729428,117815.662426547,124217.728248192
2050,"RI",29746.65067468,19249.2602379115,31375.4452008797,20138.7285633084,"US",0,0,0,0,0,0,0,0,0,0,12783.9792011445,13203.6299319028,17961.3040387193,18680.6920153864
2050,"SC",182179.926635215,115224.403469897,192451.797185922,120780.628464429,"US",1914.9625889426,1536.17383814281,49193.1069216907,30554.5091972941,2359.33197188562,2027.59465339734,46314.170464097,28766.3625243873,21840,56445.69026,69678.4317751229,72049.211290085,99618.2845348128,103721.499678148
2050,"SD",30284.9246291041,18916.3438048255,31993.5019002043,19824.2373517218,"US",0,0,0,0,0,0,0,0,0,0,11525.9676882224,11915.6165694369,16660.0632340815,17346.7135739204
2050,"SK",37801.9756833464,20670.8031196428,40350.7873990409,22013.0745239035,"CA",0,0,0,0,0,0,0,0,0,0,11279.778312102,11873.3356364519,19248.715001304,20305.1079812888
2050,"TN",228661.643756056,145089.760659258,241458.859371664,152001.048415359,"US",58541.3059908291,46961.5559244328,1503856.38945168,934065.70062869,32356.5527572886,27807.0123894492,635165.766364759,394510.114620169,0,0,89628.455831892,92631.351985299,127674.396312596,132878.080915435
2050,"TX",1154370.41248666,730018.909860396,1219145.08876689,764906.712242638,"US",33736.7570199619,27063.4652692944,866657.085029785,538292.527804679,3370.47424555089,2896.56379056762,66163.1006629958,41094.8036062676,49000,363403.181704,429458.811494468,444133.10736325,616745.678511209,642259.301645391
2050,"UT",139899.598361845,88377.0223882445,147788.604458757,92637.3180375853,"US",0,0,0,0,0,0,0,0,0,0,50199.2145003063,51926.4049162084,72134.5791732663,75132.8708216818
2050,"VA",307439.386318131,192959.945865974,325066.203878846,202524.031046738,"US",642.604895618321,515.494576557989,16507.7540005673,10253.1910058034,0,0,0,0,0,0,120110.40050288,124360.473385896,173337.088085794,180667.040830913
2050,"VT",19805.5185793882,12339.4999923317,20937.7295403863,12945.8828258213,"US",0,0,0,0,0,0,0,0,0,0,8310.20845471238,8607.51722475176,12158.326091746,12678.3912915317
2050,"WA",308717.644225539,194718.316225838,326225.216808488,204196.970519831,"US",0,0,0,0,0,0,0,0,0,0,114939.037370402,118939.412814838,165374.585657225,172292.205673103
2050,"WI",166931.477812523,105759.738596667,176225.01077228,110744.975144723,"US",0,0,0,0,0,0,0,0,0,0,69411.3541911735,71708.6792471232,99034.4514053273,103045.012624296
2050,"WV",38264.4665416538,24515.9514380008,40337.9343600969,25621.1178962639,"US",0,0,0,0,5055.71136832634,4344.84568585144,99244.6509944936,61642.2054094015,0,0,17668.6281239114,18224.6060291389,24929.0046720833,25903.8796707047
2050,"WY",16456.330731795,10239.930038185,17382.3686338226,10728.1498048238,"US",0,0,0,0,0,0,0,0,0,0,6731.21995812779,6958.41927679108,9774.66947917418,10177.5763510142
2050,"YT",1558.76758560338,847.88015654873,1664.36625497665,903.41136341432,"CA",0,0,0,0,0,0,0,0,0,0,458.101779307694,483.252535415467,796.620498296298,841.436253106944
