Year,Tonnes_Scrap_proj_down,Tonnes_Scrap_15_down,Tonnes_Prod_proj_down,Tonnes_Prod_15_down,Tonnes_Scrap_proj_mid,Tonnes_Scrap_15_mid,Tonnes_Prod_proj_mid,Tonnes_Prod_15_mid
2025,131417.27013807948,131417.27013807948,2496928.13262351,2496928.13262351,75192.72601392478,71894.95941436705,627495.6291952201,592654.4452049291
2026,197999.11671953966,197999.11671953966,3761983.2176712533,3761983.2176712533,83534.46044718743,76612.80582162197,745407.4741223253,667522.9363742345
2027,252625.13418584992,252625.13418584992,4799877.549531148,4799877.549531148,179581.0187035586,179581.0187035586,1530843.247628786,1530843.247628786
2028,280281.9382682136,280281.9382682136,5325356.827096056,5325356.827096056,172624.71767871862,172624.71767871862,1578091.2795040733,1578091.2795040733
2029,280281.9382682136,280281.9382682136,5325356.827096056,5325356.827096056,282998.96594118763,282998.96594118763,2571710.4565438647,2571710.4565438647
2030,287089.7669654108,287089.7669654108,5454705.572342804,5454705.572342804,264850.2282348922,264850.2282348922,2589859.19425016,2589859.19425016
2031,287089.7669654108,287089.7669654108,5454705.572342804,5454705.572342804,249820.73342190997,249820.73342190997,2604888.6890631416,2604888.6890631416
2032,287089.7669654108,287089.7669654108,5454705.572342804,5454705.572342804,250775.43560487093,235382.59824744985,2802602.953218782,2619326.8242376023
2033,287089.7669654108,287089.7669654108,5454705.572342804,5454705.572342804,276632.3101113926,227748.68291380204,3344906.2820457546,2626960.7395712496
2034,308673.9725495284,287089.7669654108,5898144.443686063,5454705.572342804,284848.77035484544,220383.56741584605,3723500.638452133,2634325.8550692056
2035,334126.93084069557,287089.7669654108,6523529.140989499,5454705.572342804,299796.0415427244,220383.56741584605,4118306.215345103,2634325.8550692056
2036,347138.194438172,287089.7669654108,6897378.931643952,5454705.572342804,307436.9170458262,220383.56741584605,4354317.718196177,2634325.8550692056
2037,357601.13123572123,287089.7669654108,7230592.395832873,5454705.572342804,313581.28548997967,220383.56741584605,4564675.49401777,2634325.8550692056
2038,366387.4136100733,287089.7669654108,7536330.777180381,5454705.572342804,318741.0372123678,223467.48319106436,4757688.2404867755,2671712.196925607
2039,374016.56949588726,287089.7669654108,7823575.934987065,5454705.572342804,323221.2654300614,229061.4066709376,4939026.208503215,2742307.1388749224
2040,380496.1180409924,287089.7669654108,8085308.411328252,5454705.572342804,327026.38576895406,233625.14076111437,5104258.011838132,2802725.407181995
2041,384204.9001419756,287089.7669654108,8243153.943222748,5454705.572342804,329204.3711805511,237621.14724330438,5203905.951015875,2857856.7392247957
2042,389858.17106145533,287089.7669654108,8495977.499573316,5454705.572342804,332524.2592880696,243664.67153908947,5363513.550062525,2945483.8867949327
2043,395321.58164792985,287089.7669654108,8755496.368156811,5454705.572342804,335732.6517551684,249497.2033917113,5527347.902050204,3035302.649533949
2044,400630.12013368495,287089.7669654108,9023309.945946133,5454705.572342804,338850.09545071755,255143.41777188843,5696418.706844105,3127629.049088091
2045,405473.70476502844,287089.7669654108,9282371.328674544,5454705.572342804,341694.49460377236,260274.48245755787,5859964.24785237,3216541.6267058477
2046,410296.20341942646,287089.7669654108,9555518.22593657,5454705.572342804,344526.51099911134,265365.6886347023,6032401.979084119,3309905.0336445523
2047,414392.4678231752,287089.7669654108,9800481.28910407,5454705.572342804,346932.0457192674,269679.350036244,6187047.246050716,3393358.1545290835
2048,418102.0290735881,289494.5140736522,10033413.547078796,5500781.714522612,349110.4886870228,273585.6172157833,6334097.46151525,3472645.4093434117
2049,421257.5855291366,295135.6071767247,10240453.826257747,5611984.356172098,350963.59187252226,276898.353890363,6464802.0617617555,3542847.675688835
2050,423881.7390792685,299834.2283644201,10419249.019425267,5708098.953600639,352504.6282543747,279657.62313907605,6577675.529386665,3603524.8544705207
