Country,Year,Scenario,Mineral,Recycling Scenario,Tonnes,Type
CA,2050,Increasing Batt Cap - Benchmark Chemistry,Cobalt,Minerals Demand,0.014893990178470545,Demand
CA,2050,Increasing Batt Cap - Benchmark Chemistry,Copper,Minerals Demand,0.07855525281639557,Demand
CA,2050,Increasing Batt Cap - Benchmark Chemistry,Graphite,Minerals Demand,0.17625345970286738,Demand
CA,2050,Increasing Batt Cap - Benchmark Chemistry,Lithium,Minerals Demand,0.018755596434744132,Demand
CA,2050,Increasing Batt Cap - Benchmark Chemistry,Manganese,Minerals Demand,0.009826607788833708,Demand
CA,2050,Increasing Batt Cap - Benchmark Chemistry,Nickel,Minerals Demand,0.09203349171171164,Demand
MX,2050,Increasing Batt Cap - Benchmark Chemistry,Cobalt,Minerals Demand,3.927039091695965e-5,Demand
MX,2050,Increasing Batt Cap - Benchmark Chemistry,Copper,Minerals Demand,0.0016602015411693416,Demand
MX,2050,Increasing Batt Cap - Benchmark Chemistry,Graphite,Minerals Demand,0.003091831280400636,Demand
MX,2050,Increasing Batt Cap - Benchmark Chemistry,Lithium,Minerals Demand,2.9390015903757986e-4,Demand
MX,2050,Increasing Batt Cap - Benchmark Chemistry,Manganese,Minerals Demand,3.661149290646128e-5,Demand
MX,2050,Increasing Batt Cap - Benchmark Chemistry,Nickel,Minerals Demand,3.1299028009295114e-4,Demand
US,2050,Increasing Batt Cap - Benchmark Chemistry,Cobalt,Minerals Demand,0.12292906305349328,Demand
US,2050,Increasing Batt Cap - Benchmark Chemistry,Copper,Minerals Demand,0.727660346567341,Demand
US,2050,Increasing Batt Cap - Benchmark Chemistry,Graphite,Minerals Demand,1.5980911068794204,Demand
US,2050,Increasing Batt Cap - Benchmark Chemistry,Lithium,Minerals Demand,0.16814110644527228,Demand
US,2050,Increasing Batt Cap - Benchmark Chemistry,Manganese,Minerals Demand,0.08168893435559561,Demand
US,2050,Increasing Batt Cap - Benchmark Chemistry,Nickel,Minerals Demand,0.7634457545737866,Demand
CA,2050,Increasing Batt Cap - Benchmark Chemistry,Cobalt,Current NA Recycling Capacity,5.385135781926651e-4,Recycling
CA,2050,Increasing Batt Cap - Benchmark Chemistry,Cobalt,All Material is Recycled in NA,0.007718969392560806,Recycling
CA,2050,Increasing Batt Cap - Benchmark Chemistry,Copper,Current NA Recycling Capacity,0.0025830926772469663,Recycling
CA,2050,Increasing Batt Cap - Benchmark Chemistry,Copper,All Material is Recycled in NA,0.037050327798062,Recycling
CA,2050,Increasing Batt Cap - Benchmark Chemistry,Graphite,Current NA Recycling Capacity,0.005504950427440381,Recycling
CA,2050,Increasing Batt Cap - Benchmark Chemistry,Graphite,All Material is Recycled in NA,0.07901488198215727,Recycling
CA,2050,Increasing Batt Cap - Benchmark Chemistry,Lithium,Current NA Recycling Capacity,5.264746051166541e-4,Recycling
CA,2050,Increasing Batt Cap - Benchmark Chemistry,Lithium,All Material is Recycled in NA,0.007550203598297404,Recycling
CA,2050,Increasing Batt Cap - Benchmark Chemistry,Manganese,Current NA Recycling Capacity,3.315883049661696e-4,Recycling
CA,2050,Increasing Batt Cap - Benchmark Chemistry,Manganese,All Material is Recycled in NA,0.004750327985702297,Recycling
CA,2050,Increasing Batt Cap - Benchmark Chemistry,Nickel,Current NA Recycling Capacity,0.0030989282511342483,Recycling
CA,2050,Increasing Batt Cap - Benchmark Chemistry,Nickel,All Material is Recycled in NA,0.044436926621423144,Recycling
MX,2050,Increasing Batt Cap - Benchmark Chemistry,Cobalt,Current NA Recycling Capacity,5.689342646325644e-4,Recycling
MX,2050,Increasing Batt Cap - Benchmark Chemistry,Cobalt,All Material is Recycled in NA,0.008165343089678676,Recycling
MX,2050,Increasing Batt Cap - Benchmark Chemistry,Copper,Current NA Recycling Capacity,0.0027201270249204365,Recycling
MX,2050,Increasing Batt Cap - Benchmark Chemistry,Copper,All Material is Recycled in NA,0.03904114190827641,Recycling
MX,2050,Increasing Batt Cap - Benchmark Chemistry,Graphite,Current NA Recycling Capacity,0.005809196572652952,Recycling
MX,2050,Increasing Batt Cap - Benchmark Chemistry,Graphite,All Material is Recycled in NA,0.08338185559515589,Recycling
MX,2050,Increasing Batt Cap - Benchmark Chemistry,Lithium,Current NA Recycling Capacity,5.553184638575877e-4,Recycling
MX,2050,Increasing Batt Cap - Benchmark Chemistry,Lithium,All Material is Recycled in NA,0.007970220101801458,Recycling
MX,2050,Increasing Batt Cap - Benchmark Chemistry,Manganese,Current NA Recycling Capacity,3.5155497288405784e-4,Recycling
MX,2050,Increasing Batt Cap - Benchmark Chemistry,Manganese,All Material is Recycled in NA,0.0050453172880230756,Recycling
MX,2050,Increasing Batt Cap - Benchmark Chemistry,Nickel,Current NA Recycling Capacity,0.003283525811724015,Recycling
MX,2050,Increasing Batt Cap - Benchmark Chemistry,Nickel,All Material is Recycled in NA,0.047126503975496135,Recycling
US,2050,Increasing Batt Cap - Benchmark Chemistry,Cobalt,Current NA Recycling Capacity,0.004449951882716519,Recycling
US,2050,Increasing Batt Cap - Benchmark Chemistry,Cobalt,All Material is Recycled in NA,0.06383067757569379,Recycling
US,2050,Increasing Batt Cap - Benchmark Chemistry,Copper,Current NA Recycling Capacity,0.02501275054300521,Recycling
US,2050,Increasing Batt Cap - Benchmark Chemistry,Copper,All Material is Recycled in NA,0.3589170043383372,Recycling
US,2050,Increasing Batt Cap - Benchmark Chemistry,Graphite,Current NA Recycling Capacity,0.05179840387379495,Recycling
US,2050,Increasing Batt Cap - Benchmark Chemistry,Graphite,All Material is Recycled in NA,0.7434844006134063,Recycling
US,2050,Increasing Batt Cap - Benchmark Chemistry,Lithium,Current NA Recycling Capacity,0.004870666503492017,Recycling
US,2050,Increasing Batt Cap - Benchmark Chemistry,Lithium,All Material is Recycled in NA,0.06988520083695245,Recycling
US,2050,Increasing Batt Cap - Benchmark Chemistry,Manganese,Current NA Recycling Capacity,0.002767418276148339,Recycling
US,2050,Increasing Batt Cap - Benchmark Chemistry,Manganese,All Material is Recycled in NA,0.039686228180140164,Recycling
US,2050,Increasing Batt Cap - Benchmark Chemistry,Nickel,Current NA Recycling Capacity,0.0258042557949369,Recycling
US,2050,Increasing Batt Cap - Benchmark Chemistry,Nickel,All Material is Recycled in NA,0.37020952360760334,Recycling
