State_Province,Year,Cumulative_black_mass_cap,Delay_Cumulative_black_mass_cap,Cumulative_refining_cap,Delay_Cumulative_refining_cap
AL,2025,0,0,0,0
AL,2026,0,0,0,0
AL,2027,0,0,0,0
AL,2028,0,0,0,0
AL,2029,18000,18000,0,0
AL,2030,18000,18000,0,0
AL,2031,18000,18000,0,0
AL,2032,18000,18000,0,0
AL,2033,18000,18000,0,0
AL,2034,18000,18000,0,0
AL,2035,18000,18000,0,0
AL,2036,18000,18000,0,0
AL,2037,18000,18000,0,0
AL,2038,18000,18000,0,0
AL,2039,18000,18000,0,0
AL,2040,18000,18000,0,0
AL,2041,18000,18000,0,0
AL,2042,18000,18000,0,0
AL,2043,18000,18000,0,0
AL,2044,18000,18000,0,0
AL,2045,18000,18000,0,0
AL,2046,18000,18000,0,0
AL,2047,18000,18000,0,0
AL,2048,18000,18000,0,0
AL,2049,18000,18000,0,0
AL,2050,18000,18000,0,0
AZ,2025,9100,9100,0,0
AZ,2026,9100,9100,0,0
AZ,2027,9100,9100,0,0
AZ,2028,9100,9100,0,0
AZ,2029,14100,14100,0,0
AZ,2030,14100,14100,0,0
AZ,2031,14100,14100,0,0
AZ,2032,14100,14100,0,0
AZ,2033,14100,14100,0,0
AZ,2034,14100,14100,0,0
AZ,2035,14100,14100,0,0
AZ,2036,14100,14100,0,0
AZ,2037,14100,14100,0,0
AZ,2038,14100,14100,0,0
AZ,2039,14100,14100,0,0
AZ,2040,14100,14100,0,0
AZ,2041,14100,14100,0,0
AZ,2042,14100,14100,0,0
AZ,2043,14100,14100,0,0
AZ,2044,14100,14100,0,0
AZ,2045,14100,14100,0,0
AZ,2046,14100,14100,0,0
AZ,2047,14100,14100,0,0
AZ,2048,14100,14100,0,0
AZ,2049,14100,14100,0,0
AZ,2050,14100,14100,0,0
BC,2025,0,0,0,0
BC,2026,0,0,0,0
BC,2027,0,0,0,0
BC,2028,250000,0,250000,0
BC,2029,250000,0,250000,0
BC,2030,250000,0,250000,0
BC,2031,250000,0,250000,0
BC,2032,250000,0,250000,0
BC,2033,250000,250000,250000,250000
BC,2034,250000,250000,250000,250000
BC,2035,250000,250000,250000,250000
BC,2036,250000,250000,250000,250000
BC,2037,250000,250000,250000,250000
BC,2038,250000,250000,250000,250000
BC,2039,250000,250000,250000,250000
BC,2040,250000,250000,250000,250000
BC,2041,250000,250000,250000,250000
BC,2042,250000,250000,250000,250000
BC,2043,250000,250000,250000,250000
BC,2044,250000,250000,250000,250000
BC,2045,250000,250000,250000,250000
BC,2046,250000,250000,250000,250000
BC,2047,250000,250000,250000,250000
BC,2048,250000,250000,250000,250000
BC,2049,250000,250000,250000,250000
BC,2050,250000,250000,250000,250000
CA,2025,45823.36185,45823.36185,45823.36185,45823.36185
CA,2026,45823.36185,45823.36185,45823.36185,45823.36185
CA,2027,45823.36185,45823.36185,45823.36185,45823.36185
CA,2028,45823.36185,45823.36185,45823.36185,45823.36185
CA,2029,45823.36185,45823.36185,45823.36185,45823.36185
CA,2030,45823.36185,45823.36185,45823.36185,45823.36185
CA,2031,45823.36185,45823.36185,45823.36185,45823.36185
CA,2032,45823.36185,45823.36185,45823.36185,45823.36185
CA,2033,45823.36185,45823.36185,45823.36185,45823.36185
CA,2034,45823.36185,45823.36185,45823.36185,45823.36185
CA,2035,45823.36185,45823.36185,45823.36185,45823.36185
CA,2036,45823.36185,45823.36185,45823.36185,45823.36185
CA,2037,45823.36185,45823.36185,45823.36185,45823.36185
CA,2038,45823.36185,45823.36185,45823.36185,45823.36185
CA,2039,45823.36185,45823.36185,45823.36185,45823.36185
CA,2040,45823.36185,45823.36185,45823.36185,45823.36185
CA,2041,45823.36185,45823.36185,45823.36185,45823.36185
CA,2042,45823.36185,45823.36185,45823.36185,45823.36185
CA,2043,45823.36185,45823.36185,45823.36185,45823.36185
CA,2044,45823.36185,45823.36185,45823.36185,45823.36185
CA,2045,45823.36185,45823.36185,45823.36185,45823.36185
CA,2046,45823.36185,45823.36185,45823.36185,45823.36185
CA,2047,45823.36185,45823.36185,45823.36185,45823.36185
CA,2048,45823.36185,45823.36185,45823.36185,45823.36185
CA,2049,45823.36185,45823.36185,45823.36185,45823.36185
CA,2050,45823.36185,45823.36185,45823.36185,45823.36185
FL,2025,15,15,0,0
FL,2026,15,15,0,0
FL,2027,15,15,0,0
FL,2028,15,15,0,0
FL,2029,15,15,0,0
FL,2030,15,15,0,0
FL,2031,15,15,0,0
FL,2032,15,15,0,0
FL,2033,15,15,0,0
FL,2034,15,15,0,0
FL,2035,15,15,0,0
FL,2036,15,15,0,0
FL,2037,15,15,0,0
FL,2038,15,15,0,0
FL,2039,15,15,0,0
FL,2040,15,15,0,0
FL,2041,15,15,0,0
FL,2042,15,15,0,0
FL,2043,15,15,0,0
FL,2044,15,15,0,0
FL,2045,15,15,0,0
FL,2046,15,15,0,0
FL,2047,15,15,0,0
FL,2048,15,15,0,0
FL,2049,15,15,0,0
FL,2050,15,15,0,0
GA,2025,12000,12000,12000,12000
GA,2026,22000,22000,12000,12000
GA,2027,32000,22000,129143,119143
GA,2028,32000,22000,129143,119143
GA,2029,32000,22000,129143,119143
GA,2030,32000,22000,129143,119143
GA,2031,32000,22000,129143,119143
GA,2032,32000,32000,129143,129143
GA,2033,32000,32000,129143,129143
GA,2034,32000,32000,129143,129143
GA,2035,32000,32000,129143,129143
GA,2036,32000,32000,129143,129143
GA,2037,32000,32000,129143,129143
GA,2038,32000,32000,129143,129143
GA,2039,32000,32000,129143,129143
GA,2040,32000,32000,129143,129143
GA,2041,32000,32000,129143,129143
GA,2042,32000,32000,129143,129143
GA,2043,32000,32000,129143,129143
GA,2044,32000,32000,129143,129143
GA,2045,32000,32000,129143,129143
GA,2046,32000,32000,129143,129143
GA,2047,32000,32000,129143,129143
GA,2048,32000,32000,129143,129143
GA,2049,32000,32000,129143,129143
GA,2050,32000,32000,129143,129143
IL,2025,24000,24000,0,0
IL,2026,24000,24000,0,0
IL,2027,24000,24000,0,0
IL,2028,24000,24000,0,0
IL,2029,24000,24000,0,0
IL,2030,24000,24000,0,0
IL,2031,24000,24000,0,0
IL,2032,24000,24000,0,0
IL,2033,24000,24000,0,0
IL,2034,24000,24000,0,0
IL,2035,24000,24000,0,0
IL,2036,24000,24000,0,0
IL,2037,24000,24000,0,0
IL,2038,24000,24000,0,0
IL,2039,24000,24000,0,0
IL,2040,24000,24000,0,0
IL,2041,24000,24000,0,0
IL,2042,24000,24000,0,0
IL,2043,24000,24000,0,0
IL,2044,24000,24000,0,0
IL,2045,24000,24000,0,0
IL,2046,24000,24000,0,0
IL,2047,24000,24000,0,0
IL,2048,24000,24000,0,0
IL,2049,24000,24000,0,0
IL,2050,24000,24000,0,0
IN,2025,0,0,0,0
IN,2026,5,0,5,0
IN,2027,5,0,5,0
IN,2028,5,0,5,0
IN,2029,5,0,5,0
IN,2030,5,0,5,0
IN,2031,5,5,5,5
IN,2032,5,5,5,5
IN,2033,5,5,5,5
IN,2034,5,5,5,5
IN,2035,5,5,5,5
IN,2036,5,5,5,5
IN,2037,5,5,5,5
IN,2038,5,5,5,5
IN,2039,5,5,5,5
IN,2040,5,5,5,5
IN,2041,5,5,5,5
IN,2042,5,5,5,5
IN,2043,5,5,5,5
IN,2044,5,5,5,5
IN,2045,5,5,5,5
IN,2046,5,5,5,5
IN,2047,5,5,5,5
IN,2048,5,5,5,5
IN,2049,5,5,5,5
IN,2050,5,5,5,5
KY,2025,270,270,270,270
KY,2026,270,270,270,270
KY,2027,270,270,270,270
KY,2028,270,270,270,270
KY,2029,270,270,270,270
KY,2030,270,270,270,270
KY,2031,270,270,270,270
KY,2032,270,270,270,270
KY,2033,270,270,270,270
KY,2034,270,270,270,270
KY,2035,270,270,270,270
KY,2036,270,270,270,270
KY,2037,270,270,270,270
KY,2038,270,270,270,270
KY,2039,270,270,270,270
KY,2040,270,270,270,270
KY,2041,270,270,270,270
KY,2042,270,270,270,270
KY,2043,270,270,270,270
KY,2044,270,270,270,270
KY,2045,270,270,270,270
KY,2046,270,270,270,270
KY,2047,270,270,270,270
KY,2048,270,270,270,270
KY,2049,270,270,270,270
KY,2050,270,270,270,270
MA,2025,30000,30000,0,0
MA,2026,30000,30000,0,0
MA,2027,30000,30000,0,0
MA,2028,30000,30000,0,0
MA,2029,30000,30000,0,0
MA,2030,30000,30000,0,0
MA,2031,30000,30000,0,0
MA,2032,30000,30000,0,0
MA,2033,30000,30000,0,0
MA,2034,30000,30000,0,0
MA,2035,30000,30000,0,0
MA,2036,30000,30000,0,0
MA,2037,30000,30000,0,0
MA,2038,30000,30000,0,0
MA,2039,30000,30000,0,0
MA,2040,30000,30000,0,0
MA,2041,30000,30000,0,0
MA,2042,30000,30000,0,0
MA,2043,30000,30000,0,0
MA,2044,30000,30000,0,0
MA,2045,30000,30000,0,0
MA,2046,30000,30000,0,0
MA,2047,30000,30000,0,0
MA,2048,30000,30000,0,0
MA,2049,30000,30000,0,0
MA,2050,30000,30000,0,0
MI,2025,22680,22680,0,0
MI,2026,22680,22680,0,0
MI,2027,22680,22680,0,0
MI,2028,22680,22680,0,0
MI,2029,22680,22680,0,0
MI,2030,22680,22680,0,0
MI,2031,22680,22680,0,0
MI,2032,22680,22680,0,0
MI,2033,22680,22680,0,0
MI,2034,22680,22680,0,0
MI,2035,22680,22680,0,0
MI,2036,22680,22680,0,0
MI,2037,22680,22680,0,0
MI,2038,22680,22680,0,0
MI,2039,22680,22680,0,0
MI,2040,22680,22680,0,0
MI,2041,22680,22680,0,0
MI,2042,22680,22680,0,0
MI,2043,22680,22680,0,0
MI,2044,22680,22680,0,0
MI,2045,22680,22680,0,0
MI,2046,22680,22680,0,0
MI,2047,22680,22680,0,0
MI,2048,22680,22680,0,0
MI,2049,22680,22680,0,0
MI,2050,22680,22680,0,0
MO,2025,0,0,0,0
MO,2026,0,0,0,0
MO,2027,0,0,0,0
MO,2028,0,0,0,0
MO,2029,0,0,0,0
MO,2030,0,0,206085.3314,206085.3314
MO,2031,0,0,206085.3314,206085.3314
MO,2032,0,0,206085.3314,206085.3314
MO,2033,0,0,206085.3314,206085.3314
MO,2034,0,0,206085.3314,206085.3314
MO,2035,0,0,206085.3314,206085.3314
MO,2036,0,0,206085.3314,206085.3314
MO,2037,0,0,206085.3314,206085.3314
MO,2038,0,0,206085.3314,206085.3314
MO,2039,0,0,206085.3314,206085.3314
MO,2040,0,0,206085.3314,206085.3314
MO,2041,0,0,206085.3314,206085.3314
MO,2042,0,0,206085.3314,206085.3314
MO,2043,0,0,206085.3314,206085.3314
MO,2044,0,0,206085.3314,206085.3314
MO,2045,0,0,206085.3314,206085.3314
MO,2046,0,0,206085.3314,206085.3314
MO,2047,0,0,206085.3314,206085.3314
MO,2048,0,0,206085.3314,206085.3314
MO,2049,0,0,206085.3314,206085.3314
MO,2050,0,0,206085.3314,206085.3314
NC,2025,500,500,500,500
NC,2026,10500,500,14504.625929,4504.625929
NC,2027,10500,500,14504.625929,4504.625929
NC,2028,12500,500,16504.625929,4504.625929
NC,2029,12500,500,16504.625929,4504.625929
NC,2030,38000,14000,28504.625929,4504.625929
NC,2031,38000,24000,28504.625929,14504.625929
NC,2032,38000,24000,28504.625929,14504.625929
NC,2033,38000,26000,28504.625929,16504.625929
NC,2034,38000,26000,28504.625929,16504.625929
NC,2035,38000,38000,28504.625929,28504.625929
NC,2036,38000,38000,28504.625929,28504.625929
NC,2037,38000,38000,28504.625929,28504.625929
NC,2038,38000,38000,28504.625929,28504.625929
NC,2039,38000,38000,28504.625929,28504.625929
NC,2040,38000,38000,28504.625929,28504.625929
NC,2041,38000,38000,28504.625929,28504.625929
NC,2042,38000,38000,28504.625929,28504.625929
NC,2043,38000,38000,28504.625929,28504.625929
NC,2044,38000,38000,28504.625929,28504.625929
NC,2045,38000,38000,28504.625929,28504.625929
NC,2046,38000,38000,28504.625929,28504.625929
NC,2047,38000,38000,28504.625929,28504.625929
NC,2048,38000,38000,28504.625929,28504.625929
NC,2049,38000,38000,28504.625929,28504.625929
NC,2050,38000,38000,28504.625929,28504.625929
NJ,2025,500,500,500,500
NJ,2026,500,500,500,500
NJ,2027,500,500,500,500
NJ,2028,500,500,500,500
NJ,2029,500,500,500,500
NJ,2030,500,500,500,500
NJ,2031,500,500,500,500
NJ,2032,500,500,500,500
NJ,2033,500,500,500,500
NJ,2034,500,500,500,500
NJ,2035,500,500,500,500
NJ,2036,500,500,500,500
NJ,2037,500,500,500,500
NJ,2038,500,500,500,500
NJ,2039,500,500,500,500
NJ,2040,500,500,500,500
NJ,2041,500,500,500,500
NJ,2042,500,500,500,500
NJ,2043,500,500,500,500
NJ,2044,500,500,500,500
NJ,2045,500,500,500,500
NJ,2046,500,500,500,500
NJ,2047,500,500,500,500
NJ,2048,500,500,500,500
NJ,2049,500,500,500,500
NJ,2050,500,500,500,500
NV,2025,86075,86075,86075,86075
NV,2026,206075,86075,206075,86075
NV,2027,216075,86075,216075,86075
NV,2028,216075,86075,216075,86075
NV,2029,216075,86075,216075,86075
NV,2030,216075,86075,216075,86075
NV,2031,216075,206075,216075,206075
NV,2032,216075,216075,216075,216075
NV,2033,216075,216075,216075,216075
NV,2034,216075,216075,216075,216075
NV,2035,216075,216075,216075,216075
NV,2036,216075,216075,216075,216075
NV,2037,216075,216075,216075,216075
NV,2038,216075,216075,216075,216075
NV,2039,216075,216075,216075,216075
NV,2040,216075,216075,216075,216075
NV,2041,216075,216075,216075,216075
NV,2042,216075,216075,216075,216075
NV,2043,216075,216075,216075,216075
NV,2044,216075,216075,216075,216075
NV,2045,216075,216075,216075,216075
NV,2046,216075,216075,216075,216075
NV,2047,216075,216075,216075,216075
NV,2048,216075,216075,216075,216075
NV,2049,216075,216075,216075,216075
NV,2050,216075,216075,216075,216075
NY,2025,120,120,120,120
NY,2026,120,120,120,120
NY,2027,120,120,120,120
NY,2028,120,120,120,120
NY,2029,10120,10120,120,120
NY,2030,10120,10120,120,120
NY,2031,10120,10120,120,120
NY,2032,10120,10120,120,120
NY,2033,10120,10120,120,120
NY,2034,10120,10120,120,120
NY,2035,10120,10120,120,120
NY,2036,10120,10120,120,120
NY,2037,10120,10120,120,120
NY,2038,10120,10120,120,120
NY,2039,10120,10120,120,120
NY,2040,10120,10120,120,120
NY,2041,10120,10120,120,120
NY,2042,10120,10120,120,120
NY,2043,10120,10120,120,120
NY,2044,10120,10120,120,120
NY,2045,10120,10120,120,120
NY,2046,10120,10120,120,120
NY,2047,10120,10120,120,120
NY,2048,10120,10120,120,120
NY,2049,10120,10120,120,120
NY,2050,10120,10120,120,120
OH,2025,4500,4500,4500,4500
OH,2026,17600,4500,17600,4500
OH,2027,17600,4500,17600,4500
OH,2028,17600,4500,54005.69026,40905.69026
OH,2029,17600,4500,54005.69026,40905.69026
OH,2030,17600,4500,54005.69026,40905.69026
OH,2031,17600,17600,54005.69026,54005.69026
OH,2032,17600,17600,54005.69026,54005.69026
OH,2033,17600,17600,54005.69026,54005.69026
OH,2034,17600,17600,54005.69026,54005.69026
OH,2035,17600,17600,54005.69026,54005.69026
OH,2036,17600,17600,54005.69026,54005.69026
OH,2037,17600,17600,54005.69026,54005.69026
OH,2038,17600,17600,54005.69026,54005.69026
OH,2039,17600,17600,54005.69026,54005.69026
OH,2040,17600,17600,54005.69026,54005.69026
OH,2041,17600,17600,54005.69026,54005.69026
OH,2042,17600,17600,54005.69026,54005.69026
OH,2043,17600,17600,54005.69026,54005.69026
OH,2044,17600,17600,54005.69026,54005.69026
OH,2045,17600,17600,54005.69026,54005.69026
OH,2046,17600,17600,54005.69026,54005.69026
OH,2047,17600,17600,54005.69026,54005.69026
OH,2048,17600,17600,54005.69026,54005.69026
OH,2049,17600,17600,54005.69026,54005.69026
OH,2050,17600,17600,54005.69026,54005.69026
OK,2025,20000,20000,0,0
OK,2026,20000,20000,0,0
OK,2027,20000,20000,0,0
OK,2028,20000,20000,0,0
OK,2029,20000,20000,0,0
OK,2030,45359,45359,0,0
OK,2031,45359,45359,0,0
OK,2032,45359,45359,0,0
OK,2033,45359,45359,0,0
OK,2034,45359,45359,0,0
OK,2035,45359,45359,0,0
OK,2036,45359,45359,0,0
OK,2037,45359,45359,0,0
OK,2038,45359,45359,0,0
OK,2039,45359,45359,0,0
OK,2040,45359,45359,0,0
OK,2041,45359,45359,0,0
OK,2042,45359,45359,0,0
OK,2043,45359,45359,0,0
OK,2044,45359,45359,0,0
OK,2045,45359,45359,0,0
OK,2046,45359,45359,0,0
OK,2047,45359,45359,0,0
OK,2048,45359,45359,0,0
OK,2049,45359,45359,0,0
OK,2050,45359,45359,0,0
ON,2025,20000,20000,2500,2500
ON,2026,20000,20000,2500,2500
ON,2027,20000,20000,2500,2500
ON,2028,20000,20000,2500,2500
ON,2029,38000,38000,2500,2500
ON,2030,68000,38000,32500,2500
ON,2031,68000,38000,32500,2500
ON,2032,68000,38000,32500,2500
ON,2033,68000,38000,32500,2500
ON,2034,68000,38000,32500,2500
ON,2035,68000,68000,32500,32500
ON,2036,68000,68000,32500,32500
ON,2037,68000,68000,32500,32500
ON,2038,68000,68000,32500,32500
ON,2039,68000,68000,32500,32500
ON,2040,68000,68000,32500,32500
ON,2041,68000,68000,32500,32500
ON,2042,68000,68000,32500,32500
ON,2043,68000,68000,32500,32500
ON,2044,68000,68000,32500,32500
ON,2045,68000,68000,32500,32500
ON,2046,68000,68000,32500,32500
ON,2047,68000,68000,32500,32500
ON,2048,68000,68000,32500,32500
ON,2049,68000,68000,32500,32500
ON,2050,68000,68000,32500,32500
PA,2025,15000,15000,0,0
PA,2026,15000,15000,20000,20000
PA,2027,15000,15000,20000,20000
PA,2028,15000,15000,20000,20000
PA,2029,15000,15000,20000,20000
PA,2030,15000,15000,20000,20000
PA,2031,15000,15000,20000,20000
PA,2032,15000,15000,20000,20000
PA,2033,15000,15000,20000,20000
PA,2034,15000,15000,20000,20000
PA,2035,15000,15000,20000,20000
PA,2036,15000,15000,20000,20000
PA,2037,15000,15000,20000,20000
PA,2038,15000,15000,20000,20000
PA,2039,15000,15000,20000,20000
PA,2040,15000,15000,20000,20000
PA,2041,15000,15000,20000,20000
PA,2042,15000,15000,20000,20000
PA,2043,15000,15000,20000,20000
PA,2044,15000,15000,20000,20000
PA,2045,15000,15000,20000,20000
PA,2046,15000,15000,20000,20000
PA,2047,15000,15000,20000,20000
PA,2048,15000,15000,20000,20000
PA,2049,15000,15000,20000,20000
PA,2050,15000,15000,20000,20000
SC,2025,21840,21840,20040,20040
SC,2026,21840,21840,20040,20040
SC,2027,21840,21840,20040,20040
SC,2028,21840,21840,20040,20040
SC,2029,21840,21840,20040,20040
SC,2030,21840,21840,56445.69026,56445.69026
SC,2031,21840,21840,56445.69026,56445.69026
SC,2032,21840,21840,56445.69026,56445.69026
SC,2033,21840,21840,56445.69026,56445.69026
SC,2034,21840,21840,56445.69026,56445.69026
SC,2035,21840,21840,56445.69026,56445.69026
SC,2036,21840,21840,56445.69026,56445.69026
SC,2037,21840,21840,56445.69026,56445.69026
SC,2038,21840,21840,56445.69026,56445.69026
SC,2039,21840,21840,56445.69026,56445.69026
SC,2040,21840,21840,56445.69026,56445.69026
SC,2041,21840,21840,56445.69026,56445.69026
SC,2042,21840,21840,56445.69026,56445.69026
SC,2043,21840,21840,56445.69026,56445.69026
SC,2044,21840,21840,56445.69026,56445.69026
SC,2045,21840,21840,56445.69026,56445.69026
SC,2046,21840,21840,56445.69026,56445.69026
SC,2047,21840,21840,56445.69026,56445.69026
SC,2048,21840,21840,56445.69026,56445.69026
SC,2049,21840,21840,56445.69026,56445.69026
SC,2050,21840,21840,56445.69026,56445.69026
TX,2025,10000,10000,10000,10000
TX,2026,30000,10000,30000,10000
TX,2027,49000,10000,90360.504704,51360.504704000006
TX,2028,49000,10000,90360.504704,51360.504704000006
TX,2029,49000,10000,90360.504704,51360.504704000006
TX,2030,49000,10000,363403.18170400005,324403.18170400005
TX,2031,49000,30000,363403.18170400005,344403.18170400005
TX,2032,49000,49000,363403.18170400005,363403.18170400005
TX,2033,49000,49000,363403.18170400005,363403.18170400005
TX,2034,49000,49000,363403.18170400005,363403.18170400005
TX,2035,49000,49000,363403.18170400005,363403.18170400005
TX,2036,49000,49000,363403.18170400005,363403.18170400005
TX,2037,49000,49000,363403.18170400005,363403.18170400005
TX,2038,49000,49000,363403.18170400005,363403.18170400005
TX,2039,49000,49000,363403.18170400005,363403.18170400005
TX,2040,49000,49000,363403.18170400005,363403.18170400005
TX,2041,49000,49000,363403.18170400005,363403.18170400005
TX,2042,49000,49000,363403.18170400005,363403.18170400005
TX,2043,49000,49000,363403.18170400005,363403.18170400005
TX,2044,49000,49000,363403.18170400005,363403.18170400005
TX,2045,49000,49000,363403.18170400005,363403.18170400005
TX,2046,49000,49000,363403.18170400005,363403.18170400005
TX,2047,49000,49000,363403.18170400005,363403.18170400005
TX,2048,49000,49000,363403.18170400005,363403.18170400005
TX,2049,49000,49000,363403.18170400005,363403.18170400005
TX,2050,49000,49000,363403.18170400005,363403.18170400005
