Year,Mineral,Total_Minerals_Exported,Scenario
2035,Cobalt,0,Decreasing Batt Cap - Benchmark Chemistry
2035,Copper,0,Decreasing Batt Cap - Benchmark Chemistry
2035,Graphite,0,Decreasing Batt Cap - Benchmark Chemistry
2035,Lithium,0,Decreasing Batt Cap - Benchmark Chemistry
2035,Manganese,0,Decreasing Batt Cap - Benchmark Chemistry
2035,Nickel,0,Decreasing Batt Cap - Benchmark Chemistry
2035,Cobalt,0,Decreasing Batt Cap - High LFP Chemistry
2035,Copper,0,Decreasing Batt Cap - High LFP Chemistry
2035,Graphite,0,Decreasing Batt Cap - High LFP Chemistry
2035,Lithium,0,Decreasing Batt Cap - High LFP Chemistry
2035,Manganese,0,Decreasing Batt Cap - High LFP Chemistry
2035,Nickel,0,Decreasing Batt Cap - High LFP Chemistry
2035,Cobalt,817.9068015640414,Increasing Batt Cap - Benchmark Chemistry
2035,Copper,4737.047230507918,Increasing Batt Cap - Benchmark Chemistry
2035,Graphite,9514.600774056416,Increasing Batt Cap - Benchmark Chemistry
2035,Lithium,892.0887535360504,Increasing Batt Cap - Benchmark Chemistry
2035,Manganese,370.0296871403082,Increasing Batt Cap - Benchmark Chemistry
2035,Nickel,4164.1075373281965,Increasing Batt Cap - Benchmark Chemistry
2035,Cobalt,818.6825891858751,Increasing Batt Cap - High LFP Chemistry
2035,Copper,4918.141178820909,Increasing Batt Cap - High LFP Chemistry
2035,Graphite,9821.064971355852,Increasing Batt Cap - High LFP Chemistry
2035,Lithium,917.4946098754681,Increasing Batt Cap - High LFP Chemistry
2035,Manganese,367.5698542225368,Increasing Batt Cap - High LFP Chemistry
2035,Nickel,4165.3011712764655,Increasing Batt Cap - High LFP Chemistry
2036,Cobalt,584.1231834957981,Decreasing Batt Cap - Benchmark Chemistry
2036,Copper,3104.2664810069964,Decreasing Batt Cap - Benchmark Chemistry
2036,Graphite,6329.363617580178,Decreasing Batt Cap - Benchmark Chemistry
2036,Lithium,598.8118952731234,Decreasing Batt Cap - Benchmark Chemistry
2036,Manganese,265.31482282368717,Decreasing Batt Cap - Benchmark Chemistry
2036,Nickel,2990.223589504759,Decreasing Batt Cap - Benchmark Chemistry
2036,Cobalt,601.6212167822777,Decreasing Batt Cap - High LFP Chemistry
2036,Copper,3312.6741387366387,Decreasing Batt Cap - High LFP Chemistry
2036,Graphite,6713.522520813817,Decreasing Batt Cap - High LFP Chemistry
2036,Lithium,632.8197694765873,Decreasing Batt Cap - High LFP Chemistry
2036,Manganese,271.34752117246035,Decreasing Batt Cap - High LFP Chemistry
2036,Nickel,3078.4768456005854,Decreasing Batt Cap - High LFP Chemistry
2036,Cobalt,3187.265453235502,Increasing Batt Cap - Benchmark Chemistry
2036,Copper,18376.53840086151,Increasing Batt Cap - Benchmark Chemistry
2036,Graphite,37031.06187436493,Increasing Batt Cap - Benchmark Chemistry
2036,Lithium,3473.961417335015,Increasing Batt Cap - Benchmark Chemistry
2036,Manganese,1490.9899187793173,Increasing Batt Cap - Benchmark Chemistry
2036,Nickel,16454.297006993063,Increasing Batt Cap - Benchmark Chemistry
2036,Cobalt,3105.552923866977,Increasing Batt Cap - High LFP Chemistry
2036,Copper,18707.125900732033,Increasing Batt Cap - High LFP Chemistry
2036,Graphite,37434.03695755566,Increasing Batt Cap - High LFP Chemistry
2036,Lithium,3496.598538856822,Increasing Batt Cap - High LFP Chemistry
2036,Manganese,1441.4270598472426,Increasing Batt Cap - High LFP Chemistry
2036,Nickel,16024.811014057446,Increasing Batt Cap - High LFP Chemistry
2037,Cobalt,3113.1999101166966,Decreasing Batt Cap - Benchmark Chemistry
2037,Copper,16472.67178243888,Decreasing Batt Cap - Benchmark Chemistry
2037,Graphite,33690.15352412054,Decreasing Batt Cap - Benchmark Chemistry
2037,Lithium,3189.044184063082,Decreasing Batt Cap - Benchmark Chemistry
2037,Manganese,1448.529977090618,Decreasing Batt Cap - Benchmark Chemistry
2037,Nickel,16131.051541991814,Decreasing Batt Cap - Benchmark Chemistry
2037,Cobalt,3049.2865650905,Decreasing Batt Cap - High LFP Chemistry
2037,Copper,16838.989675782854,Decreasing Batt Cap - High LFP Chemistry
2037,Graphite,34187.785422052,Decreasing Batt Cap - High LFP Chemistry
2037,Lithium,3221.833962766992,Decreasing Batt Cap - High LFP Chemistry
2037,Manganese,1408.0152403461611,Decreasing Batt Cap - High LFP Chemistry
2037,Nickel,15796.044048640259,Decreasing Batt Cap - High LFP Chemistry
2037,Cobalt,6054.160343657548,Increasing Batt Cap - Benchmark Chemistry
2037,Copper,34796.140471342354,Increasing Batt Cap - Benchmark Chemistry
2037,Graphite,70303.20570932174,Increasing Batt Cap - Benchmark Chemistry
2037,Lithium,6597.794744933958,Increasing Batt Cap - Benchmark Chemistry
2037,Manganese,2902.910496024227,Increasing Batt Cap - Benchmark Chemistry
2037,Nickel,31619.83169674962,Increasing Batt Cap - Benchmark Chemistry
2037,Cobalt,5836.470986116305,Increasing Batt Cap - High LFP Chemistry
2037,Copper,35359.21243857526,Increasing Batt Cap - High LFP Chemistry
2037,Graphite,70839.30541886295,Increasing Batt Cap - High LFP Chemistry
2037,Lithium,6613.693493879705,Increasing Batt Cap - High LFP Chemistry
2037,Manganese,2775.210037496258,Increasing Batt Cap - High LFP Chemistry
2037,Nickel,30474.520929982973,Increasing Batt Cap - High LFP Chemistry
2038,Cobalt,6805.195575504961,Decreasing Batt Cap - Benchmark Chemistry
2038,Copper,35696.81388667319,Decreasing Batt Cap - Benchmark Chemistry
2038,Graphite,73163.38755924614,Decreasing Batt Cap - Benchmark Chemistry
2038,Lithium,6931.335267329806,Decreasing Batt Cap - Benchmark Chemistry
2038,Manganese,3231.3059536761175,Decreasing Batt Cap - Benchmark Chemistry
2038,Nickel,35354.65004357457,Decreasing Batt Cap - Benchmark Chemistry
2038,Cobalt,6593.119058992168,Decreasing Batt Cap - High LFP Chemistry
2038,Copper,36308.118172576185,Decreasing Batt Cap - High LFP Chemistry
2038,Graphite,73792.46840644475,Decreasing Batt Cap - High LFP Chemistry
2038,Lithium,6955.659151885282,Decreasing Batt Cap - High LFP Chemistry
2038,Manganese,3105.90419003401,Decreasing Batt Cap - High LFP Chemistry
2038,Nickel,34240.81434726666,Decreasing Batt Cap - High LFP Chemistry
2038,Cobalt,10273.996511688241,Increasing Batt Cap - Benchmark Chemistry
2038,Copper,58305.268492241776,Increasing Batt Cap - Benchmark Chemistry
2038,Graphite,118107.38484645433,Increasing Batt Cap - Benchmark Chemistry
2038,Lithium,11097.559988181116,Increasing Batt Cap - Benchmark Chemistry
2038,Manganese,5023.7503273729235,Increasing Batt Cap - Benchmark Chemistry
2038,Nickel,53780.34784820666,Increasing Batt Cap - Benchmark Chemistry
2038,Cobalt,9829.64092519659,Increasing Batt Cap - High LFP Chemistry
2038,Copper,59225.401228325696,Increasing Batt Cap - High LFP Chemistry
2038,Graphite,118809.7316169185,Increasing Batt Cap - High LFP Chemistry
2038,Lithium,11097.575042779315,Increasing Batt Cap - High LFP Chemistry
2038,Manganese,4765.154820426017,Increasing Batt Cap - High LFP Chemistry
2038,Nickel,51431.48808676072,Increasing Batt Cap - High LFP Chemistry
2039,Cobalt,10259.83115557211,Decreasing Batt Cap - Benchmark Chemistry
2039,Copper,54450.49813674238,Decreasing Batt Cap - Benchmark Chemistry
2039,Graphite,111370.50549123509,Decreasing Batt Cap - Benchmark Chemistry
2039,Lithium,10536.799180434615,Decreasing Batt Cap - Benchmark Chemistry
2039,Manganese,5042.830046469669,Decreasing Batt Cap - Benchmark Chemistry
2039,Nickel,53221.4861870295,Decreasing Batt Cap - Benchmark Chemistry
2039,Cobalt,9815.325547096556,Decreasing Batt Cap - High LFP Chemistry
2039,Copper,55465.33409459666,Decreasing Batt Cap - High LFP Chemistry
2039,Graphite,112239.62708887349,Decreasing Batt Cap - High LFP Chemistry
2039,Lithium,10550.647779545705,Decreasing Batt Cap - High LFP Chemistry
2039,Manganese,4785.269439866563,Decreasing Batt Cap - High LFP Chemistry
2039,Nickel,50888.782776481166,Decreasing Batt Cap - High LFP Chemistry
2039,Cobalt,14519.465577179744,Increasing Batt Cap - Benchmark Chemistry
2039,Copper,82968.22163613542,Increasing Batt Cap - Benchmark Chemistry
2039,Graphite,167881.41388936623,Increasing Batt Cap - Benchmark Chemistry
2039,Lithium,15761.762064353461,Increasing Batt Cap - Benchmark Chemistry
2039,Manganese,7341.130089311651,Increasing Batt Cap - Benchmark Chemistry
2039,Nickel,75917.34034139586,Increasing Batt Cap - Benchmark Chemistry
2039,Cobalt,13709.27927187731,Increasing Batt Cap - High LFP Chemistry
2039,Copper,84471.95211120651,Increasing Batt Cap - High LFP Chemistry
2039,Graphite,168867.1484028346,Increasing Batt Cap - High LFP Chemistry
2039,Lithium,15737.411150736943,Increasing Batt Cap - High LFP Chemistry
2039,Manganese,6872.845299209391,Increasing Batt Cap - High LFP Chemistry
2039,Nickel,71632.20540299296,Increasing Batt Cap - High LFP Chemistry
2040,Cobalt,13949.865522073036,Decreasing Batt Cap - Benchmark Chemistry
2040,Copper,74780.21132925441,Decreasing Batt Cap - Benchmark Chemistry
2040,Graphite,152702.59773961751,Decreasing Batt Cap - Benchmark Chemistry
2040,Lithium,14430.266054017568,Decreasing Batt Cap - Benchmark Chemistry
2040,Manganese,7097.601254193195,Decreasing Batt Cap - Benchmark Chemistry
2040,Nickel,72297.37248819956,Decreasing Batt Cap - Benchmark Chemistry
2040,Cobalt,13117.935142336593,Decreasing Batt Cap - High LFP Chemistry
2040,Copper,76448.12608471292,Decreasing Batt Cap - High LFP Chemistry
2040,Graphite,153940.81621913065,Decreasing Batt Cap - High LFP Chemistry
2040,Lithium,14424.113343081868,Decreasing Batt Cap - High LFP Chemistry
2040,Manganese,6620.3679530158515,Decreasing Batt Cap - High LFP Chemistry
2040,Nickel,67938.07106391274,Decreasing Batt Cap - High LFP Chemistry
2040,Cobalt,19387.166635868492,Increasing Batt Cap - Benchmark Chemistry
2040,Copper,111165.16936195515,Increasing Batt Cap - Benchmark Chemistry
2040,Graphite,224847.99892255483,Increasing Batt Cap - Benchmark Chemistry
2040,Lithium,21100.477098614818,Increasing Batt Cap - Benchmark Chemistry
2040,Manganese,10127.86500355723,Increasing Batt Cap - Benchmark Chemistry
2040,Nickel,101329.90053188456,Increasing Batt Cap - Benchmark Chemistry
2040,Cobalt,17976.611724361188,Increasing Batt Cap - High LFP Chemistry
2040,Copper,113607.98743988312,Increasing Batt Cap - High LFP Chemistry
2040,Graphite,226270.3068719433,Increasing Batt Cap - High LFP Chemistry
2040,Lithium,21033.81824423318,Increasing Batt Cap - High LFP Chemistry
2040,Manganese,9316.238448776232,Increasing Batt Cap - High LFP Chemistry
2040,Nickel,93874.74981540034,Increasing Batt Cap - High LFP Chemistry
2041,Cobalt,17799.544841483912,Decreasing Batt Cap - Benchmark Chemistry
2041,Copper,96226.49430054835,Decreasing Batt Cap - Benchmark Chemistry
2041,Graphite,196322.603502628,Decreasing Batt Cap - Benchmark Chemistry
2041,Lithium,18533.809974144315,Decreasing Batt Cap - Benchmark Chemistry
2041,Manganese,9360.310877246071,Decreasing Batt Cap - Benchmark Chemistry
2041,Nickel,92401.34965352812,Decreasing Batt Cap - Benchmark Chemistry
2041,Cobalt,16385.465508591406,Decreasing Batt Cap - High LFP Chemistry
2041,Copper,98852.43286642374,Decreasing Batt Cap - High LFP Chemistry
2041,Graphite,198069.1304068341,Decreasing Batt Cap - High LFP Chemistry
2041,Lithium,18493.69970885889,Decreasing Batt Cap - High LFP Chemistry
2041,Manganese,8551.798303798814,Decreasing Batt Cap - High LFP Chemistry
2041,Nickel,84979.59138756587,Decreasing Batt Cap - High LFP Chemistry
2041,Cobalt,24897.407529812997,Increasing Batt Cap - Benchmark Chemistry
2041,Copper,142815.0411094536,Increasing Batt Cap - Benchmark Chemistry
2041,Graphite,289023.3275544242,Increasing Batt Cap - Benchmark Chemistry
2041,Lithium,27119.152800884687,Increasing Batt Cap - Benchmark Chemistry
2041,Manganese,13405.836135720156,Increasing Batt Cap - Benchmark Chemistry
2041,Nickel,130416.73326237514,Increasing Batt Cap - Benchmark Chemistry
2041,Cobalt,22583.38133905063,Increasing Batt Cap - High LFP Chemistry
2041,Copper,146654.06154111354,Increasing Batt Cap - High LFP Chemistry
2041,Graphite,291064.3908004842,Increasing Batt Cap - High LFP Chemistry
2041,Lithium,26985.56077323129,Increasing Batt Cap - High LFP Chemistry
2041,Manganese,12075.769793425145,Increasing Batt Cap - High LFP Chemistry
2041,Nickel,118167.37306071086,Increasing Batt Cap - High LFP Chemistry
2042,Cobalt,21786.93539394298,Decreasing Batt Cap - Benchmark Chemistry
2042,Copper,118838.25865844954,Decreasing Batt Cap - Benchmark Chemistry
2042,Graphite,242462.2488060507,Decreasing Batt Cap - Benchmark Chemistry
2042,Lithium,22865.83749799237,Decreasing Batt Cap - Benchmark Chemistry
2042,Manganese,11882.984158742654,Decreasing Batt Cap - Benchmark Chemistry
2042,Nickel,113876.65226595696,Decreasing Batt Cap - Benchmark Chemistry
2042,Cobalt,19577.737303445985,Decreasing Batt Cap - High LFP Chemistry
2042,Copper,122756.87139115806,Decreasing Batt Cap - High LFP Chemistry
2042,Graphite,244845.2381341484,Decreasing Batt Cap - High LFP Chemistry
2042,Lithium,22774.275380102677,Decreasing Batt Cap - High LFP Chemistry
2042,Manganese,10607.067217894763,Decreasing Batt Cap - High LFP Chemistry
2042,Nickel,102199.26825709303,Decreasing Batt Cap - High LFP Chemistry
2042,Cobalt,31043.741501183835,Increasing Batt Cap - Benchmark Chemistry
2042,Copper,178092.31054719142,Increasing Batt Cap - Benchmark Chemistry
2042,Graphite,360964.63250666624,Increasing Batt Cap - Benchmark Chemistry
2042,Lithium,33865.88914233681,Increasing Batt Cap - Benchmark Chemistry
2042,Manganese,17279.9751141582,Increasing Batt Cap - Benchmark Chemistry
2042,Nickel,163795.94252697402,Increasing Batt Cap - Benchmark Chemistry
2042,Cobalt,27480.480126683302,Increasing Batt Cap - High LFP Chemistry
2042,Copper,183861.8794365802,Increasing Batt Cap - High LFP Chemistry
2042,Graphite,363815.91274706874,Increasing Batt Cap - High LFP Chemistry
2042,Lithium,33635.569753271986,Increasing Batt Cap - High LFP Chemistry
2042,Manganese,15210.982997375258,Increasing Batt Cap - High LFP Chemistry
2042,Nickel,144811.20349329585,Increasing Batt Cap - High LFP Chemistry
2043,Cobalt,25950.001925573164,Decreasing Batt Cap - Benchmark Chemistry
2043,Copper,142639.7198228352,Decreasing Batt Cap - Benchmark Chemistry
2043,Graphite,291307.1758755304,Decreasing Batt Cap - Benchmark Chemistry
2043,Lithium,27448.134692987533,Decreasing Batt Cap - Benchmark Chemistry
2043,Manganese,14598.746663274038,Decreasing Batt Cap - Benchmark Chemistry
2043,Nickel,137154.71751710164,Decreasing Batt Cap - Benchmark Chemistry
2043,Cobalt,22733.971661090865,Decreasing Batt Cap - High LFP Chemistry
2043,Copper,148189.39563682454,Decreasing Batt Cap - High LFP Chemistry
2043,Graphite,294442.5523620734,Decreasing Batt Cap - High LFP Chemistry
2043,Lithium,27286.504446007628,Decreasing Batt Cap - High LFP Chemistry
2043,Manganese,12722.707108620118,Decreasing Batt Cap - High LFP Chemistry
2043,Nickel,119978.904088236,Decreasing Batt Cap - High LFP Chemistry
2043,Cobalt,37918.506248676444,Increasing Batt Cap - Benchmark Chemistry
2043,Copper,217214.80939803508,Increasing Batt Cap - Benchmark Chemistry
2043,Graphite,441331.0593833464,Increasing Batt Cap - Benchmark Chemistry
2043,Lithium,41409.32548038658,Increasing Batt Cap - Benchmark Chemistry
2043,Manganese,21691.767071121394,Increasing Batt Cap - Benchmark Chemistry
2043,Nickel,202306.25335731742,Increasing Batt Cap - Benchmark Chemistry
2043,Cobalt,32733.853284520475,Increasing Batt Cap - High LFP Chemistry
2043,Copper,225502.68963556486,Increasing Batt Cap - High LFP Chemistry
2043,Graphite,445190.50072278216,Increasing Batt Cap - High LFP Chemistry
2043,Lithium,41049.140215261374,Increasing Batt Cap - High LFP Chemistry
2043,Manganese,18651.990680549014,Increasing Batt Cap - High LFP Chemistry
2043,Nickel,174416.7083950144,Increasing Batt Cap - High LFP Chemistry
2044,Cobalt,30226.170629003853,Decreasing Batt Cap - Benchmark Chemistry
2044,Copper,167374.1132657281,Decreasing Batt Cap - Benchmark Chemistry
2044,Graphite,342309.9109955025,Decreasing Batt Cap - Benchmark Chemistry
2044,Lithium,32227.700712875587,Decreasing Batt Cap - Benchmark Chemistry
2044,Manganese,17425.830434768162,Decreasing Batt Cap - Benchmark Chemistry
2044,Nickel,161945.9840030974,Decreasing Batt Cap - Benchmark Chemistry
2044,Cobalt,25829.480893000476,Decreasing Batt Cap - High LFP Chemistry
2044,Copper,174838.98888704513,Decreasing Batt Cap - High LFP Chemistry
2044,Graphite,346278.42483441666,Decreasing Batt Cap - High LFP Chemistry
2044,Lithium,31979.232103435617,Decreasing Batt Cap - High LFP Chemistry
2044,Manganese,14837.473359569593,Decreasing Batt Cap - High LFP Chemistry
2044,Nickel,138187.5123035651,Decreasing Batt Cap - High LFP Chemistry
2044,Cobalt,45427.9157867618,Increasing Batt Cap - Benchmark Chemistry
2044,Copper,259832.67286744158,Increasing Batt Cap - Benchmark Chemistry
2044,Graphite,529388.2266007226,Increasing Batt Cap - Benchmark Chemistry
2044,Lithium,49677.33347984012,Increasing Batt Cap - Benchmark Chemistry
2044,Manganese,26540.59021710159,Increasing Batt Cap - Benchmark Chemistry
2044,Nickel,245573.92449067126,Increasing Batt Cap - Benchmark Chemistry
2044,Cobalt,38275.879646664056,Increasing Batt Cap - High LFP Chemistry
2044,Copper,271200.6872379531,Increasing Batt Cap - High LFP Chemistry
2044,Graphite,534431.6332157145,Increasing Batt Cap - High LFP Chemistry
2044,Lithium,49155.38980848625,Increasing Batt Cap - High LFP Chemistry
2044,Manganese,22310.676212817783,Increasing Batt Cap - High LFP Chemistry
2044,Nickel,206675.21586238034,Increasing Batt Cap - High LFP Chemistry
2045,Cobalt,34586.646906711954,Decreasing Batt Cap - Benchmark Chemistry
2045,Copper,192803.6547663776,Decreasing Batt Cap - Benchmark Chemistry
2045,Graphite,394936.9340353425,Decreasing Batt Cap - Benchmark Chemistry
2045,Lithium,37155.93608339417,Decreasing Batt Cap - Benchmark Chemistry
2045,Manganese,20317.152030313577,Decreasing Batt Cap - Benchmark Chemistry
2045,Nickel,187916.39871518454,Decreasing Batt Cap - Benchmark Chemistry
2045,Cobalt,28856.513902295344,Decreasing Batt Cap - High LFP Chemistry
2045,Copper,202439.49545299134,Decreasing Batt Cap - High LFP Chemistry
2045,Graphite,399807.8231743337,Decreasing Batt Cap - High LFP Chemistry
2045,Lithium,36805.60927425002,Decreasing Batt Cap - High LFP Chemistry
2045,Manganese,16915.434286468048,Decreasing Batt Cap - High LFP Chemistry
2045,Nickel,156592.38862076262,Decreasing Batt Cap - High LFP Chemistry
2045,Cobalt,53533.48668384607,Increasing Batt Cap - Benchmark Chemistry
2045,Copper,305638.18730611954,Increasing Batt Cap - Benchmark Chemistry
2045,Graphite,624464.0428080974,Increasing Batt Cap - Benchmark Chemistry
2045,Lithium,58608.57458298247,Increasing Batt Cap - Benchmark Chemistry
2045,Manganese,31775.50423830966,Increasing Batt Cap - Benchmark Chemistry
2045,Nickel,293209.0069236717,Increasing Batt Cap - Benchmark Chemistry
2045,Cobalt,44068.303775477696,Increasing Batt Cap - High LFP Chemistry
2045,Copper,320655.3922162375,Increasing Batt Cap - High LFP Chemistry
2045,Graphite,630867.9917737958,Increasing Batt Cap - High LFP Chemistry
2045,Lithium,57892.93865228385,Increasing Batt Cap - High LFP Chemistry
2045,Manganese,26133.38084000229,Increasing Batt Cap - High LFP Chemistry
2045,Nickel,241168.3523311125,Increasing Batt Cap - High LFP Chemistry
2046,Cobalt,39016.554727852395,Decreasing Batt Cap - Benchmark Chemistry
2046,Copper,218815.89940849607,Decreasing Batt Cap - Benchmark Chemistry
2046,Graphite,448932.693871906,Decreasing Batt Cap - Benchmark Chemistry
2046,Lithium,42209.42557555634,Decreasing Batt Cap - Benchmark Chemistry
2046,Manganese,23246.370376378418,Decreasing Batt Cap - Benchmark Chemistry
2046,Nickel,214902.23397938942,Decreasing Batt Cap - Benchmark Chemistry
2046,Cobalt,31802.01951469289,Decreasing Batt Cap - High LFP Chemistry
2046,Copper,230885.98632156206,Decreasing Batt Cap - High LFP Chemistry
2046,Graphite,454780.88386282505,Decreasing Batt Cap - High LFP Chemistry
2046,Lithium,41742.79420161389,Decreasing Batt Cap - High LFP Chemistry
2046,Manganese,18931.656600735478,Decreasing Batt Cap - High LFP Chemistry
2046,Nickel,175011.68806408407,Decreasing Batt Cap - High LFP Chemistry
2046,Cobalt,62224.73443583666,Increasing Batt Cap - Benchmark Chemistry
2046,Copper,354549.9143518996,Increasing Batt Cap - Benchmark Chemistry
2046,Graphite,726391.217845532,Increasing Batt Cap - Benchmark Chemistry
2046,Lithium,68187.83331863205,Increasing Batt Cap - Benchmark Chemistry
2046,Manganese,37373.13184469673,Increasing Batt Cap - Benchmark Chemistry
2046,Nickel,345142.4729304265,Increasing Batt Cap - Benchmark Chemistry
2046,Cobalt,50074.391366065436,Increasing Batt Cap - High LFP Chemistry
2046,Copper,373842.6638909946,Increasing Batt Cap - High LFP Chemistry
2046,Graphite,734352.9006051515,Increasing Batt Cap - High LFP Chemistry
2046,Lithium,67244.53102666051,Increasing Batt Cap - High LFP Chemistry
2046,Manganese,30080.2655121316,Increasing Batt Cap - High LFP Chemistry
2046,Nickel,277621.42372706434,Increasing Batt Cap - High LFP Chemistry
2047,Cobalt,43338.06988354823,Decreasing Batt Cap - Benchmark Chemistry
2047,Copper,244570.45861095077,Decreasing Batt Cap - Benchmark Chemistry
2047,Graphite,502481.4407077376,Decreasing Batt Cap - Benchmark Chemistry
2047,Lithium,47214.32062251997,Decreasing Batt Cap - Benchmark Chemistry
2047,Manganese,26114.382717525485,Decreasing Batt Cap - Benchmark Chemistry
2047,Nickel,241829.06778419498,Decreasing Batt Cap - Benchmark Chemistry
2047,Cobalt,34529.29824108642,Decreasing Batt Cap - High LFP Chemistry
2047,Copper,259282.52894680918,Decreasing Batt Cap - High LFP Chemistry
2047,Graphite,509363.42296424904,Decreasing Batt Cap - High LFP Chemistry
2047,Lithium,46620.747460376784,Decreasing Batt Cap - High LFP Chemistry
2047,Manganese,20809.397594938848,Decreasing Batt Cap - High LFP Chemistry
2047,Nickel,192579.88747637137,Decreasing Batt Cap - High LFP Chemistry
2047,Cobalt,71212.89177240142,Increasing Batt Cap - Benchmark Chemistry
2047,Copper,405280.70141652174,Increasing Batt Cap - Benchmark Chemistry
2047,Graphite,832398.3043788053,Increasing Batt Cap - Benchmark Chemistry
2047,Lithium,78147.9791759319,Increasing Batt Cap - Benchmark Chemistry
2047,Manganese,43177.62875250049,Increasing Batt Cap - Benchmark Chemistry
2047,Nickel,399746.23731739284,Increasing Batt Cap - Benchmark Chemistry
2047,Cobalt,56051.97232221478,Increasing Batt Cap - High LFP Chemistry
2047,Copper,429420.5754961751,Increasing Batt Cap - High LFP Chemistry
2047,Graphite,842095.1348931141,Increasing Batt Cap - High LFP Chemistry
2047,Lithium,76947.30226355112,Increasing Batt Cap - High LFP Chemistry
2047,Manganese,34017.95793623789,Increasing Batt Cap - High LFP Chemistry
2047,Nickel,314611.40575415257,Increasing Batt Cap - High LFP Chemistry
2048,Cobalt,47461.57814587641,Decreasing Batt Cap - Benchmark Chemistry
2048,Copper,269680.8383798389,Decreasing Batt Cap - Benchmark Chemistry
2048,Graphite,554733.2933623861,Decreasing Batt Cap - Benchmark Chemistry
2048,Lithium,52088.33184760498,Decreasing Batt Cap - Benchmark Chemistry
2048,Manganese,28888.52475028901,Decreasing Batt Cap - Benchmark Chemistry
2048,Nickel,268152.8571865934,Decreasing Batt Cap - Benchmark Chemistry
2048,Cobalt,36980.45549421235,Decreasing Batt Cap - High LFP Chemistry
2048,Copper,287200.7047549921,Decreasing Batt Cap - High LFP Chemistry
2048,Graphite,562691.576388124,Decreasing Batt Cap - High LFP Chemistry
2048,Lithium,51360.1403320269,Decreasing Batt Cap - High LFP Chemistry
2048,Manganese,22530.044350809894,Decreasing Batt Cap - High LFP Chemistry
2048,Nickel,208912.39705189943,Decreasing Batt Cap - High LFP Chemistry
2048,Cobalt,80303.94491314623,Increasing Batt Cap - Benchmark Chemistry
2048,Copper,457068.59125410405,Increasing Batt Cap - Benchmark Chemistry
2048,Graphite,940817.6258221274,Increasing Batt Cap - Benchmark Chemistry
2048,Lithium,88325.69282222551,Increasing Batt Cap - Benchmark Chemistry
2048,Manganese,49111.6289890077,Increasing Batt Cap - Benchmark Chemistry
2048,Nickel,455964.61507173534,Increasing Batt Cap - Benchmark Chemistry
2048,Cobalt,61852.000312431184,Increasing Batt Cap - High LFP Chemistry
2048,Copper,486575.89704241225,Increasing Batt Cap - High LFP Chemistry
2048,Graphite,952408.7896084324,Increasing Batt Cap - High LFP Chemistry
2048,Lithium,86842.129333997,Increasing Batt Cap - High LFP Chemistry
2048,Manganese,37885.64173356434,Increasing Batt Cap - High LFP Chemistry
2048,Nickel,351278.57258722757,Increasing Batt Cap - High LFP Chemistry
2049,Cobalt,51199.149764439666,Decreasing Batt Cap - Benchmark Chemistry
2049,Copper,293426.64725904795,Decreasing Batt Cap - Benchmark Chemistry
2049,Graphite,604081.1182063713,Decreasing Batt Cap - Benchmark Chemistry
2049,Lithium,56673.75476673552,Decreasing Batt Cap - Benchmark Chemistry
2049,Manganese,31477.399024379,Decreasing Batt Cap - Benchmark Chemistry
2049,Nickel,292802.63484428654,Decreasing Batt Cap - Benchmark Chemistry
2049,Cobalt,39048.86918731869,Decreasing Batt Cap - High LFP Chemistry
2049,Copper,313800.52090813796,Decreasing Batt Cap - High LFP Chemistry
2049,Graphite,613115.3697087879,Decreasing Batt Cap - High LFP Chemistry
2049,Lithium,55810.40671507491,Decreasing Batt Cap - High LFP Chemistry
2049,Manganese,24045.504959048587,Decreasing Batt Cap - High LFP Chemistry
2049,Nickel,223378.39152164067,Decreasing Batt Cap - High LFP Chemistry
2049,Cobalt,88868.62636109418,Increasing Batt Cap - Benchmark Chemistry
2049,Copper,507369.20570206793,Increasing Batt Cap - Benchmark Chemistry
2049,Graphite,1046066.0678229495,Increasing Batt Cap - Benchmark Chemistry
2049,Lithium,98176.74985416427,Increasing Batt Cap - Benchmark Chemistry
2049,Manganese,54834.99303149127,Increasing Batt Cap - Benchmark Chemistry
2049,Nickel,510287.42287396657,Increasing Batt Cap - Benchmark Chemistry
2049,Cobalt,67054.4062382466,Increasing Batt Cap - High LFP Chemistry
2049,Copper,542458.4611647197,Increasing Batt Cap - High LFP Chemistry
2049,Graphite,1059603.7930350692,Increasing Batt Cap - High LFP Chemistry
2049,Lithium,96403.40358034686,Increasing Batt Cap - High LFP Chemistry
2049,Manganese,41457.85699389417,Increasing Batt Cap - High LFP Chemistry
2049,Nickel,385243.3488123221,Increasing Batt Cap - High LFP Chemistry
2050,Cobalt,54478.953366670336,Decreasing Batt Cap - Benchmark Chemistry
2050,Copper,315667.71827525203,Decreasing Batt Cap - Benchmark Chemistry
2050,Graphite,650148.2512199689,Decreasing Batt Cap - Benchmark Chemistry
2050,Lithium,60930.00023335622,Decreasing Batt Cap - Benchmark Chemistry
2050,Manganese,33853.69544875297,Decreasing Batt Cap - Benchmark Chemistry
2050,Nickel,315387.88251609524,Decreasing Batt Cap - Benchmark Chemistry
2050,Cobalt,40720.568472202765,Decreasing Batt Cap - High LFP Chemistry
2050,Copper,338857.00002060505,Decreasing Batt Cap - High LFP Chemistry
2050,Graphite,660226.596438832,Decreasing Batt Cap - High LFP Chemistry
2050,Lithium,59935.936321524394,Decreasing Batt Cap - High LFP Chemistry
2050,Manganese,25358.62907618245,Decreasing Batt Cap - High LFP Chemistry
2050,Nickel,235896.87957358858,Decreasing Batt Cap - High LFP Chemistry
2050,Cobalt,96627.34374646473,Increasing Batt Cap - Benchmark Chemistry
2050,Copper,555291.3000537808,Increasing Batt Cap - Benchmark Chemistry
2050,Graphite,1146083.8732425314,Increasing Batt Cap - Benchmark Chemistry
2050,Lithium,107494.23179540575,Increasing Batt Cap - Benchmark Chemistry
2050,Manganese,60207.852921995014,Increasing Batt Cap - Benchmark Chemistry
2050,Nickel,561190.3133506472,Increasing Batt Cap - Benchmark Chemistry
2050,Cobalt,71516.73078172402,Increasing Batt Cap - High LFP Chemistry
2050,Copper,595980.5014883492,Increasing Batt Cap - High LFP Chemistry
2050,Graphite,1161552.7068307882,Increasing Batt Cap - High LFP Chemistry
2050,Lithium,105436.57289266541,Increasing Batt Cap - High LFP Chemistry
2050,Manganese,44667.926003226035,Increasing Batt Cap - High LFP Chemistry
2050,Nickel,415712.6625700808,Increasing Batt Cap - High LFP Chemistry
