Year,Metric,Tonnes
2025,LIB Demand (Increasing Batt Cap - Benchmark Chemistry),1.4098398156041374
2025,LIB Demand (Decreasing Batt Cap - Benchmark Chemistry),1.3316748038573833
2025,Pack Manufacturing,2.49692813262351
2025,Decreasing Batt Cap Pack Manufacturing,2.49692813262351
2025,Cell Manufacturing,0.8487528357655363
2025,Decreasing Batt Cap Cell Manufacturing,0.8014864492384076
2025,EoL Batteries (Increasing Batt Cap - Benchmark Chemistry),0.004204270788039927
2025,EoL Batteries (Decreasing Batt Cap - Benchmark Chemistry),0.004204270788039927
2025,Black Mass,0.32242336185
2025,Refining,0.18232836184999998
2026,LIB Demand (Increasing Batt Cap - Benchmark Chemistry),1.7753520140520656
2026,LIB Demand (Decreasing Batt Cap - Benchmark Chemistry),1.5894390051739387
2026,Pack Manufacturing,3.7619832176712533
2026,Decreasing Batt Cap Pack Manufacturing,3.7619832176712533
2026,Cell Manufacturing,1.0737701062280463
2026,Decreasing Batt Cap Cell Manufacturing,0.960885192006819
2026,EoL Batteries (Increasing Batt Cap - Benchmark Chemistry),0.008964279684668914
2026,EoL Batteries (Decreasing Batt Cap - Benchmark Chemistry),0.008856711103025139
2026,Black Mass,0.49552836185
2026,Refining,0.369437987779
2027,LIB Demand (Increasing Batt Cap - Benchmark Chemistry),2.309124171017272
2027,LIB Demand (Decreasing Batt Cap - Benchmark Chemistry),1.9609829695262875
2027,Pack Manufacturing,4.799877549531148
2027,Decreasing Batt Cap Pack Manufacturing,4.799877549531148
2027,Cell Manufacturing,1.5308432476287859
2027,Decreasing Batt Cap Cell Manufacturing,1.5308432476287859
2027,EoL Batteries (Increasing Batt Cap - Benchmark Chemistry),0.018467883056047983
2027,EoL Batteries (Decreasing Batt Cap - Benchmark Chemistry),0.01792794386291564
2027,Black Mass,0.53452836185
2027,Refining,0.556941492483
2028,LIB Demand (Increasing Batt Cap - Benchmark Chemistry),2.9935429201818904
2028,LIB Demand (Decreasing Batt Cap - Benchmark Chemistry),2.415289787048803
2028,Pack Manufacturing,5.325356827096056
2028,Decreasing Batt Cap Pack Manufacturing,5.325356827096056
2028,Cell Manufacturing,1.8262614782202853
2028,Decreasing Batt Cap Cell Manufacturing,1.5780912795040734
2028,EoL Batteries (Increasing Batt Cap - Benchmark Chemistry),0.03273386863556026
2028,EoL Batteries (Decreasing Batt Cap - Benchmark Chemistry),0.03132015085827669
2028,Black Mass,0.78652836185
2028,Refining,0.8453471827429999
2029,LIB Demand (Increasing Batt Cap - Benchmark Chemistry),3.6571362465054027
2029,LIB Demand (Decreasing Batt Cap - Benchmark Chemistry),2.807619312188081
2029,Pack Manufacturing,5.325356827096056
2029,Decreasing Batt Cap Pack Manufacturing,5.325356827096056
2029,Cell Manufacturing,2.571710456543865
2029,Decreasing Batt Cap Cell Manufacturing,2.571710456543865
2029,EoL Batteries (Increasing Batt Cap - Benchmark Chemistry),0.05437943538347214
2029,EoL Batteries (Decreasing Batt Cap - Benchmark Chemistry),0.05129648834844233
2029,Black Mass,0.83752836185
2029,Refining,0.8453471827429999
2030,LIB Demand (Increasing Batt Cap - Benchmark Chemistry),4.456195136359008
2030,LIB Demand (Decreasing Batt Cap - Benchmark Chemistry),3.259866852727868
2030,Pack Manufacturing,5.454705572342804
2030,Decreasing Batt Cap Pack Manufacturing,5.454705572342804
2030,Cell Manufacturing,2.7317600855577755
2030,Decreasing Batt Cap Cell Manufacturing,2.58985919425016
2030,EoL Batteries (Increasing Batt Cap - Benchmark Chemistry),0.08588360943122554
2030,EoL Batteries (Decreasing Batt Cap - Benchmark Chemistry),0.07984513540702765
2030,Black Mass,0.91838736185
2030,Refining,1.402880881403
2031,LIB Demand (Increasing Batt Cap - Benchmark Chemistry),5.219266487522941
2031,LIB Demand (Decreasing Batt Cap - Benchmark Chemistry),3.645312932159311
2031,Pack Manufacturing,5.454705572342804
2031,Decreasing Batt Cap Pack Manufacturing,5.454705572342804
2031,Cell Manufacturing,3.1961949080557353
2031,Decreasing Batt Cap Cell Manufacturing,2.6048886890631415
2031,EoL Batteries (Increasing Batt Cap - Benchmark Chemistry),0.13238176390140688
2031,EoL Batteries (Decreasing Batt Cap - Benchmark Chemistry),0.12151942872207128
2031,Black Mass,0.91838736185
2031,Refining,1.402880881403
2032,LIB Demand (Increasing Batt Cap - Benchmark Chemistry),6.007269654937696
2032,LIB Demand (Decreasing Batt Cap - Benchmark Chemistry),4.0074903197292375
2032,Pack Manufacturing,5.8288135308929325
2032,Decreasing Batt Cap Pack Manufacturing,5.454705572342804
2032,Cell Manufacturing,3.6797320090951406
2032,Decreasing Batt Cap Cell Manufacturing,2.619326824237602
2032,EoL Batteries (Increasing Batt Cap - Benchmark Chemistry),0.1935103049529375
2032,EoL Batteries (Decreasing Batt Cap - Benchmark Chemistry),0.17509480519115947
2032,Black Mass,0.91838736185
2032,Refining,1.402880881403
2033,LIB Demand (Increasing Batt Cap - Benchmark Chemistry),7.018621920087188
2033,LIB Demand (Decreasing Batt Cap - Benchmark Chemistry),4.476358261273396
2033,Pack Manufacturing,6.815858032945934
2033,Decreasing Batt Cap Pack Manufacturing,5.454705572342804
2033,Cell Manufacturing,4.302853546498211
2033,Decreasing Batt Cap Cell Manufacturing,2.738426690569612
2033,EoL Batteries (Increasing Batt Cap - Benchmark Chemistry),0.2722983512358803
2033,EoL Batteries (Decreasing Batt Cap - Benchmark Chemistry),0.24246497048956586
2033,Black Mass,0.91838736185
2033,Refining,1.402880881403
2034,LIB Demand (Increasing Batt Cap - Benchmark Chemistry),7.919574726360763
2034,LIB Demand (Decreasing Batt Cap - Benchmark Chemistry),4.834827622609036
2034,Pack Manufacturing,7.693214392920564
2034,Decreasing Batt Cap Pack Manufacturing,5.454705572342804
2034,Cell Manufacturing,4.856728921661783
2034,Decreasing Batt Cap Cell Manufacturing,2.9578869995380765
2034,EoL Batteries (Increasing Batt Cap - Benchmark Chemistry),0.37711311501145467
2034,EoL Batteries (Decreasing Batt Cap - Benchmark Chemistry),0.3307565431599546
2034,Black Mass,0.91838736185
2034,Refining,1.402880881403
2035,LIB Demand (Increasing Batt Cap - Benchmark Chemistry),8.867992909254859
2035,LIB Demand (Decreasing Batt Cap - Benchmark Chemistry),5.187020968369822
2035,Pack Manufacturing,8.615293115352285
2035,Decreasing Batt Cap Pack Manufacturing,5.454705572342804
2035,Cell Manufacturing,5.438837539797281
2035,Decreasing Batt Cap Cell Manufacturing,3.1728280493733076
2035,EoL Batteries (Increasing Batt Cap - Benchmark Chemistry),0.5170375706142579
2035,EoL Batteries (Decreasing Batt Cap - Benchmark Chemistry),0.447299167236678
2035,Black Mass,0.91838736185
2035,Refining,1.402880881403
2036,LIB Demand (Increasing Batt Cap - Benchmark Chemistry),9.31497976394646
2036,LIB Demand (Decreasing Batt Cap - Benchmark Chemistry),5.3899967332666865
2036,Pack Manufacturing,9.041882628318168
2036,Decreasing Batt Cap Pack Manufacturing,5.454705572342804
2036,Cell Manufacturing,5.708143647684454
2036,Decreasing Batt Cap Cell Manufacturing,3.2939550802510964
2036,EoL Batteries (Increasing Batt Cap - Benchmark Chemistry),0.6980156822089248
2036,EoL Batteries (Decreasing Batt Cap - Benchmark Chemistry),0.595929180730752
2036,Black Mass,0.91838736185
2036,Refining,1.402880881403
2037,LIB Demand (Increasing Batt Cap - Benchmark Chemistry),9.756860481601358
2037,LIB Demand (Decreasing Batt Cap - Benchmark Chemistry),5.585127539019714
2037,Pack Manufacturing,9.458067353381958
2037,Decreasing Batt Cap Pack Manufacturing,5.454705572342804
2037,Cell Manufacturing,5.97088120935064
2037,Decreasing Batt Cap Cell Manufacturing,3.408433482748467
2037,EoL Batteries (Increasing Batt Cap - Benchmark Chemistry),0.9190336191669054
2037,EoL Batteries (Decreasing Batt Cap - Benchmark Chemistry),0.7737481880294069
2037,Black Mass,0.91838736185
2037,Refining,1.402880881403
2038,LIB Demand (Increasing Batt Cap - Benchmark Chemistry),10.202672101518669
2038,LIB Demand (Decreasing Batt Cap - Benchmark Chemistry),5.778685346890076
2038,Pack Manufacturing,9.876875893229242
2038,Decreasing Batt Cap Pack Manufacturing,5.578428071309288
2038,Cell Manufacturing,6.2352751862021085
2038,Decreasing Batt Cap Cell Manufacturing,3.5216635813853294
2038,EoL Batteries (Increasing Batt Cap - Benchmark Chemistry),1.257519896459086
2038,EoL Batteries (Decreasing Batt Cap - Benchmark Chemistry),1.051899863543003
2038,Black Mass,0.91838736185
2038,Refining,1.402880881403
2039,LIB Demand (Increasing Batt Cap - Benchmark Chemistry),10.665166516359037
2039,LIB Demand (Decreasing Batt Cap - Benchmark Chemistry),5.977635594978929
2039,Pack Manufacturing,10.306628928153938
2039,Decreasing Batt Cap Pack Manufacturing,5.7603621425270015
2039,Cell Manufacturing,6.506578426602037
2039,Decreasing Batt Cap Cell Manufacturing,3.6365186238149074
2039,EoL Batteries (Increasing Batt Cap - Benchmark Chemistry),1.595256062469529
2039,EoL Batteries (Decreasing Batt Cap - Benchmark Chemistry),1.3073973779684156
2039,Black Mass,0.91838736185
2039,Refining,1.402880881403
2040,LIB Demand (Increasing Batt Cap - Benchmark Chemistry),11.140928687098736
2040,LIB Demand (Decreasing Batt Cap - Benchmark Chemistry),6.181511539837332
2040,Pack Manufacturing,10.756355490092002
2040,Decreasing Batt Cap Pack Manufacturing,5.950965649963805
2040,Cell Manufacturing,6.790490961551547
2040,Decreasing Batt Cap Cell Manufacturing,3.7568466843445023
2040,EoL Batteries (Increasing Batt Cap - Benchmark Chemistry),1.9786733434193273
2040,EoL Batteries (Decreasing Batt Cap - Benchmark Chemistry),1.581382739103087
2040,Black Mass,0.91838736185
2040,Refining,1.402880881403
2041,LIB Demand (Increasing Batt Cap - Benchmark Chemistry),11.360568077769061
2041,LIB Demand (Decreasing Batt Cap - Benchmark Chemistry),6.303469208793882
2041,Pack Manufacturing,10.971528691157918
2041,Decreasing Batt Cap Pack Manufacturing,6.070253838645099
2041,Cell Manufacturing,6.926329878213619
2041,Decreasing Batt Cap Cell Manufacturing,3.832153359342957
2041,EoL Batteries (Increasing Batt Cap - Benchmark Chemistry),2.4086147937408913
2041,EoL Batteries (Decreasing Batt Cap - Benchmark Chemistry),1.8694455741254095
2041,Black Mass,0.91838736185
2041,Refining,1.402880881403
2042,LIB Demand (Increasing Batt Cap - Benchmark Chemistry),11.690360457034211
2042,LIB Demand (Decreasing Batt Cap - Benchmark Chemistry),6.484972953167466
2042,Pack Manufacturing,11.297512967719637
2042,Decreasing Batt Cap Pack Manufacturing,6.2494972125499375
2042,Cell Manufacturing,7.132123865372119
2042,Decreasing Batt Cap Cell Manufacturing,3.945309763623195
2042,EoL Batteries (Increasing Batt Cap - Benchmark Chemistry),2.88463224356534
2042,EoL Batteries (Decreasing Batt Cap - Benchmark Chemistry),2.168420760785403
2042,Black Mass,0.91838736185
2042,Refining,1.402880881403
2043,LIB Demand (Increasing Batt Cap - Benchmark Chemistry),12.022409535104181
2043,LIB Demand (Decreasing Batt Cap - Benchmark Chemistry),6.667471755398739
2043,Pack Manufacturing,11.625435745993013
2043,Decreasing Batt Cap Pack Manufacturing,6.429544753394109
2043,Cell Manufacturing,7.339141629335326
2043,Decreasing Batt Cap Cell Manufacturing,4.058973838771893
2043,EoL Batteries (Increasing Batt Cap - Benchmark Chemistry),3.4138835239709144
2043,EoL Batteries (Decreasing Batt Cap - Benchmark Chemistry),2.4835000668320504
2043,Black Mass,0.91838736185
2043,Refining,1.402880881403
2044,LIB Demand (Increasing Batt Cap - Benchmark Chemistry),12.350321912707953
2044,LIB Demand (Decreasing Batt Cap - Benchmark Chemistry),6.8469204428359625
2044,Pack Manufacturing,11.949472552229276
2044,Decreasing Batt Cap Pack Manufacturing,6.606694203683279
2044,Cell Manufacturing,7.543706177800113
2044,Decreasing Batt Cap Cell Manufacturing,4.170808348345372
2044,EoL Batteries (Increasing Batt Cap - Benchmark Chemistry),3.9938100859247005
2044,EoL Batteries (Decreasing Batt Cap - Benchmark Chemistry),2.8133875083971835
2044,Black Mass,0.91838736185
2044,Refining,1.402880881403
2045,LIB Demand (Increasing Batt Cap - Benchmark Chemistry),12.652316114922156
2045,LIB Demand (Decreasing Batt Cap - Benchmark Chemistry),7.0112712463414235
2045,Pack Manufacturing,12.248284553089242
2045,Decreasing Batt Cap Pack Manufacturing,6.769162275058484
2045,Cell Manufacturing,7.732346297858596
2045,Decreasing Batt Cap Cell Manufacturing,4.273374498304831
2045,EoL Batteries (Increasing Batt Cap - Benchmark Chemistry),4.6212889972040605
2045,EoL Batteries (Decreasing Batt Cap - Benchmark Chemistry),3.1559708877727037
2045,Black Mass,0.91838736185
2045,Refining,1.402880881403
2046,LIB Demand (Increasing Batt Cap - Benchmark Chemistry),12.934069023866998
2046,LIB Demand (Decreasing Batt Cap - Benchmark Chemistry),7.163828617194425
2046,Pack Manufacturing,12.527042722147312
2046,Decreasing Batt Cap Pack Manufacturing,6.919949033534879
2046,Cell Manufacturing,7.9083264269265765
2046,Decreasing Batt Cap Cell Manufacturing,4.36856623136895
2046,EoL Batteries (Increasing Batt Cap - Benchmark Chemistry),5.2949750875822446
2046,EoL Batteries (Decreasing Batt Cap - Benchmark Chemistry),3.5093000635073888
2046,Black Mass,0.91838736185
2046,Refining,1.402880881403
2047,LIB Demand (Increasing Batt Cap - Benchmark Chemistry),13.188352643229965
2047,LIB Demand (Decreasing Batt Cap - Benchmark Chemistry),7.301066941846359
2047,Pack Manufacturing,12.77795350525183
2047,Decreasing Batt Cap Pack Manufacturing,7.055186779170349
2047,Cell Manufacturing,8.066726491557805
2047,Decreasing Batt Cap Cell Manufacturing,4.45394186721923
2047,EoL Batteries (Increasing Batt Cap - Benchmark Chemistry),5.996263367774328
2047,EoL Batteries (Decreasing Batt Cap - Benchmark Chemistry),3.861025460058774
2047,Black Mass,0.91838736185
2047,Refining,1.402880881403
2048,LIB Demand (Increasing Batt Cap - Benchmark Chemistry),13.428269859664198
2048,LIB Demand (Decreasing Batt Cap - Benchmark Chemistry),7.430984626992873
2048,Pack Manufacturing,13.012362914090058
2048,Decreasing Batt Cap Pack Manufacturing,7.181815918574836
2048,Cell Manufacturing,8.214709232876173
2048,Decreasing Batt Cap Cell Manufacturing,4.533882886962142
2048,EoL Batteries (Increasing Batt Cap - Benchmark Chemistry),6.7138042081115135
2048,EoL Batteries (Decreasing Batt Cap - Benchmark Chemistry),4.20498224254898
2048,Black Mass,0.91838736185
2048,Refining,1.402880881403
2049,LIB Demand (Increasing Batt Cap - Benchmark Chemistry),13.626705504461585
2049,LIB Demand (Decreasing Batt Cap - Benchmark Chemistry),7.537906262151327
2049,Pack Manufacturing,13.20598586129463
2049,Decreasing Batt Cap Pack Manufacturing,7.285863760921702
2049,Cell Manufacturing,8.336943466781209
2049,Decreasing Batt Cap Cell Manufacturing,4.599568326019653
2049,EoL Batteries (Increasing Batt Cap - Benchmark Chemistry),7.411433197489352
2049,EoL Batteries (Decreasing Batt Cap - Benchmark Chemistry),4.530975953481016
2049,Black Mass,0.91838736185
2049,Refining,1.402880881403
2050,LIB Demand (Increasing Batt Cap - Benchmark Chemistry),13.800758542800864
2050,LIB Demand (Decreasing Batt Cap - Benchmark Chemistry),7.632506036235054
2050,Pack Manufacturing,13.373132497341048
2050,Decreasing Batt Cap Pack Manufacturing,7.376324664152661
2050,Cell Manufacturing,8.442463196244631
2050,Decreasing Batt Cap Cell Manufacturing,4.656676325688261
2050,EoL Batteries (Increasing Batt Cap - Benchmark Chemistry),8.076157374029657
2050,EoL Batteries (Decreasing Batt Cap - Benchmark Chemistry),4.836554376750088
2050,Black Mass,0.91838736185
2050,Refining,1.402880881403
