sale_year,year,all_active_ev,battery_replaced,ev_retired,all_fail,recycle_from_both_fail,recycle_from_battery_only,reuse_from_ev_fail,repurpose_from_ev_fail,recycle_from_ev_fail
2014,2014,119427.26682288341,17.226827842406628,2.5059877971000093,3.6147708562934186e-4,3.6147708562934186e-4,17.226827842406628,1.2529938985500046,0.6264969492750023,0.6264969492750023
2014,2015,119397.82798089962,41.14042034198449,6.775908635709083,0.002334747072299814,0.002334747072299814,41.14042034198449,3.3879543178545415,1.6939771589272707,1.6939771589272707
2014,2016,119332.80895786894,92.32048493615436,17.21267602184364,0.013316392983033958,0.013316392983033958,92.32048493615436,8.60633801092182,4.30316900546091,4.30316900546091
2014,2017,119197.93808473586,194.6518427219837,41.07098793622119,0.0670694710898357,0.0670694710898357,194.6518427219837,20.535493968110593,10.267746984055297,10.267746984055297
2014,2018,118935.20932159305,385.54837032999023,92.0218779744021,0.2983041025365736,0.2983041025365736,385.54837032999023,46.01093898720105,23.005469493600526,23.005469493600526
2014,2019,118454.6580434659,717.1778393945856,193.5184263761204,1.1716433894035134,1.1716433894035134,717.1778393945856,96.7592131880602,48.3796065940301,48.3796065940301
2014,2020,117629.48614195615,1252.2109083248172,381.75742491524204,4.063885217504259,4.063885217504259,1252.2109083248172,190.87871245762102,95.43935622881051,95.43935622881051
2014,2021,116301.4595543186,2050.5980538651793,706.048842091762,12.4482556608083,12.4482556608083,2050.5980538651793,353.024421045881,176.5122105229405,176.5122105229405
2014,2022,114299.44092932848,3145.858939479799,1223.6901626745287,33.67546638609444,33.67546638609444,3145.858939479799,611.8450813372643,305.92254066863217,305.92254066863217
2014,2023,111473.14834301778,4514.566150079546,1987.2887118613746,80.46059521764768,80.46059521764768,4514.566150079546,993.6443559306873,496.82217796534366,496.82217796534366
2014,2024,107732.95240968336,6050.354615886841,3025.674332264319,169.80869044813093,169.80869044813093,6050.354615886841,1512.8371661321596,756.4185830660798,756.4185830660798
2014,2025,103094.13164062286,7559.915872862129,4324.084447686122,316.6022716953746,316.6022716953746,7559.915872862129,2162.042223843061,1081.0211119215305,1081.0211119215305
2014,2026,97683.21242364074,8795.684916581873,5811.8061778270485,521.6289335593967,521.6289335593967,8795.684916581873,2905.9030889135242,1452.9515444567621,1452.9515444567621
2014,2027,91734.1401519816,9525.288216392768,7363.334707083077,759.8303412292605,759.8303412292605,9525.288216392768,3681.6673535415384,1840.8336767707692,1840.8336767707692
2014,2028,85535.59549380314,9611.366224520598,8812.350694621255,979.3623862138996,979.3623862138996,9611.366224520598,4406.175347310627,2203.0876736553137,2203.0876736553137
2014,2029,79392.381608384,9063.584074064729,9975.103408117673,1118.6820740754404,1118.6820740754404,9063.584074064729,4987.551704058837,2493.7758520294183,2493.7758520294183
2014,2030,73590.81425822304,8033.692051901375,10680.104759567948,1135.5987595892277,1135.5987595892277,8033.692051901375,5340.052379783974,2670.026189891987,2670.026189891987
2014,2031,68371.95444385926,6753.76951144566,10804.4343734592,1029.766354866081,1029.766354866081,6753.76951144566,5402.2171867296,2701.1085933648,2701.1085933648
2014,2032,63910.902945827926,5458.647460486108,10310.982551282728,842.167590690177,842.167590690177,5458.647460486108,5155.491275641364,2577.745637820682,2577.745637820682
2014,2033,60291.517910016184,4325.588905275269,9271.395358496318,631.6842857159387,631.6842857159387,4325.588905275269,4635.697679248159,2317.8488396240796,2317.8488396240796
2014,2034,57488.70296791292,3453.5967697823075,7859.055304618023,446.75896592407,446.75896592407,3453.5967697823075,3929.5276523090115,1964.7638261545058,1964.7638261545058
2014,2035,55373.002081927785,2872.5549104335955,6304.668243713146,309.7746127577636,309.7746127577636,2872.5549104335955,3152.334121856573,1576.1670609282864,1576.1670609282864
2014,2036,53765.17776311378,2569.024587641845,4836.420801384573,219.68920584577813,219.68920584577813,2569.024587641845,2418.2104006922864,1209.1052003461432,1209.1052003461432
2014,2037,52457.6587572479,2498.2100405160636,3624.031573941775,164.78183524095573,164.78183524095573,2498.2100405160636,1812.0157869708876,906.0078934854438,906.0078934854438
2014,2038,51269.50612712588,2597.8608757774127,2754.3050375759954,133.59969443273596,133.59969443273596,2597.8608757774127,1377.1525187879977,688.5762593939988,688.5762593939988
2014,2039,50070.7884542829,2803.488663536521,2235.116593839857,119.79591995861418,119.79591995861418,2803.488663536521,1117.5582969199286,558.7791484599643,558.7791484599643
2014,2040,48786.07355661032,3047.8079924384965,2023.6413235451569,121.06530277259522,121.06530277259522,3047.8079924384965,1011.8206617725784,505.9103308862892,505.9103308862892
2014,2041,47375.41271653944,3272.775284472174,2047.2157598986714,135.74522153151165,135.74522153151165,3272.775284472174,1023.6078799493357,511.80393997466786,511.80393997466786
2014,2042,45829.43602531249,3431.8452299211294,2230.2427957117816,160.97273243504122,160.97273243504122,3431.8452299211294,1115.1213978558908,557.5606989279454,557.5606989279454
2014,2043,44157.379341862434,3500.587277634031,2503.611354389634,192.16747486350337,192.16747486350337,3500.587277634031,1251.805677194817,625.9028385974085,625.9028385974085
2014,2044,42356.17660908593,3468.095416079265,2775.2209138840162,221.05978861004704,221.05978861004704,3468.095416079265,1387.6104569420081,693.80522847100406,693.80522847100406
2014,2045,40505.373659506986,3344.4764072276307,3097.706725550881,249.2398840564484,249.2398840564484,3344.4764072276307,1548.8533627754405,774.4266813877202,774.4266813877202
2014,2046,38602.76838453807,3142.0668084671775,3359.1206226583863,266.6956737186294,266.6956737186294,3142.0668084671775,1679.5603113291932,839.7801556645966,839.7801556645966
2014,2047,36695.54222729698,2897.329993746758,3545.654094713533,272.60648788405945,272.60648788405945,2897.329993746758,1772.8270473567666,886.4135236783833,886.4135236783833
2014,2048,34808.25552157883,2630.666556667263,3635.1029715892064,267.1007252776952,267.1007252776952,2630.666556667263,1817.5514857946032,908.7757428973016,908.7757428973016
2014,2049,32984.3870937176,2372.620761637606,3626.1643691931868,252.29593634962131,252.29593634962131,2372.620761637606,1813.0821845965934,906.5410922982967,906.5410922982967
2014,2050,31250.65865676603,2141.243261915739,3514.2738617282907,231.82835555895423,231.82835555895423,2141.243261915739,1757.1369308641454,878.5684654320727,878.5684654320727
2015,2015,115839.85957648538,16.70936103035982,2.430711865381382,3.5061888254983315e-4,3.5061888254983315e-4,16.70936103035982,1.215355932690691,0.6076779663453455,0.6076779663453455
2015,2016,115811.30503100996,39.904626825303104,6.572370998221961,0.002264614942607049,0.002264614942607049,39.904626825303104,3.2861854991109807,1.6430927495554903,1.6430927495554903
2015,2017,115748.23907716172,89.54732278096482,16.695634308226936,0.01291638948338034,0.01291638948338034,89.54732278096482,8.347817154113468,4.173908577056734,4.173908577056734
2015,2018,115617.4195129171,188.8048075374543,39.83728005979765,0.0650548096728865,0.0650548096728865,188.8048075374543,19.918640029898825,9.959320014949412,9.959320014949412
2015,2019,115362.58270856904,373.96710372016315,89.25768550266018,0.2893435165034272,0.2893435165034272,373.96710372016315,44.62884275133009,22.314421375665045,22.314421375665045
2015,2020,114896.46643497041,695.6349451590854,187.70543723585297,1.1364490648815093,1.1364490648815093,695.6349451590854,93.85271861792648,46.92635930896324,46.92635930896324
2015,2021,114096.08139945661,1214.5964622602908,370.29003234283834,3.9418124977171956,3.9418124977171956,1214.5964622602908,185.14501617141917,92.57250808570959,92.57250808570959
2015,2022,112806.9529315037,1989.0011704058184,684.8401890361653,12.074329632673374,12.074329632673374,1989.0011704058184,342.42009451808264,171.21004725904132,171.21004725904132
2015,2023,110865.07211109674,3051.361942816715,1186.9322916593383,32.66390829513596,32.66390829513596,3051.361942816715,593.4661458296691,296.73307291483457,296.73307291483457
2015,2024,108122.69558030927,4378.948936181223,1927.5933221395799,78.0436851049038,78.0436851049038,4378.948936181223,963.7966610697899,481.89833053489497,481.89833053489497
2015,2025,104494.85522844807,5868.599396436289,2934.78701202904,164.70790263541545,164.70790263541545,5868.599396436289,1467.39350601452,733.69675300726,733.69675300726
2015,2026,99994.50967694959,7332.73036786547,4194.168850275002,307.0898195237361,307.0898195237361,7332.73036786547,2097.084425137501,1048.5422125687505,1048.5422125687505
2015,2027,94747.93412204747,8531.469078016,5637.225458773905,505.9600015211674,505.9600015211674,8531.469078016,2818.6127293869527,1409.3063646934763,1409.3063646934763
2015,2028,88977.571639192,9239.151631076456,7142.145772065744,737.0061698493391,737.0061698493391,9239.151631076456,3571.072886032872,1785.536443016436,1785.536443016436
2015,2029,82966.16824623133,9322.654121054127,8547.64124677854,949.9438801039304,949.9438801039304,9322.654121054127,4273.82062338927,2136.910311694635,2136.910311694635
2015,2030,77006.54722460023,8791.32330802587,9675.425659071872,1085.0784900360575,1085.0784900360575,8791.32330802587,4837.712829535936,2418.856414767968,2418.856414767968
2015,2031,71378.44068144262,7792.151836000354,10359.273769533644,1101.4861127715446,1101.4861127715446,7792.151836000354,5179.636884766822,2589.818442383411,2589.818442383411
2015,2032,66317.06014191842,6550.6994846103225,10479.883042404856,998.8337790367823,998.8337790367823,6550.6994846103225,5239.941521202428,2619.970760601214,2619.970760601214
2015,2033,61990.611071436564,5294.67481817772,10001.252377963343,816.8701769656103,816.8701769656103,5294.67481817772,5000.6261889816715,2500.3130944908357,2500.3130944908357
2015,2034,58479.95124269154,4195.650924696743,8992.891102289714,612.7094315379652,612.7094315379652,4195.650924696743,4496.445551144857,2248.2227755724284,2248.2227755724284
2015,2035,55758.97886981126,3349.533012470056,7622.704614431605,433.3237769344756,433.3237769344756,3349.533012470056,3811.3523072158023,1905.6761536079011,1905.6761536079011
2015,2036,53707.21154989129,2786.2405018853296,6114.874514394829,300.4660615082327,300.4660615082327,2786.2405018853296,3057.4372571974145,1528.7186285987073,1528.7186285987073
2015,2037,52148.33756092863,2491.7716044737876,4690.9271959480875,213.07384800736315,213.07384800736315,2491.7716044737876,2345.4635979740438,1172.7317989870219,1172.7317989870219
2015,2038,50880.125359628546,2422.8091491316036,3515.120442621343,159.8256809216393,159.8256809216393,2422.8091491316036,1757.5602213106715,878.7801106553358,878.7801106553358
2015,2039,49726.074136666924,2519.0655606267537,2671.251385492632,129.58094723590423,129.58094723590423,2519.0655606267537,1335.625692746316,667.812846373158,667.812846373158
2015,2040,48564.52074031264,2719.2314976772795,2167.9101519520586,116.19648054833776,116.19648054833776,2719.2314976772795,1083.9550759760293,541.9775379880147,541.9775379880147
2015,2041,47318.45292299626,2956.203864133735,1962.775371446793,117.42737035058995,117.42737035058995,2956.203864133735,981.3876857233965,490.6938428616983,490.6938428616983
2015,2042,45949.45928282953,3173.7465463539843,1985.4190900850483,131.37638660198598,131.37638660198598,3173.7465463539843,992.7095450425242,496.3547725212621,496.3547725212621
2015,2043,44449.67577282481,3328.2935171843524,2163.0012215019465,156.13472304078357,156.13472304078357,3328.2935171843524,1081.5006107509732,540.7503053754866,540.7503053754866
2015,2044,42827.51714560102,3395.338772859438,2427.868032124151,186.3815032471165,186.3815032471165,3395.338772859438,1213.9340160620754,606.9670080310377,606.9670080310377
2015,2045,41079.93354371237,3362.9940291983607,2691.665362086089,214.36534758808833,214.36534758808833,3362.9940291983607,1345.8326810430444,672.9163405215222,672.9163405215222
2015,2046,39284.48692740898,3243.9029326222103,3004.0545388462688,241.7427452756911,241.7427452756911,3243.9029326222103,1502.0272694231344,751.0136347115672,751.0136347115672
2015,2047,37439.56848938483,3047.5676647717128,3257.994268684559,258.6769455771509,258.6769455771509,3047.5676647717128,1628.9971343422794,814.4985671711397,814.4985671711397
2015,2048,35587.87621202436,2808.9945494457465,3438.249653219266,264.2087971111869,264.2087971111869,2808.9945494457465,1719.124826609633,859.5624133048165,859.5624133048165
2015,2049,33758.076287959,2551.435029262774,3525.551285115457,259.06725300188674,259.06725300188674,2551.435029262774,1762.7756425577286,881.3878212788643,881.3878212788643
2015,2050,31987.942781165577,2300.1766465219157,3516.442736131739,244.41287319718296,244.41287319718296,2300.1766465219157,1758.2213680658695,879.1106840329347,879.1106840329347
2016,2016,158291.8451603243,22.83286252776656,3.3214980372992144,4.7911064524572527e-4,4.7911064524572527e-4,22.83286252776656,1.6607490186496072,0.8303745093248036,0.8303745093248036
2016,2017,158252.82619304012,54.5285278634231,8.980956435809945,0.00309453135693958,0.00309453135693958,54.5285278634231,4.490478217904973,2.2452391089524864,2.2452391089524864
2016,2018,158166.64837619945,122.36384784985881,22.81410535573302,0.017649875712977055,0.017649875712977055,122.36384784985881,11.40705267786651,5.703526338933255,5.703526338933255
2016,2019,157987.88719431387,257.9963534961867,54.43650044025103,0.08889553127328949,0.08889553127328949,257.9963534961867,27.218250220125515,13.609125110062758,13.609125110062758
2016,2020,157639.66001135204,511.0153197142113,121.9680668175123,0.39537961527192184,0.39537961527192184,511.0153197142113,60.98403340875615,30.492016704378074,30.492016704378074
2016,2021,157002.72549436515,950.5651977636273,256.4940955152882,1.5529250472894711,1.5529250472894711,950.5651977636273,128.2470477576441,64.12352387882206,64.12352387882206
2016,2022,155909.0223029646,1659.7112240924293,505.9907071565739,5.386373704361259,5.386373704361259,1659.7112240924293,252.99535357828694,126.49767678914347,126.49767678914347
2016,2023,154148.82310749212,2717.9132392762262,935.8145502380436,16.49922509320325,16.49922509320325,2717.9132392762262,467.9072751190218,233.9536375595109,233.9536375595109
2016,2024,151496.35657868133,4169.599184704248,1621.9094890313568,44.63429381731913,44.63429381731913,4169.599184704248,810.9547445156784,405.4773722578392,405.4773722578392
2016,2025,147750.31782541788,5983.717692966461,2634.002294110827,106.64445777077268,106.64445777077268,5983.717692966461,1317.0011470554134,658.5005735277067,658.5005735277067
2016,2026,142795.03728527186,8019.308545482599,4010.308555621715,225.06862892030966,225.06862892030966,8019.308545482599,2005.1542778108576,1002.5771389054288,1002.5771389054288
2016,2027,136646.6114428197,10020.129379905185,5731.258022237433,419.63246938480717,419.63246938480717,10020.129379905185,2865.6290111187163,1432.8145055593582,1432.8145055593582
2016,2028,129476.16513968415,11658.179951245293,7703.173805876255,691.3851815379558,691.3851815379558,11658.179951245293,3851.5869029381274,1925.7934514690637,1925.7934514690637
2016,2029,121592.02292202084,12625.34350006163,9759.628546308835,1007.1061828309967,1007.1061828309967,12625.34350006163,4879.814273154418,2439.907136577209,2439.907136577209
2016,2030,113376.69906916836,12739.3767691006,11680.16918078402,1298.0717195355971,1298.0717195355971,12739.3767691006,5840.08459039201,2920.042295196005,2920.042295196005
2016,2031,105234.64712451605,12013.539147404352,13221.336032230724,1482.7298645369508,1482.7298645369508,12013.539147404352,6610.668016115362,3305.334008057681,3305.334008057681
2016,2032,97546.45749567244,10648.666268283012,14155.807245423723,1505.1545273389745,1505.1545273389745,10648.666268283012,7077.903622711861,3538.9518113559307,3538.9518113559307
2016,2033,90629.73243619518,8952.390380489416,14320.668517988028,1364.8865982229136,1364.8865982229136,8952.390380489416,7160.334258994014,3580.167129497007,3580.167129497007
2016,2034,84720.88098916078,7236.618810193906,13666.813912981546,1116.2528523116289,1116.2528523116289,7236.618810193906,6833.406956490773,3416.7034782453866,3416.7034782453866
2016,2035,79921.6736476006,5734.17283291192,12289.20665023236,837.3246826115716,837.3246826115716,5734.17283291192,6144.60332511618,3072.30166255809,3072.30166255809
2016,2036,76206.67755016229,4578.179467404478,10417.320658748935,592.1658406457332,592.1658406457332,4578.179467404478,5208.660329374467,2604.3301646872337,2604.3301646872337
2016,2037,73408.88705634196,3809.6314448039957,8357.854997541692,410.6587160993479,410.6587160993479,3809.6314448039957,4178.927498770846,2089.463749385423,2089.463749385423
2016,2038,71275.3959729893,3406.266590697609,6411.749829724324,291.32411432189025,291.32411432189025,3406.266590697609,3205.874914862162,1602.937457431081,1602.937457431081
2016,2039,69543.90737539626,3312.8264640895504,4804.901563700931,218.5535160476154,218.5535160476154,3312.8264640895504,2402.4507818504653,1201.2253909252327,1201.2253909252327
2016,2040,67971.082819415,3446.1503602920793,3652.3221468863103,177.34228113328263,177.34228113328263,3446.1503602920793,1826.1610734431551,913.0805367215776,913.0805367215776
2016,2041,66386.91534453206,3718.082457353429,2966.2894081229724,159.2789638134896,159.2789638134896,3718.082457353429,1483.1447040614862,741.5723520307431,741.5723520307431
2016,2042,64686.222383565524,4043.059043566393,2685.9683275888397,161.0147717786382,161.0147717786382,4043.059043566393,1342.9841637944198,671.4920818972099,671.4920818972099
2016,2043,62815.55261870564,4339.942893683555,2716.8349214063146,180.41218825987409,180.41218825987409,4339.942893683555,1358.4174607031573,679.2087303515787,679.2087303515787
2016,2044,60770.68776852871,4554.389515868232,2959.254058362838,213.93364312110765,213.93364312110765,4554.389515868232,1479.627029181419,739.8135145907095,739.8135145907095
2016,2045,58560.11632414844,4644.935125533178,3324.0973114375706,255.51048790709376,255.51048790709376,4644.935125533178,1662.0486557187853,831.0243278593927,831.0243278593927
2016,2046,56176.22875051371,4602.736702295719,3682.571117708227,293.6997157685852,293.6997157685852,4602.736702295719,1841.2855588541136,920.6427794270568,920.6427794270568
2016,2047,53724.13975652655,4436.384116923539,4110.557131426884,331.0731969386863,331.0731969386863,4436.384116923539,2055.278565713442,1027.639282856721,1027.639282856721
2016,2048,51210.197980876954,4172.748374980049,4458.759361350683,354.36018958569724,354.36018958569724,4172.748374980049,2229.3796806753417,1114.6898403376708,1114.6898403376708
2016,2049,48683.360055221696,3844.893350190298,4705.207967976624,362.1525659119285,362.1525659119285,3844.893350190298,2352.603983988312,1176.301991994156,1176.301991994156
2016,2050,46185.74162406464,3490.9302974421626,4825.710639046423,354.2831032840575,354.2831032840575,3490.9302974421626,2412.8553195232116,1206.4276597616058,1206.4276597616058
2017,2017,202082.60953539144,29.149476639813958,4.240376314170012,6.116545634386805e-4,6.116545634386805e-4,29.149476639813958,2.120188157085006,1.060094078542503,1.060094078542503
2017,2018,202032.7961370943,69.61361271392781,11.465499759851456,0.003950620268947309,0.003950620268947309,69.61361271392781,5.732749879925728,2.866374939962864,2.866374939962864
2017,2019,201922.77759448654,156.21528488246477,29.12553037607432,0.022532638610922764,0.022532638610922764,156.21528488246477,14.56276518803716,7.28138259401858,7.28138259401858
2017,2020,201694.56289345454,329.3699451940731,69.49612629632622,0.11348810115610462,0.11348810115610462,329.3699451940731,34.74806314816311,17.374031574081556,17.374031574081556
2017,2021,201250.0001443577,652.3855301314916,155.71001271421005,0.5047597008571341,0.5047597008571341,652.3855301314916,77.85500635710503,38.92750317855251,38.92750317855251
2017,2022,200436.8604076548,1213.5350087241707,327.4520939448956,1.9825351435589045,1.9825351435589045,1213.5350087241707,163.7260469724478,81.8630234862239,81.8630234862239
2017,2023,199040.5888893618,2118.8632610863283,645.970879923054,6.876491034693969,6.876491034693969,2118.8632610863283,322.985439961527,161.4927199807635,161.4927199807635
2017,2024,196794.49143104287,3469.813169257664,1194.7036795258136,21.06366541799418,21.06366541799418,3469.813169257664,597.3518397629068,298.6759198814534,298.6759198814534
2017,2025,193408.23038825393,5323.102748838545,2070.603896843232,56.982181082551485,56.982181082551485,5323.102748838545,1035.301948421616,517.650974210808,517.650974210808
2017,2026,188625.86416853243,7639.091098830909,3362.687955049318,136.14719302034055,136.14719302034055,7639.091098830909,1681.343977524659,840.6719887623295,840.6719887623295
2017,2027,182299.72316105186,10237.822422073925,5119.743687777924,287.3329081271815,287.3329081271815,10237.822422073925,2559.871843888962,1279.935921944481,1279.935921944481
2017,2028,174450.35612535986,12792.16656567992,7316.786935513316,535.7220122871845,535.7220122871845,12792.16656567992,3658.393467756658,1829.196733878329,1829.196733878329
2017,2029,165298.57482013459,14883.50816871424,9834.225897597365,882.6539844077118,882.6539844077118,14883.50816871424,4917.112948798683,2458.5564743993414,2458.5564743993414
2017,2030,155234.37999092555,16118.282813488748,12459.6239078257,1285.717942083012,1285.717942083012,16118.282813488748,6229.81195391285,3114.905976956425,3114.905976956425
2017,2031,144747.33115576138,16264.036309424448,14911.610628772161,1657.1920681368686,1657.1920681368686,16264.036309424448,7455.805314386081,3727.9026571930403,3727.9026571930403
2017,2032,134354.60319284102,15337.353106894587,16879.186637703064,1892.921985008537,1892.921985008537,15337.353106894587,8439.593318851532,4219.796659425766,4219.796659425766
2017,2033,124540.69692123705,13594.81231533255,18072.44262565174,1921.5515912110918,1921.5515912110918,13594.81231533255,9036.22131282587,4518.110656412935,4518.110656412935
2017,2034,115713.25671415143,11429.984131215566,18283.174328640092,1742.5273926387406,1742.5273926387406,11429.984131215566,9141.587164320046,4570.793582160023,4570.793582160023
2017,2035,108165.36531536366,9239.347453557593,17447.904017273217,1425.0716200723155,1425.0716200723155,9239.347453557593,8723.952008636608,4361.976004318304,4361.976004318304
2017,2036,102041.26158045902,7321.858571580602,15689.359523105422,1069.0002727177507,1069.0002727177507,7321.858571580602,7844.679761552711,3922.3398807763556,3922.3398807763556
2017,2037,97298.60098216118,5845.72876872077,13300.079749503044,756.1206972508114,756.1206972508114,5845.72876872077,6650.039874751522,3325.019937375761,3325.019937375761
2017,2038,93728.51697027455,4865.041734422462,10671.108830155545,524.386618173266,524.386618173266,4865.041734422462,5335.554415077772,2667.777207538886,2667.777207538886
2017,2039,91010.42438858889,4351.54426698964,8187.274884498961,372.02305120024386,372.02305120024386,4351.54426698964,4093.6374422494805,2046.8187211247403,2046.8187211247403
2017,2040,88796.96576724126,4230.446787967708,6135.669251227247,279.2187321417756,279.2187321417756,4230.446787967708,3067.8346256136233,1533.9173128068117,1533.9173128068117
2017,2041,86791.64847885186,4401.797527702359,4664.363526462127,226.63080607018162,226.63080607018162,4401.797527702359,2332.1817632310635,1166.0908816155318,1166.0908816155318
2017,2042,84771.38845579211,4749.48686328615,3788.7989794544355,203.48533632689453,203.48533632689453,4749.48686328615,1894.3994897272178,947.1997448636089,947.1997448636089
2017,2043,82601.13901702779,5163.404286258332,3431.323101088055,205.7030549145787,205.7030549145787,5163.404286258332,1715.6615505440275,857.8307752720137,857.8307752720137
2017,2044,80218.50587315833,5545.007462639833,3471.812926629131,230.76881976797162,230.76881976797162,5545.007462639833,1735.9064633145656,867.9532316572828,867.9532316572828
2017,2045,77608.54696511524,5818.457482794361,3781.098103993936,273.5585861168846,273.5585861168846,5818.457482794361,1890.549051996968,945.274525998484,945.274525998484
2017,2046,74788.99993792297,5934.589847094901,4246.185453098601,326.7441629424126,326.7441629424126,5934.589847094901,2123.0927265493006,1061.5463632746503,1061.5463632746503
2017,2047,71749.14259272709,5877.999632618976,4706.459816323418,375.2294618378096,375.2294618378096,5877.999632618976,2353.229908161709,1176.6149540808544,1176.6149540808544
2017,2048,68617.9531095092,5667.551773809665,5250.329653114774,423.07605059684795,423.07605059684795,5667.551773809665,2625.164826557387,1312.5824132786936,1312.5824132786936
2017,2049,65414.13505220041,5331.651194606418,5697.760895100065,453.0437857296614,453.0437857296614,5331.651194606418,2848.8804475500324,1424.4402237750162,1424.4402237750162
2017,2050,62186.007843363164,4911.818564147725,6009.577684372698,462.8274589767446,462.8274589767446,4911.818564147725,3004.788842186349,1502.3944210931745,1502.3944210931745
2018,2018,361212.31625437835,52.10319680094039,7.579455519468171,0.0010933012104069888,0.0010933012104069888,52.10319680094039,3.7897277597340855,1.8948638798670427,1.8948638798670427
2018,2019,361123.2773557775,124.43076793715554,20.493993692934033,0.007061531426523048,0.007061531426523048,124.43076793715554,10.246996846467017,5.123498423233508,5.123498423233508
2018,2020,360926.62484471954,279.2268222211889,52.06039408075126,0.04027593766077544,0.04027593766077544,279.2268222211889,26.03019704037563,13.015098520187815,13.015098520187815
2018,2021,360518.7027530928,588.731910586758,124.2207669819627,0.2028541692932189,0.2028541692932189,588.731910586758,62.11038349098135,31.055191745490674,31.055191745490674
2018,2022,359724.0696043479,1166.1057276102053,278.32367409452047,0.9022321174378005,0.9022321174378005,1166.1057276102053,139.16183704726024,69.58091852363012,69.58091852363012
2018,2023,358270.6239644277,2169.131685130314,585.3038496885962,3.5436800470215744,3.5436800470215744,2169.131685130314,292.6519248442981,146.32596242214905,146.32596242214905
2018,2024,355774.860126054,3787.35957598201,1154.6398688454233,12.291375591669931,12.291375591669931,3787.35957598201,577.3199344227116,288.6599672113558,288.6599672113558
2018,2025,351761.545048269,6202.113569014464,2135.471860419375,37.65022333248109,37.65022333248109,6202.113569014464,1067.7359302096875,533.8679651048437,533.8679651048437
2018,2026,345711.61196725443,9514.779959794627,3701.0998088009874,101.85273114360943,101.85273114360943,9514.779959794627,1850.5499044004937,925.2749522002468,925.2749522002468
2018,2027,337166.4646421172,13654.51202637075,6010.638253864207,243.35613847207904,243.35613847207904,13654.51202637075,3005.3191269321037,1502.6595634660518,1502.6595634660518
2018,2028,325860.7873506318,18299.660151137115,9151.297349548939,513.5928735331348,513.5928735331348,18299.660151137115,4575.648674774469,2287.8243373872347,2287.8243373872347
2018,2029,311832.22815722006,22865.52707352341,13078.418592582484,957.5757192951371,957.5757192951371,22865.52707352341,6539.209296291242,3269.604648145621,3269.604648145621
2018,2030,295474.5553416432,26603.716955662607,17578.269221028735,1577.6989903628873,1577.6989903628873,26603.716955662607,8789.134610514368,4394.567305257184,4394.567305257184
2018,2031,277486.09303553053,28811.00639193398,22271.090597065937,2298.155586486172,2298.155586486172,28811.00639193398,11135.545298532968,5567.772649266484,5567.772649266484
2018,2032,258742.66972401476,29071.746988273222,26653.978769758396,2962.1480705864924,2962.1480705864924,29071.746988273222,13326.989384879198,6663.494692439599,6663.494692439599
2018,2033,240168.4823267616,27416.154878778776,30171.109700042383,3383.536266438681,3383.536266438681,27416.154878778776,15085.554850021192,7542.777425010596,7542.777425010596
2018,2034,222626.79949687954,24301.66205369935,32304.090717317857,3434.7178948392807,3434.7178948392807,24301.66205369935,16152.045358658928,8076.022679329464,8076.022679329464
2018,2035,206848.5790022441,20432.022261389942,32680.944516237232,3114.6973891454873,3114.6973891454873,20432.022261389942,16340.472258118616,8170.236129059308,8170.236129059308
2018,2036,193363.82032710648,16516.67516139231,31189.24519873181,2547.3427060200916,2547.3427060200916,16516.67516139231,15594.622599365905,7797.311299682952,7797.311299682952
2018,2037,182422.89894037967,13090.592251821057,28046.417995851254,1910.8458915537933,1910.8458915537933,13090.592251821057,14023.208997925627,7011.6044989628135,7011.6044989628135
2018,2038,173949.1674706416,10453.794879646528,23775.822461842363,1351.7557945334859,1351.7557945334859,10453.794879646528,11887.911230921181,5943.955615460591,5943.955615460591
2018,2039,167564.61040982156,8698.62429367405,19076.56861477858,937.513125733409,937.513125733409,8698.62429367405,9538.28430738929,4769.142153694645,4769.142153694645
2018,2040,162709.271629956,7782.460017158244,14637.3958852326,665.4259720387838,665.4259720387838,7782.460017158244,7318.6979426163,3659.34897130815,3659.34897130815
2018,2041,158761.83535253475,7568.118834693084,10971.926177475932,499.54377743047536,499.54377743047536,7568.118834693084,5485.963088737966,2742.981544368983,2742.981544368983
2018,2042,155180.44922018438,7872.351059968895,8343.410646775917,405.5933746673583,405.5933746673583,7872.351059968895,4171.705323387959,2085.8526616939794,2085.8526616939794
2018,2043,151573.6609085659,8496.778313112798,6777.879665952118,364.43541049680675,364.43541049680675,8496.778313112798,3388.939832976059,1694.4699164880294,1694.4699164880294
2018,2044,147698.45117578155,9236.960711455042,6139.53681509059,368.6021547688021,368.6021547688021,9236.960711455042,3069.768407545295,1534.8842037726474,1534.8842037726474
2018,2045,143444.72755706825,9919.332152438008,6212.716735500626,413.331798716537,413.331798716537,9919.332152438008,3106.358367750313,1553.1791838751565,1553.1791838751565
2018,2046,138787.95878747583,10409.04198755888,6768.309208022833,490.14084335134476,490.14084335134476,10409.04198755888,3384.1546040114167,1692.0773020057084,1692.0773020057084
2018,2047,133754.9106688465,10620.495781505837,7599.6821112020325,585.5045600421705,585.5045600421705,10620.495781505837,3799.8410556010163,1899.9205278005081,1899.9205278005081
2018,2048,128326.09068825307,10514.966331425498,8422.447146863895,671.9479056368857,671.9479056368857,10514.966331425498,4211.223573431947,2105.6117867159737,2105.6117867159737
2018,2049,122740.27215918334,10142.51239022073,9397.859040251518,757.7009487345256,757.7009487345256,10142.51239022073,4698.929520125759,2349.4647600628796,2349.4647600628796
2018,2050,117012.59159053102,9538.004770875003,10194.343449141952,811.1979605870545,811.1979605870545,9538.004770875003,5097.171724570976,2548.585862285488,2548.585862285488
2019,2019,317660.5123954453,45.821051632058875,6.665591442062465,9.614805671683265e-4,9.614805671683265e-4,45.821051632058875,3.3327957210312324,1.6663978605156162,1.6663978605156162
2019,2020,317582.2090240488,109.42800043628485,18.023008199260257,0.0062101140805678745,0.0062101140805678745,109.42800043628485,9.011504099630129,4.505752049815064,4.505752049815064
2019,2021,317409.2671430125,245.5601080857653,45.78340968737607,0.03541981936606753,0.03541981936606753,245.5601080857653,22.891704843688036,11.445852421844018,11.445852421844018
2019,2022,317050.5287090984,517.7477953128132,109.24331954909407,0.1783957978715662,0.1783957978715662,517.7477953128132,54.621659774547034,27.310829887273517,27.310829887273517
2019,2023,316351.7054358107,1025.5069560780278,244.76585361609088,0.7934489047795455,0.7934489047795455,1025.5069560780278,122.38292680804544,61.19146340402272,61.19146340402272
2019,2024,315073.503486598,1907.5968662885791,514.7330598444191,3.1164142772740915,3.1164142772740915,1907.5968662885791,257.36652992220957,128.68326496110478,128.68326496110478
2019,2025,312878.65689903725,3330.7130720453633,1015.4235497090447,10.809389638156928,10.809389638156928,3330.7130720453633,507.71177485452233,253.85588742726117,253.85588742726117
2019,2026,309349.2320520846,5454.317268850873,1877.9954471683964,33.11069057561218,33.11069057561218,5454.317268850873,938.9977235841982,469.4988617920991,469.4988617920991
2019,2027,304027.8010159769,8367.57134814109,3254.8530169761602,89.57222461660592,89.57222461660592,8367.57134814109,1627.4265084880801,813.7132542440401,813.7132542440401
2019,2028,296512.95375857723,12008.170746377999,5285.926819880833,214.01439533174934,214.01439533174934,12008.170746377999,2642.9634099404166,1321.4817049702083,1321.4817049702083
2019,2029,286568.65543252986,16093.221903942467,8047.905982931375,451.66835875336596,451.66835875336596,16093.221903942467,4023.9529914656873,2011.9764957328437,2011.9764957328437
2019,2030,274232.4291228194,20108.564621404763,11501.532178580464,842.1196505532002,842.1196505532002,20108.564621404763,5750.766089290232,2875.383044645116,2875.383044645116
2019,2031,259847.83949287358,23396.071745783975,15458.826189170155,1387.473891380447,1387.473891380447,23396.071745783975,7729.4130945850775,3864.7065472925387,3864.7065472925387
2019,2032,244027.44195315085,25337.123609881317,19585.822051766416,2021.064099755335,2021.064099755335,25337.123609881317,9792.911025883208,4896.455512941604,4896.455512941604
2019,2033,227544.69731560617,25566.521849239325,23440.251331026535,2604.998044459143,2604.998044459143,25566.521849239325,11720.125665513267,5860.062832756634,5860.062832756634
2019,2034,211209.1984004783,24110.29637528617,26533.338783805593,2975.5788734732355,2975.5788734732355,24110.29637528617,13266.669391902797,6633.334695951398,6633.334695951398
2019,2035,195781.81287348154,21371.091112731312,28409.045449891117,3020.560406941385,3020.560406941385,21371.091112731312,14204.522724945558,7102.261362472779,7102.261362472779
2019,2036,181906.2698430576,17968.274766797746,28740.462049596143,2739.1535145502507,2739.1535145502507,17968.274766797746,14370.231024798071,7185.115512399036,7185.115512399036
2019,2037,170047.14173978748,14525.01306226779,27428.623658371467,2240.1964203781195,2240.1964203781195,14525.01306226779,13714.311829185734,6857.155914592867,6857.155914592867
2019,2038,160423.01574838077,11511.789206068079,24664.337619464186,1680.4335199088237,1680.4335199088237,11511.789206068079,12332.168809732093,6166.0844048660465,6166.0844048660465
2019,2039,152971.80757847667,9193.063134034943,20908.713090996178,1188.7648239213825,1188.7648239213825,9193.063134034943,10454.356545498089,5227.1782727490445,5227.1782727490445
2019,2040,147356.18193080864,7649.611380993663,16775.71317773794,824.438545666043,824.438545666043,7649.611380993663,8387.85658886897,4193.928294434485,4193.928294434485
2019,2041,143086.21225625015,6843.44122899789,12871.875780963683,585.0718652986225,585.0718652986225,6843.44122899789,6435.937890481841,3217.9689452409207,3217.9689452409207
2019,2042,139613.5327516357,6654.550426943726,9648.281728840964,439.241380924971,439.241380924971,6654.550426943726,4824.140864420482,2412.070432210241,2412.070432210241
2019,2043,136464.39109756716,6922.587182177947,7336.731096876803,356.6277963117752,356.6277963117752,6922.587182177947,3668.3655484384017,1834.1827742192008,1834.1827742192008
2019,2044,133291.53802026558,7471.396803322774,5959.793303107993,320.39564392851065,320.39564392851065,7471.396803322774,2979.8966515539964,1489.9483257769982,1489.9483257769982
2019,2045,129882.97172848582,8122.081100780838,5398.410200390428,324.0759683722877,324.0759683722877,8122.081100780838,2699.205100195214,1349.602550097607,1349.602550097607
2019,2046,126141.96383875253,8722.622734582845,5462.5018684310435,363.3215924858763,363.3215924858763,8722.622734582845,2731.2509342155217,1365.6254671077609,1365.6254671077609
2019,2047,122044.88297578682,9151.672639139228,5951.2928140709755,430.7565564446757,430.7565564446757,9151.672639139228,2975.6464070354878,1487.8232035177439,1487.8232035177439
2019,2048,117616.55946390731,9338.149814502893,6681.253180276648,514.6880297945546,514.6880297945546,9338.149814502893,3340.626590138324,1670.313295069162,1670.313295069162
2019,2049,112842.12060927336,9245.169217289316,7405.950404414032,590.7610941211888,590.7610941211888,9245.169217289316,3702.975202207016,1851.487601103508,1851.487601103508
2019,2050,107928.96072829654,8918.958025685835,8262.876769252782,666.1664290594155,666.1664290594155,8918.958025685835,4131.438384626391,2065.7191923131954,2065.7191923131954
2020,2020,328721.6847385059,47.41657430253653,6.897692231528231,9.949600266634783e-4,9.949600266634783e-4,47.41657430253653,3.4488461157641157,1.7244230578820579,1.7244230578820579
2020,2021,328640.6547862085,113.23836377938575,18.650582581512214,0.006426354813787234,0.006426354813787234,113.23836377938575,9.325291290756107,4.662645645378054,4.662645645378054
2020,2022,328461.6909418597,254.11069139759962,47.377621637694254,0.03665316348999952,0.03665316348999952,254.11069139759962,23.688810818847127,11.844405409423564,11.844405409423564
2020,2023,328090.46097220614,535.7761537984454,113.04725216806663,0.18460767057382624,0.18460767057382624,535.7761537984454,56.52362608403332,28.26181304201666,28.26181304201666
2020,2024,327367.3041593014,1061.2158614583277,253.28878040396177,0.8210773783817468,0.8210773783817468,1061.2158614583277,126.64439020198088,63.32219510099044,63.32219510099044
2020,2025,326044.594279459,1974.0207901813712,532.6564430269103,3.224930111216938,3.224930111216938,1974.0207901813712,266.32822151345516,133.16411075672758,133.16411075672758
2020,2026,323773.32152174413,3446.690947410986,1050.7813434739558,11.185780524167038,11.185780524167038,3446.690947410986,525.3906717369779,262.69533586848894,262.69533586848894
2020,2027,320120.99950948235,5644.240602001539,1943.388627907063,34.26362913915223,34.26362913915223,5644.240602001539,971.6943139535315,485.84715697676575,485.84715697676575
2020,2028,314614.27233644464,8658.936327932553,3368.1893895098847,92.69119526286059,92.69119526286059,8658.936327932553,1684.0946947549423,842.0473473774712,842.0473473774712
2020,2029,306837.75257836474,12426.304071004879,5469.9866739262825,221.46653375716835,221.46653375716835,12426.304071004879,2734.9933369631412,1367.4966684815706,1367.4966684815706
2020,2030,296547.18648114946,16653.599710086113,8328.139979932346,467.3957827268531,467.3957827268531,16653.599710086113,4164.069989966173,2082.0349949830866,2082.0349949830866
2020,2031,283781.40371116094,20808.759609984398,11902.023976182816,871.4428752688086,871.4428752688086,20808.759609984398,5951.011988091408,2975.505994045704,2975.505994045704
2020,2032,268895.93210573384,24210.740146899476,15997.11387060211,1435.7867512896794,1435.7867512896794,24210.740146899476,7998.556935301055,3999.2784676505275,3999.2784676505275
2020,2033,252524.65670460183,26219.380862483886,20267.81476015006,2091.439036051909,2091.439036051909,26219.380862483886,10133.90738007503,5066.953690037515,5066.953690037515
2020,2034,235467.97079324967,26456.76691701476,24256.45809774728,2695.705989572663,2695.705989572663,26456.76691701476,12128.22904887364,6064.11452443682,6064.11452443682
2020,2035,218564.57705680316,24949.943496098822,27457.252114942385,3079.1910691342573,3079.1910691342573,24949.943496098822,13728.626057471192,6864.313028735596,6864.313028735596
2020,2036,202599.18889930198,22115.24841697814,29398.269936092474,3125.738538819931,3125.738538819931,22115.24841697814,14699.134968046237,7349.567484023119,7349.567484023119
2020,2037,188240.48841166313,18593.94354098751,29741.22719922581,2834.532852070375,2834.532852070375,18593.94354098751,14870.613599612905,7435.3067998064525,7435.3067998064525
2020,2038,175968.4153926459,15030.784980110238,28383.710374103997,2318.2017065144905,2318.2017065144905,15030.784980110238,14191.855187051999,7095.927593525999,7095.927593525999
2020,2039,166009.16820711715,11912.63853118872,25523.17089641806,1738.947454091282,1738.947454091282,11912.63853118872,12761.58544820903,6380.792724104515,6380.792724104515
2020,2040,158299.2401333316,9513.44015091534,21636.787415989897,1230.1633218694506,1230.1633218694506,9513.44015091534,10818.393707994948,5409.196853997474,5409.196853997474
2020,2041,152487.59527483556,7915.979240031575,17359.869054455707,853.1461376383356,853.1461376383356,7915.979240031575,8679.934527227853,4339.967263613927,4339.967263613927
2020,2042,148069.64689547586,7081.800587620787,13320.317511715157,605.4635093503965,605.4635093503965,7081.800587620787,6660.158755857578,3330.079377928789,3330.079377928789
2020,2043,144476.80304108412,6886.600943085114,9984.579155298446,454.5568472217678,454.5568472217678,6886.600943085114,4992.289577649223,2496.1447888246116,2496.1447888246116
2020,2044,141217.02248332708,7163.652742125327,7592.25611047902,369.046145935268,369.046145935268,7163.652742125327,3796.12805523951,1898.064027619755,1898.064027619755
2020,2045,137933.64846070544,7731.574691183228,6167.38199613212,331.5525637337805,331.5525637337805,7731.574691183228,3083.69099806606,1541.84549903303,1541.84549903303
2020,2046,134407.03579064936,8404.922520152426,5586.801413936947,335.36338687901537,335.36338687901537,8404.922520152426,2793.4007069684735,1396.7003534842368,1396.7003534842368
2020,2047,130535.79145803413,9026.4441644511,5653.1243008224665,376.01402189599924,376.01402189599924,9026.4441644511,2826.5621504112332,1413.2810752056166,1413.2810752056166
2020,2048,126296.07697005368,9470.827240447401,6158.626285215031,445.78470360364076,445.78470360364076,9470.827240447401,3079.3131426075156,1539.6565713037578,1539.6565713037578
2020,2049,121713.85966736444,9663.66499806053,6914.164229452065,532.719539079039,532.719539079039,9663.66499806053,3457.0821147260326,1728.5410573630163,1728.5410573630163
2020,2050,116773.39154230966,9567.64260683749,7664.064069384306,611.3737642692735,611.3737642692735,9567.64260683749,3832.032034692153,1916.0160173460765,1916.0160173460765
2021,2021,664327.2320443057,95.82611376698563,13.93983117149647,0.0020107558192696594,0.0020107558192696594,95.82611376698563,6.969915585748235,3.4849577928741176,3.4849577928741176
2021,2022,664163.4752663941,228.84808719153384,37.691732786797786,0.012987285913230735,0.012987285913230735,228.84808719153384,18.845866393398893,9.422933196699447,9.422933196699447
2021,2023,663801.7998404276,513.5427934525236,95.74739271748744,0.07407389222389957,0.07407389222389957,513.5427934525236,47.87369635874372,23.93684817937186,23.93684817937186
2021,2024,663051.5658593989,1082.7721619016525,228.46186184147774,0.37308126752883836,0.37308126752883836,1082.7721619016525,114.23093092073887,57.115465460369435,57.115465460369435
2021,2025,661590.1083828921,2144.6549728075856,511.8817595726791,1.659349192337131,1.659349192337131,2144.6549728075856,255.94087978633954,127.97043989316977,127.97043989316977
2021,2026,658916.9893461228,3989.3801608564486,1076.4674095295009,6.5173944822817,6.5173944822817,3989.3801608564486,538.2337047647504,269.1168523823752,269.1168523823752
2021,2027,654330.1733481499,6965.560942341991,2123.567548697591,22.60580596652221,22.60580596652221,6965.560942341991,1061.7837743487955,530.8918871743978,530.8918871743978
2021,2028,646951.9915131393,11406.683903235382,3927.4751319254374,69.24478381673197,69.24478381673197,11406.683903235382,1963.7375659627187,981.8687829813593,981.8687829813593
2021,2029,635826.7161010801,17499.221809983166,6806.916451159434,187.32346742114692,187.32346742114692,17499.221809983166,3403.458225579717,1701.7291127898584,1701.7291127898584
2021,2030,620113.2333794867,25112.888815532307,11054.533513179835,447.57087675830746,447.57087675830746,25112.888815532307,5527.266756589917,2763.6333782949587,2763.6333782949587
2021,2031,599320.2337109436,33656.09764238679,16830.716063031225,944.5794902099145,944.5794902099145,33656.09764238679,8415.358031515612,4207.679015757806,4207.679015757806
2021,2032,573522.287474523,42053.58145182661,24053.354010754723,1761.1350758384974,1761.1350758384974,42053.58145182661,12026.677005377362,6013.338502688681,6013.338502688681
2021,2033,543442.0553299405,48929.03741293245,32329.369641656136,2901.641330376994,2901.641330376994,48929.03741293245,16164.684820828068,8082.342410414034,8082.342410414034
2021,2034,510358.58983350685,52988.660572319,40960.34803355344,4226.677227830121,4226.677227830121,52988.660572319,20480.17401677672,10240.08700838836,10240.08700838836
2021,2035,475888.19353454164,53468.50202851751,49021.38661516472,5447.867832107875,5447.867832107875,53468.50202851751,24510.69330758236,12255.34665379118,12255.34665379118
2021,2036,441729.8753785761,50423.789835103555,55490.31720081364,6222.874265798416,6222.874265798416,50423.789835103555,27745.15860040682,13872.57930020341,13872.57930020341
2021,2037,409469.6109454623,44696.31249753143,59413.49032693304,6317.015836402533,6317.015836402533,44696.31249753143,29706.74516346652,14853.37258173326,14853.37258173326
2021,2038,380452.6446452831,37580.41519490513,60106.9637597616,5728.511707083834,5728.511707083834,37580.41519490513,30053.4818798808,15026.7409399404,15026.7409399404
2021,2039,355653.3309316096,30379.94808526084,57363.56251386364,4685.014752901408,4685.014752901408,30379.94808526084,28681.78125693182,14340.89062846591,14340.89062846591
2021,2040,335529.84516998916,24079.066403906105,51583.10594347171,3514.5240356025383,3514.5240356025383,24079.066403906105,25791.552971735855,12895.776485867927,12895.776485867927
2021,2041,319947.76909931644,19228.57230186975,43729.6523841143,2486.2126902412897,2486.2126902412897,19228.57230186975,21864.82619205715,10932.413096028575,10932.413096028575
2021,2042,308217.19129875134,16004.679677638022,35088.76288665701,1724.6818797225092,1724.6818797225092,16004.679677638022,17544.381443328504,8772.190721664252,8772.190721664252
2021,2043,299289.6245120763,14317.886397077511,26924.99665654278,1224.157660728487,1224.157660728487,14317.886397077511,13462.49832827139,6731.249164135695,6731.249164135695
2021,2044,292031.56983354234,13923.483142167512,20183.9887257446,919.2435783612378,919.2435783612378,13923.483142167512,10091.9943628723,5045.99718143615,5045.99718143615
2021,2045,285451.6816764001,14486.789465349839,15349.97344948126,746.645419841554,746.645419841554,14486.789465349839,7674.98672474063,3837.493362370315,3837.493362370315
2021,2046,278822.7966424537,15632.995149077498,12473.072006083885,671.2287906913118,671.2287906913118,15632.995149077498,6236.536003041942,3118.268001520971,3118.268001520971
2021,2047,271703.8159840552,16996.426605979952,11300.557502683352,679.0484677702991,679.0484677702991,16996.426605979952,5650.278751341676,2825.139375670838,2825.139375670838
2021,2048,263887.20910647063,18252.62236945561,11436.329831027359,761.5644493191347,761.5644493191347,18252.62236945561,5718.164915513679,2859.0824577568396,2859.0824577568396
2021,2049,255325.43864601094,19153.950158112137,12456.980684544562,903.2663756362755,903.2663756362755,19153.950158112137,6228.490342272281,3114.2451711361405,3114.2451711361405
2021,2050,246077.2865118715,19545.592244356038,13987.888694634159,1078.174057125337,1078.174057125337,19545.592244356038,6993.9443473170795,3496.9721736585398,3496.9721736585398
2022,2022,950258.9870380801,137.0704396985168,19.93964602014787,0.002876201209034104,0.002876201209034104,137.0704396985168,9.969823010073934,4.984911505036967,4.984911505036967
2022,2023,950024.7480329743,327.34613460151803,53.914556095306565,0.018577117662786843,0.018577117662786843,327.34613460151803,26.957278047653283,13.478639023826641,13.478639023826641
2022,2024,949507.4046104294,734.5757198680592,136.9578364795813,0.10595588799520458,0.10595588799520458,734.5757198680592,68.47891823979064,34.23945911989532,34.23945911989532
2022,2025,948434.2639224284,1548.8059620790548,326.79367477116705,0.5336584295571867,0.5336584295571867,1548.8059620790548,163.39683738558352,81.69841869279176,81.69841869279176
2022,2026,946343.7834570243,3067.731629388331,732.1997637187985,2.3735463587733476,2.3735463587733476,3067.731629388331,366.09988185939926,183.04994092969963,183.04994092969963
2022,2027,942520.132603068,5706.441295353122,1539.787593850719,9.322533203708169,9.322533203708169,5706.441295353122,769.8937969253595,384.94689846267977,384.94689846267977
2022,2028,935960.3754485545,9963.595069330142,3037.568035714408,32.33552571137064,32.33552571137064,9963.595069330142,1518.784017857204,759.392008928602,759.392008928602
2022,2029,925407.74323419,16316.217794538436,5617.891943008013,99.04829289610875,99.04829289610875,16316.217794538436,2808.9459715040066,1404.4729857520033,1404.4729857520033
2022,2030,909495.2373934254,25031.038249884903,9736.669925493085,267.9489875757581,267.9489875757581,25031.038249884903,4868.334962746542,2434.167481373271,2434.167481373271
2022,2031,887018.5335569761,35921.697544831,15812.497599941475,640.2089682209332,640.2089682209332,35921.697544831,7906.248799970737,3953.1243999853687,3953.1243999853687
2022,2032,857278.1245827863,48142.03226148826,24074.810437458316,1351.1340844393521,1351.1340844393521,48142.03226148826,12037.405218729158,6018.702609364579,6018.702609364579
2022,2033,820377.8463589115,60153.89820339337,34406.16829673786,2519.1417947159252,2519.1417947159252,60153.89820339337,17203.08414836893,8601.542074184465,8601.542074184465
2022,2034,777349.8141191647,69988.57118955895,46244.281484160405,4150.531256414197,4150.531256414197,69988.57118955895,23122.140742080202,11561.070371040101,11561.070371040101
2022,2035,730027.1643940292,75795.67340820484,58590.107707594616,6045.8736728009835,6045.8736728009835,75795.67340820484,29295.053853797308,14647.526926898654,14647.526926898654
2022,2036,680720.5608450014,76482.1640250947,70120.72103672803,7792.675332735432,7792.675332735432,76482.1640250947,35060.36051836402,17530.18025918201,17530.18025918201
2022,2037,631860.0526476202,72127.03919530645,79373.97961061294,8901.252685586514,8901.252685586514,72127.03919530645,39686.98980530647,19843.494902653234,19843.494902653234
2022,2038,585714.4446463372,63934.4120192721,84985.82066793187,9035.912434709122,9035.912434709122,63934.4120192721,42492.910333965934,21246.455166982967,21246.455166982967
2022,2039,544211.1301071445,53756.18368599331,85977.94567417863,8194.126168497409,8194.126168497409,53756.18368599331,42988.97283708931,21494.486418544657,21494.486418544657
2022,2040,508741.8537848168,43457.1417454837,82054.47582199432,6701.587834669326,6701.587834669326,43457.1417454837,41027.23791099716,20513.61895549858,20513.61895549858
2022,2041,479960.5089389182,34444.588234847986,73786.7261119017,5027.260376797141,5027.260376797141,34444.588234847986,36893.36305595085,18446.681527975426,18446.681527975426
2022,2042,457672.1819921206,27507.432942193987,62552.82462829268,3556.4535234503255,3556.4535234503255,27507.432942193987,31276.41231414634,15638.20615707317,15638.20615707317
2022,2043,440891.4250127565,22894.80995359723,50192.47753232142,2467.1038711855854,2467.1038711855854,22894.80995359723,25096.23876616071,12548.119383080355,12548.119383080355
2022,2044,428124.4974821523,20483.002342301446,38515.50156065195,1751.1521209727812,1751.1521209727812,20483.002342301446,19257.750780325976,9628.875390162988,9628.875390162988
2022,2045,417747.03754445544,19919.862624436126,28874.23338170863,1315.2491510337193,1315.2491510337193,19919.862624436126,14437.116690854315,7218.558345427157,7218.558345427157
2022,2046,408337.93911716354,20725.410379403584,21960.324133773396,1068.4690561895413,1068.4690561895413,20725.410379403584,10980.162066886698,5490.081033443349,5490.081033443349
2022,2047,398859.5202449335,22366.715355484517,17844.914417001157,960.5160137319639,960.5160137319639,22366.715355484517,8922.457208500578,4461.228604250289,4461.228604250289
2022,2048,388676.61399581865,24314.731749072802,16168.000397764841,971.7338743953087,971.7338743953087,24314.731749072802,8084.000198882421,4042.0000994412103,4042.0000994412103
2022,2049,377496.19731767225,26112.740803272634,16361.010472695578,1089.724349583116,1089.724349583116,26112.740803272634,8180.505236347789,4090.2526181738945,4090.2526181738945
2022,2050,365256.46891221724,27400.94902964936,17825.645638272326,1292.7011688268724,1292.7011688268724,27400.94902964936,8912.822819136163,4456.411409568082,4456.411409568082
2023,2023,1408105.3362814132,203.1126463613089,29.54681023543691,0.004261989968949041,0.004261989968949041,203.1126463613089,14.773405117718456,7.386702558859228,7.386702558859228
2023,2024,1407758.2380718156,485.06548765217826,79.89124562523344,0.027527799126881174,0.027527799126881174,485.06548765217826,39.94562281261672,19.97281140630836,19.97281140630836
2023,2025,1406991.632289695,1088.5032450711506,202.94578954055964,0.15700672483143216,0.15700672483143216,1088.5032450711506,101.47289477027982,50.73644738513991,50.73644738513991
2023,2026,1405401.4393528567,2295.0395311342522,484.2468459494325,0.7907815581447589,0.7907815581447589,2295.0395311342522,242.12342297471625,121.06171148735812,121.06171148735812
2023,2027,1402303.7399478739,4545.802077689667,1084.982524322197,3.5171498920705657,3.5171498920705657,4545.802077689667,542.4912621610985,271.24563108054923,271.24563108054923
2023,2028,1396637.8075599943,8455.87418668775,2281.676003295961,13.814243201970458,13.814243201970458,8455.87418668775,1140.8380016479805,570.4190008239902,570.4190008239902
2023,2029,1386918.937843004,14764.1766896527,4501.105507698361,47.915175710571184,47.915175710571184,14764.1766896527,2250.5527538491806,1125.2763769245903,1125.2763769245903
2023,2030,1371282.9856659533,24177.57083213859,8324.662006638919,146.77096660667308,146.77096660667308,24177.57083213859,4162.331003319459,2081.1655016597297,2081.1655016597297
2023,2031,1347705.063542398,37091.31407924353,14427.918936675076,397.05007383031585,397.05007383031585,37091.31407924353,7213.959468337538,3606.979734168769,3606.979734168769
2023,2032,1314400.8474384889,53229.26596162587,23431.163812707946,948.6694530829393,948.6694530829393,53229.26596162587,11715.581906353973,5857.7909531769865,5857.7909531769865
2023,2033,1270330.1446620112,71337.49533979053,35674.36978181502,2002.1269714304067,2002.1269714304067,71337.49533979053,17837.18489090751,8918.592445453754,8918.592445453754
2023,2034,1215650.8116200853,89136.84830217322,50983.517980597695,3732.895104655943,3732.895104655943,89136.84830217322,25491.758990298847,12745.879495149424,12745.879495149424
2023,2035,1151892.6340114619,103710.13671939512,68525.40271593828,6150.308144762515,6150.308144762515,103710.13671939512,34262.70135796914,17131.35067898457,17131.35067898457
2023,2036,1081770.679524906,112315.23254608698,86819.71509989211,8958.850273990338,8958.850273990338,112315.23254608698,43409.85754994606,21704.92877497303,21704.92877497303
2023,2037,1008708.8177585108,113332.64505635711,103906.04806183276,11547.28376883419,11547.28376883419,113332.64505635711,51953.02403091638,25976.51201545819,25976.51201545819
2023,2038,936306.5787447821,106879.23639933922,117617.7459612873,13189.990117692194,13189.990117692194,106879.23639933922,58808.87298064365,29404.436490321827,29404.436490321827
2023,2039,867929.3038268146,94739.48244475236,125933.6740015375,13389.541152746648,13389.541152746648,94739.48244475236,62966.83700076875,31483.418500384374,31483.418500384374
2023,2040,806429.4656912152,79657.56202425502,127403.83999451375,12142.187764155859,12142.187764155859,79657.56202425502,63701.919997256875,31850.959998628437,31850.959998628437
2023,2041,753868.4032908296,64396.15478920018,121589.84413568916,9930.521891710758,9930.521891710758,64396.15478920018,60794.92206784458,30397.46103392229,30397.46103392229
2023,2042,711224.1696476473,51041.6988641753,109339.43104871055,7449.519031276516,7449.519031276516,51041.6988641753,54669.71552435528,27334.85776217764,27334.85776217764
2023,2043,678203.4515778273,40763.61306584116,92693.9881147644,5270.147799781433,5270.147799781433,40763.61306584116,46346.9940573822,23173.4970286911,23173.4970286911
2023,2044,653337.8439838331,33928.11027604186,74378.5201465289,3655.923957743513,3655.923957743513,33928.11027604186,37189.26007326445,18594.630036632225,18594.630036632225
2023,2045,634420.1367422083,30355.22743851046,57075.15605765289,2595.4357641565575,2595.4357641565575,30355.22743851046,28537.578028826443,14268.789014413222,14268.789014413222
2023,2046,619044.1797282319,29520.60710695978,42788.658860571035,1949.0881866964696,1949.0881866964696,29520.60710695978,21394.329430285517,10697.164715142759,10697.164715142759
2023,2047,605103.8726328148,30713.458084816262,32544.51772323626,1583.5817433150255,1583.5817433150255,30713.458084816262,16272.25886161813,8136.129430809065,8136.129430809065
2023,2048,591059.5219897666,33145.827724602284,26446.055524854986,1423.546342351872,1423.546342351872,33145.827724602284,13223.027762427493,6611.513881213747,6611.513881213747
2023,2049,575978.3122160424,36036.068907903405,23963.220768001203,1440.7135215107755,1440.7135215107755,36036.068907903405,11981.610384000602,5990.805192000301,5990.805192000301
2023,2050,559414.6445463815,38699.33750201552,24250.30898025561,1616.0359452500768,1616.0359452500768,38699.33750201552,12125.154490127805,6062.577245063902,6062.577245063902
2024,2024,1493062.2986932548,215.36729309665708,31.32949451471881,0.004519133885857886,0.004519133885857886,215.36729309665708,15.664747257359405,7.8323736286797025,7.8323736286797025
2024,2025,1492694.258577689,514.3315442034418,84.71142304856627,0.029188667909524423,0.029188667909524423,514.3315442034418,42.35571152428314,21.17785576214157,21.17785576214157
2024,2026,1491881.4002198994,1154.1772588639624,215.1903690967819,0.16647960592649005,0.16647960592649005,1154.1772588639624,107.59518454839095,53.79759227419547,53.79759227419547
2024,2027,1490195.2642040302,2433.5089923005416,513.4635103774102,0.8384927608369526,0.8384927608369526,2433.5089923005416,256.7317551887051,128.36587759435255,128.36587759435255
2024,2028,1486910.6674660626,4820.069581899146,1150.4441181116013,3.7293544505495166,3.7293544505495166,4820.069581899146,575.2220590558006,287.6110295279003,287.6110295279003
2024,2029,1480902.8853653083,8966.052911906445,2419.3391861938603,14.647715038358195,14.647715038358195,8966.052911906445,1209.6695930969302,604.8347965484651,604.8347965484651
2024,2030,1470597.6350502495,15654.962039118867,4772.676278418627,50.806101323103796,50.806101323103796,15654.962039118867,2386.3381392093133,1193.1690696046567,1193.1690696046567
2024,2031,1454018.2996140406,25636.30614367435,8826.924144965167,155.6262810294435,155.6262810294435,25636.30614367435,4413.462072482584,2206.731036241292,2206.731036241292
2024,2032,1429017.8215268173,39329.19024862006,15298.416430861995,421.00578746116,421.00578746116,39329.19024862006,7649.208215430997,3824.6041077154987,3824.6041077154987
2024,2033,1393704.2209238992,56440.81315983064,24844.865225529018,1005.9067015970819,1005.9067015970819,56440.81315983064,12422.432612764509,6211.2163063822545,6211.2163063822545
2024,2034,1346975.559616162,75641.63278571684,37826.755754325284,2122.923779020849,2122.923779020849,75641.63278571684,18913.377877162642,9456.688938581321,9456.688938581321
2024,2035,1288997.1745070862,94514.91219790613,54059.56982963901,3958.1164947927978,3958.1164947927978,94514.91219790613,27029.784914819506,13514.892457409753,13514.892457409753
2024,2036,1221391.3024068968,109967.40881716825,72659.83070458053,6521.382299816567,6521.382299816567,109967.40881716825,36329.91535229026,18164.95767614513,18164.95767614513
2024,2037,1147039.6006205368,119091.68984985721,92057.96028556606,9499.375820395166,9499.375820395166,119091.68984985721,46028.98014278303,23014.490071391516,23014.490071391516
2024,2038,1069570.5395069558,120170.5073763562,110175.24227072921,12243.981459135844,12243.981459135844,120170.5073763562,55087.62113536461,27543.810567682303,27543.810567682303
2024,2039,992798.1223744391,113327.71507099518,124714.12512263349,13985.798121070631,13985.798121070631,113327.71507099518,62357.06256131674,31178.53128065837,31178.53128065837
2024,2040,920296.223207338,100455.51982573257,133531.92372951048,14197.389022641855,14197.389022641855,100455.51982573257,66765.96186475524,33382.98093237762,33382.98093237762
2024,2041,855085.0338251593,84463.64383630035,135090.65727220546,12874.777421384939,12874.777421384939,84463.64383630035,67545.32863610273,33772.664318051364,33772.664318051364
2024,2042,799352.7352891108,68281.45285060217,128925.87938807209,10529.672393458084,10529.672393458084,68281.45285060217,64462.939694036046,32231.469847018023,32231.469847018023
2024,2043,754135.5887632576,54121.26801882057,115936.3480660746,7898.980159688872,7898.980159688872,54121.26801882057,57968.1740330373,28984.08701651865,28984.08701651865
2024,2044,719122.584238745,43223.06407722267,98286.61621866004,5588.118311039173,5588.118311039173,43223.06407722267,49143.30810933002,24571.65405466501,24571.65405466501
2024,2045,692760.1655527041,35976.45725045631,78866.52351794149,3876.553531572503,3876.553531572503,35976.45725045631,39433.261758970744,19716.630879485372,19716.630879485372
2024,2046,672699.665930092,32187.08858962676,60518.81817124283,2752.040295508058,2752.040295508058,32187.08858962676,30259.409085621413,15129.704542810707,15129.704542810707
2024,2047,656396.9406825668,31302.087906916448,45370.74959252281,2066.7698263264238,2066.7698263264238,31302.087906916448,22685.374796261403,11342.687398130702,11342.687398130702
2024,2048,641616.4583625101,32567.484194018154,34508.557181907134,1679.13223829236,1679.13223829236,32567.484194018154,17254.278590953567,8627.139295476783,8627.139295476783
2024,2049,626725.4397487178,35146.033054346124,28042.81123907624,1509.679343389279,1509.679343389279,35146.033054346124,14021.40561953812,7010.70280976906,7010.70280976906
2024,2050,610733.6492315783,38210.81887466235,25409.331427722853,1527.6589425171544,1527.6589425171544,38210.81887466235,12704.665713861426,6352.332856930713,6352.332856930713
2025,2025,111327.6051442127,16.05848931275468,2.336029513138862,3.3696139355935854e-4,3.3696139355935854e-4,16.05848931275468,1.168014756569431,0.5840073782847155,0.5840073782847155
2025,2026,111300.1628702374,38.35024105585409,6.316360586299058,0.0021764024840497886,0.0021764024840497886,38.35024105585409,3.158180293149529,1.5790901465747644,1.5790901465747644
2025,2027,111239.55349420976,86.059228910739,16.045297281038472,0.012413263565337757,0.012413263565337757,86.059228910739,8.022648640519236,4.011324320259618,4.011324320259618
2025,2028,111113.82968164119,181.45038451967815,38.285517616570395,0.06252076090625001,0.06252076090625001,181.45038451967815,19.142758808285198,9.571379404142599,9.571379404142599
2025,2029,110868.91941297895,359.40014268054523,85.78087373427356,0.27807285742661864,0.27807285742661864,359.40014268054523,42.89043686713678,21.44521843356839,21.44521843356839
2025,2030,110420.95954279095,668.5382111332182,180.39383746159803,1.0921815100967256,1.0921815100967256,668.5382111332182,90.19691873079901,45.098459365399506,45.098459365399506
2025,2031,109651.75152127928,1167.284869426064,355.8663024991212,3.7882689680630666,3.7882689680630666,1167.284869426064,177.9331512495606,88.9665756247803,88.9665756247803
2025,2032,108412.83785559355,1911.5245627875804,658.1639379627035,11.60400406769996,11.60400406769996,1911.5245627875804,329.08196898135174,164.54098449067587,164.54098449067587
2025,2033,106546.59818643506,2932.5037060985333,1140.6982879802233,31.391566758130224,31.391566758130224,2932.5037060985333,570.3491439901117,285.1745719950558,285.1745719950558
2025,2034,103911.04413196314,4208.377840720483,1852.5087049513088,75.00368690986994,75.00368690986994,4208.377840720483,926.2543524756544,463.1271762378272,463.1271762378272
2025,2035,100424.51730350494,5640.002661818202,2820.4696626190926,158.29211478472084,158.29211478472084,5640.002661818202,1410.2348313095463,705.1174156547731,705.1174156547731
2025,2036,96099.4715515379,7047.1020424856815,4030.795404782714,295.12789722585137,295.12789722585137,7047.1020424856815,2015.397702391357,1007.6988511956785,1007.6988511956785
2025,2037,91057.26333520486,8199.146859206188,5417.641322060776,486.2515845068222,486.2515845068222,8199.146859206188,2708.820661030388,1354.410330515194,1354.410330515194
2025,2038,85510.6965310257,8879.26263938678,6863.923625744856,708.2979087728824,708.2979087728824,8879.26263938678,3431.961812872428,1715.980906436214,1715.980906436214
2025,2039,79732.58177691256,8959.433479789479,8214.661644536376,912.9411009654505,912.9411009654505,8959.433479789479,4107.330822268188,2053.665411134094,2053.665411134094
2025,2040,74005.00021455804,8448.781273045077,9298.527628556605,1042.8111610806388,1042.8111610806388,8448.781273045077,4649.263814278303,2324.6319071391513,2324.6319071391513
2025,2041,68597.19030237145,7488.424521455968,9955.672511777295,1058.5564472850067,1058.5564472850067,7488.424521455968,4977.836255888647,2488.9181279443237,2488.9181279443237
2025,2042,63731.8727914286,6295.331189732435,10071.604344668505,959.9247839049513,959.9247839049513,6295.331189732435,5035.802172334253,2517.9010861671263,2517.9010861671263
2025,2043,59574.59168158793,5088.412882692287,9611.567565334408,785.049896309267,785.049896309267,5088.412882692287,4805.783782667204,2402.891891333602,2402.891891333602
2025,2044,56201.51543173482,4032.2082850170186,8642.586289967829,588.8428410760904,588.8428410760904,4032.2082850170186,4321.293144983914,2160.646572491957,2160.646572491957
2025,2045,53586.53928313901,3219.0489530007235,7325.76893564422,416.44468653041673,416.44468653041673,3219.0489530007235,3662.88446782211,1831.442233911055,1831.442233911055
2025,2046,51612.92917904739,2676.905615313117,5876.453787279028,288.65397617830865,288.65397617830865,2676.905615313117,2938.226893639514,1469.113446819757,1469.113446819757
2025,2047,50115.8535125674,2394.6978156818004,4508.104900100127,204.77388447272335,204.77388447272335,2394.6978156818004,2254.0524500500637,1127.0262250250319,1127.0262250250319
2025,2048,48894.423230449305,2327.557246676148,3377.767313185426,153.5334855620045,153.5334855620045,2327.557246676148,1688.883656592713,844.4418282963564,844.4418282963564
2025,2049,47786.50527506738,2420.587719774068,2567.04109931747,124.51310806969535,124.51310806969535,2420.587719774068,1283.520549658735,641.7602748293675,641.7602748293675
2025,2050,46670.596091338586,2613.265977367337,2083.326127480609,111.66923809160267,111.66923809160267,2613.265977367337,1041.6630637403046,520.8315318701523,520.8315318701523
