State,Segment,Propulsion,Year,BESS_retire_vector,BESS_retire_total
Mexico,Car,BEV,2020,0|0|0|0|0|0|0|0|0|0|0|0|0|0|0|0|0|0|0|0|0|0|0|0|0|0|0|0|0|0|0,0
Mexico,Car,BEV,2021,0|0|0|0|0|0|0|0|0|0|0|0|0|0|0|0|0|0|0|0|0|0|0|0|0|0|0|0|0|0|0,0
Mexico,Car,BEV,2022,0|0|0|0|0|0|0|0|0|0|0|0|0|0|0|0|0|0|0|0|0|0|0|0|0|0|0|0|0|0|0,0
Mexico,Car,BEV,2023,0|0|0|0|0|0|0|0|0|0|0|0|0|0|0|0|0|0|0|0|0|0|0|0|0|0|0|0|0|0|0,0
Mexico,Car,BEV,2024,0|0|0|0|0|0|0|0|0|0|0|0|0|0|0|0|0|0|0|0|0|0|0|0|0|0|0|0|0|0|0,0
Mexico,Car,BEV,2025,0|0|0|0|0|0|0|0|0|0|0|0|0|0|0|0|0|0|0|0|0|0|0|0|0|0|0|0|0|0|0,0
Mexico,Car,BEV,2026,0|0|0|0|0|0|0|0|0|0|0|0|0|0|0|0|0|0|0|0|0|0|0|0|0|0|0|0|0|0|0,0
Mexico,Car,BEV,2027,0|0|0|0|0|0|0|0|0|0|0|0|0|0|0|0|0|0|0|0|0|0|0|0|0|0|0|0|0|0|0,0
Mexico,Car,BEV,2028,0|0|0|0|0|0|0|0|0|0|0|0|1|0|0|0|0|0|0|0|0|0|0|0|0|0|0|0|0|0|0,1
Mexico,Car,BEV,2029,0|0|0|0|0|0|0|0|0|0|0|0|1|2|0|0|0|0|0|0|0|0|0|0|0|0|0|0|0|0|0,3
Mexico,Car,BEV,2030,0|0|0|0|1|0|1|1|1|1|1|1|1|2|3|0|0|0|0|0|0|0|0|0|0|0|0|0|0|0|0,13
Mexico,Car,BEV,2031,0|0|0|1|1|3|1|1|1|1|1|1|1|2|3|3|0|0|0|0|0|0|0|0|0|0|0|0|0|0|0,20
Mexico,Car,BEV,2032,0|0|0|1|2|4|7|2|3|3|3|3|2|2|3|3|4|0|0|0|0|0|0|0|0|0|0|0|0|0|0,42
Mexico,Car,BEV,2033,0|0|0|1|2|5|9|17|6|8|7|7|5|4|4|3|4|4|0|0|0|0|0|0|0|0|0|0|0|0|0,86
Mexico,Car,BEV,2034,0|0|0|1|3|6|12|22|40|13|18|15|14|9|6|5|4|4|4|0|0|0|0|0|0|0|0|0|0|0|0,176
Mexico,Car,BEV,2035,0|0|0|1|3|7|14|29|53|94|30|38|30|25|14|8|6|4|4|3|0|0|0|0|0|0|0|0|0|0|0,363
Mexico,Car,BEV,2036,0|0|1|1|4|8|17|36|71|123|210|64|74|54|40|20|10|6|4|3|2|0|0|0|0|0|0|0|0|0|0,748
Mexico,Car,BEV,2037,0|0|1|2|4|9|20|43|86|165|276|445|126|132|84|54|23|10|5|3|2|2|0|0|0|0|0|0|0|0|0,1492
Mexico,Car,BEV,2038,0|0|1|2|5|11|24|50|103|200|369|583|872|224|207|115|64|24|9|5|2|2|1|0|0|0|0|0|0|0|0,2873
Mexico,Car,BEV,2039,0|0|1|2|5|12|27|58|120|241|447|781|1143|1547|352|282|135|66|22|7|4|2|1|1|0|0|0|0|0|0|0,5256
Mexico,Car,BEV,2040,0|0|1|2|5|13|31|66|140|280|540|946|1532|2029|2427|479|332|138|59|17|6|2|1|1|0|0|0|0|0|0|0,9047
Mexico,Car,BEV,2041,0|0|1|2|6|14|34|77|160|328|627|1143|1854|2718|3182|3308|564|339|124|48|13|4|2|1|0|0|0|0|0|0|0,14549
Mexico,Car,BEV,2042,0|0|1|2|6|15|36|83|186|373|734|1326|2241|3290|4264|4336|3889|575|305|101|36|9|3|1|0|0|0|0|0|0|0,21812
Mexico,Car,BEV,2043,0|0|1|2|6|16|38|89|201|435|835|1553|2601|3976|5160|5810|5097|3966|518|248|76|25|6|2|1|0|0|0|0|0|0,30662
Mexico,Car,BEV,2044,0|0|1|2|6|16|39|94|214|470|974|1769|3046|4614|6237|7032|6830|5199|3570|421|186|54|17|4|1|0|0|0|0|0|0,40796
Mexico,Car,BEV,2045,0|0|1|3|7|17|41|98|226|500|1053|2063|3468|5405|7239|8500|8266|6966|4679|2902|316|132|37|11|3|1|0|0|0|0|0,51934
Mexico,Car,BEV,2046,0|0|1|3|7|18|43|103|237|528|1121|2229|4046|6154|8480|9865|9992|8431|6269|3803|2184|225|91|25|7|2|0|0|0|0|0,63864
Mexico,Car,BEV,2047,0|0|1|3|7|18|44|107|248|555|1184|2374|4372|7179|9655|11556|11596|10191|7588|5097|2862|1554|154|60|16|5|1|0|0|0|0,76427
Mexico,Car,BEV,2048,0|0|1|3|7|19|46|111|258|580|1244|2508|4657|7758|11263|13157|13584|11828|9172|6169|3835|2036|1064|102|40|10|3|1|0|0|0,89456
Mexico,Car,BEV,2049,0|0|1|3|8|19|47|115|268|605|1301|2635|4920|8265|12172|15349|15467|13855|10646|7457|4641|2728|1394|710|67|26|7|2|0|0|0,102708
Mexico,Car,BEV,2050,0|0|1|3|8|20|49|119|278|628|1356|2757|5170|8733|12967|16589|18043|15776|12471|8655|5610|3303|1868|929|465|44|16|4|1|0|0,115863
Mexico,Car,PHEV,2020,0|0|0|0|0|0|0|0|0|0|0|0|0|0|0|0|0|0|0|0|0|0|0|0|0|0|0|0|0|0|0,0
Mexico,Car,PHEV,2021,0|0|0|0|0|0|0|0|0|0|0|0|0|0|0|0|0|0|0|0|0|0|0|0|0|0|0|0|0|0|0,0
Mexico,Car,PHEV,2022,0|0|0|0|0|0|0|0|0|0|0|0|0|0|0|0|0|0|0|0|0|0|0|0|0|0|0|0|0|0|0,0
Mexico,Car,PHEV,2023,0|0|0|0|0|0|0|0|0|0|0|0|0|0|0|0|0|0|0|0|0|0|0|0|0|0|0|0|0|0|0,0
Mexico,Car,PHEV,2024,0|0|0|0|0|0|0|0|0|0|0|0|0|0|0|0|0|0|0|0|0|0|0|0|0|0|0|0|0|0|0,0
Mexico,Car,PHEV,2025,0|0|0|0|0|0|0|0|0|0|0|0|0|0|0|0|0|0|0|0|0|0|0|0|0|0|0|0|0|0|0,0
Mexico,Car,PHEV,2026,0|0|0|0|0|0|0|0|0|0|0|0|0|0|0|0|0|0|0|0|0|0|0|0|0|0|0|0|0|0|0,0
Mexico,Car,PHEV,2027,0|0|0|0|0|0|0|0|0|0|0|0|0|0|0|0|0|0|0|0|0|0|0|0|0|0|0|0|0|0|0,0
Mexico,Car,PHEV,2028,0|0|0|0|0|0|0|0|0|0|0|0|0|0|0|0|0|0|0|0|0|0|0|0|0|0|0|0|0|0|0,0
Mexico,Car,PHEV,2029,0|0|0|0|0|0|0|0|0|0|0|0|0|1|0|0|0|0|0|0|0|0|0|0|0|0|0|0|0|0|0,1
Mexico,Car,PHEV,2030,0|0|0|0|1|0|0|0|0|0|0|0|0|1|1|0|0|0|0|0|0|0|0|0|0|0|0|0|0|0|0,3
Mexico,Car,PHEV,2031,0|0|0|0|1|1|0|1|1|1|0|0|0|1|1|1|0|0|0|0|0|0|0|0|0|0|0|0|0|0|0,8
Mexico,Car,PHEV,2032,0|0|0|0|1|2|3|1|1|3|1|1|1|1|1|1|1|0|0|0|0|0|0|0|0|0|0|0|0|0|0,18
Mexico,Car,PHEV,2033,0|0|0|0|1|2|4|8|2|3|6|3|2|1|1|1|1|1|0|0|0|0|0|0|0|0|0|0|0|0|0,36
Mexico,Car,PHEV,2034,0|0|0|1|1|3|6|11|20|5|7|12|5|3|2|1|1|1|1|0|0|0|0|0|0|0|0|0|0|0|0,80
Mexico,Car,PHEV,2035,0|0|0|1|1|3|7|14|26|46|10|16|24|9|6|3|2|1|1|1|0|0|0|0|0|0|0|0|0|0|0,171
Mexico,Car,PHEV,2036,0|0|0|1|2|4|8|17|34|60|103|22|31|43|14|8|4|2|1|1|1|0|0|0|0|0|0|0|0|0|0,356
Mexico,Car,PHEV,2037,0|0|0|1|2|5|10|21|42|80|134|217|43|55|67|20|9|4|2|1|1|1|0|0|0|0|0|0|0|0|0,715
Mexico,Car,PHEV,2038,0|0|0|1|2|5|11|24|50|97|180|284|425|75|86|92|23|9|3|1|1|1|0|0|0|0|0|0|0|0|0,1370
Mexico,Car,PHEV,2039,0|0|0|1|2|6|13|28|58|117|217|380|557|754|118|117|108|24|8|3|1|1|0|0|0|0|0|0|0|0|0,2513
Mexico,Car,PHEV,2040,0|0|0|1|3|6|15|32|68|136|262|460|745|988|1183|161|137|110|22|7|2|1|0|0|0|0|0|0|0|0|0,4339
Mexico,Car,PHEV,2041,0|0|0|1|3|7|16|38|78|159|304|555|901|1322|1550|1613|189|140|99|17|5|1|0|0|0|0|0|0|0|0|0,6998
Mexico,Car,PHEV,2042,0|0|0|1|3|7|17|41|90|181|356|644|1089|1599|2074|2112|1895|193|126|81|13|4|1|0|0|0|0|0|0|0|0,10527
Mexico,Car,PHEV,2043,0|0|0|1|3|8|18|43|98|211|405|753|1262|1931|2508|2827|2482|1933|174|103|61|9|2|1|0|0|0|0|0|0|0,14833
Mexico,Car,PHEV,2044,0|0|0|1|3|8|19|45|104|227|472|856|1477|2239|3029|3418|3323|2532|1740|141|77|43|6|2|0|0|0|0|0|0|0,19762
Mexico,Car,PHEV,2045,0|0|0|1|3|8|20|48|109|242|509|998|1679|2620|3512|4128|4018|3389|2279|1415|107|55|29|4|1|0|0|0|0|0|0,25174
Mexico,Car,PHEV,2046,0|0|0|1|3|9|21|50|115|255|541|1077|1957|2979|4110|4786|4852|4098|3050|1853|1064|76|37|20|3|1|0|0|0|0|0,30958
Mexico,Car,PHEV,2047,0|0|0|1|3|9|22|52|120|268|571|1146|2112|3473|4673|5600|5625|4949|3688|2480|1394|758|52|25|13|2|0|0|0|0|0,37036
Mexico,Car,PHEV,2048,0|0|0|1|4|9|22|54|125|280|599|1209|2246|3747|5447|6368|6583|5737|4454|2998|1866|992|519|35|16|8|1|0|0|0|0,43320
Mexico,Car,PHEV,2049,0|0|0|1|4|9|23|56|129|291|626|1268|2370|3985|5878|7423|7486|6714|5164|3621|2256|1328|679|346|23|10|5|1|0|0|0,49696
Mexico,Car,PHEV,2050,0|0|0|1|4|10|24|57|134|302|652|1325|2487|4205|6251|8010|8726|7635|6043|4198|2725|1605|909|453|227|15|7|3|0|0|0,56008
Mexico,SUV,BEV,2020,0|0|0|0|0|0|0|0|0|0|0|0|0|0|0|0|0|0|0|0|0|0|0|0|0|0|0|0|0|0|0,0
Mexico,SUV,BEV,2021,0|0|0|0|0|0|0|0|0|0|0|0|0|0|0|0|0|0|0|0|0|0|0|0|0|0|0|0|0|0|0,0
Mexico,SUV,BEV,2022,0|0|0|0|0|0|0|0|0|0|0|0|0|0|0|0|0|0|0|0|0|0|0|0|0|0|0|0|0|0|0,0
Mexico,SUV,BEV,2023,0|0|0|0|0|0|0|0|0|0|0|0|0|0|0|0|0|0|0|0|0|0|0|0|0|0|0|0|0|0|0,0
Mexico,SUV,BEV,2024,0|0|0|0|0|0|0|0|0|0|0|0|0|0|0|0|0|0|0|0|0|0|0|0|0|0|0|0|0|0|0,0
Mexico,SUV,BEV,2025,0|0|0|0|0|0|0|0|0|0|0|0|0|0|0|0|0|0|0|0|0|0|0|0|0|0|0|0|0|0|0,0
Mexico,SUV,BEV,2026,0|0|0|0|0|0|0|0|0|0|0|0|0|0|0|0|0|0|0|0|0|0|0|0|0|0|0|0|0|0|0,0
Mexico,SUV,BEV,2027,0|0|0|0|0|0|0|0|0|0|0|1|0|0|0|0|0|0|0|0|0|0|0|0|0|0|0|0|0|0|0,1
Mexico,SUV,BEV,2028,0|0|0|0|0|0|0|0|0|0|0|1|1|0|0|0|0|0|0|0|0|0|0|0|0|0|0|0|0|0|0,2
Mexico,SUV,BEV,2029,0|0|0|0|0|0|0|0|0|0|0|1|1|2|0|0|0|0|0|0|0|0|0|0|0|0|0|0|0|0|0,4
Mexico,SUV,BEV,2030,0|0|0|1|1|0|1|1|1|1|1|1|1|2|3|0|0|0|0|0|0|0|0|0|0|0|0|0|0|0|0,14
Mexico,SUV,BEV,2031,0|0|0|1|2|3|1|2|2|2|2|1|2|2|3|5|0|0|0|0|0|0|0|0|0|0|0|0|0|0|0,28
Mexico,SUV,BEV,2032,0|0|0|1|2|4|8|3|4|4|4|3|3|3|3|5|6|0|0|0|0|0|0|0|0|0|0|0|0|0|0,53
Mexico,SUV,BEV,2033,0|0|0|1|3|6|11|20|7|10|9|9|6|5|5|4|6|6|0|0|0|0|0|0|0|0|0|0|0|0|0,108
Mexico,SUV,BEV,2034,0|0|1|1|3|7|15|27|49|17|22|19|18|11|7|6|5|6|5|0|0|0|0|0|0|0|0|0|0|0|0,219
Mexico,SUV,BEV,2035,0|0|1|2|4|8|18|36|65|115|37|46|37|31|18|10|8|5|5|4|0|0|0|0|0|0|0|0|0|0|0,450
Mexico,SUV,BEV,2036,0|0|1|2|4|10|21|43|86|150|257|79|91|66|49|24|12|8|4|4|3|0|0|0|0|0|0|0|0|0|0,914
Mexico,SUV,BEV,2037,0|0|1|2|5|11|25|52|105|202|337|544|154|161|103|67|29|12|7|4|3|2|0|0|0|0|0|0|0|0|0,1826
Mexico,SUV,BEV,2038,0|0|1|2|6|13|29|61|126|244|451|713|1066|274|253|141|79|29|11|6|3|2|2|0|0|0|0|0|0|0|0,3512
Mexico,SUV,BEV,2039,0|0|1|2|6|15|33|71|147|295|546|955|1397|1892|430|345|166|81|26|9|4|2|1|1|0|0|0|0|0|0|0,6425
Mexico,SUV,BEV,2040,0|0|1|3|7|16|38|81|172|342|660|1156|1872|2479|2967|586|405|169|73|21|7|3|1|1|1|0|0|0|0|0|0,11061
Mexico,SUV,BEV,2041,0|0|1|3|7|17|41|94|195|401|766|1397|2266|3322|3889|4043|689|413|152|59|16|5|2|1|1|0|0|0|0|0|0,17780
Mexico,SUV,BEV,2042,0|0|1|3|7|18|44|102|228|456|897|1621|2739|4020|5211|5299|4753|702|372|124|44|11|3|1|1|0|0|0|0|0|0,26657
Mexico,SUV,BEV,2043,0|0|1|3|8|19|46|108|246|532|1021|1899|3179|4859|6307|7101|6229|4848|632|303|93|31|8|2|1|0|0|0|0|0|0,37476
Mexico,SUV,BEV,2044,0|0|1|3|8|20|48|114|262|574|1191|2162|3723|5640|7623|8595|8347|6354|4363|514|228|66|21|5|1|1|0|0|0|0|0,49864
Mexico,SUV,BEV,2045,0|0|1|3|8|21|50|120|276|611|1287|2521|4239|6606|8847|10388|10103|8514|5718|3547|387|162|45|15|3|1|0|0|0|0|0,63473
Mexico,SUV,BEV,2046,0|0|1|3|8|21|52|125|290|646|1370|2724|4945|7522|10364|12057|12211|10304|7663|4649|2669|275|111|30|9|2|1|0|0|0|0,78052
Mexico,SUV,BEV,2047,0|0|1|3|9|22|54|131|303|678|1447|2902|5344|8774|11800|14124|14173|12455|9275|6229|3498|1899|188|74|20|6|1|0|0|0|0,93410
Mexico,SUV,BEV,2048,0|0|1|3|9|23|56|135|316|709|1521|3066|5692|9483|13766|16081|16603|14456|11210|7540|4687|2489|1300|126|49|13|4|1|0|0|0,109339
Mexico,SUV,BEV,2049,0|0|1|3|9|24|58|140|328|739|1590|3221|6014|10101|14877|18760|18904|16934|13011|9113|5673|3335|1703|867|82|32|8|3|1|0|0,125531
Mexico,SUV,BEV,2050,0|0|1|4|9|24|60|145|340|768|1658|3369|6319|10673|15848|20275|22054|19281|15241|10577|6857|4037|2283|1136|568|53|20|5|2|0|0,141607
Mexico,SUV,PHEV,2020,0|0|0|0|0|0|0|0|0|0|0|0|0|0|0|0|0|0|0|0|0|0|0|0|0|0|0|0|0|0|0,0
Mexico,SUV,PHEV,2021,0|0|0|0|0|0|0|0|0|0|0|0|0|0|0|0|0|0|0|0|0|0|0|0|0|0|0|0|0|0|0,0
Mexico,SUV,PHEV,2022,0|0|0|0|0|0|0|0|0|0|0|0|0|0|0|0|0|0|0|0|0|0|0|0|0|0|0|0|0|0|0,0
Mexico,SUV,PHEV,2023,0|0|0|0|0|0|0|0|0|0|0|0|0|0|0|0|0|0|0|0|0|0|0|0|0|0|0|0|0|0|0,0
Mexico,SUV,PHEV,2024,0|0|0|0|0|0|0|0|0|0|0|0|0|0|0|0|0|0|0|0|0|0|0|0|0|0|0|0|0|0|0,0
Mexico,SUV,PHEV,2025,0|0|0|0|0|0|0|0|0|0|0|0|0|0|0|0|0|0|0|0|0|0|0|0|0|0|0|0|0|0|0,0
Mexico,SUV,PHEV,2026,0|0|0|0|0|0|0|0|0|0|0|0|0|0|0|0|0|0|0|0|0|0|0|0|0|0|0|0|0|0|0,0
Mexico,SUV,PHEV,2027,0|0|0|0|0|0|0|0|0|0|0|0|0|0|0|0|0|0|0|0|0|0|0|0|0|0|0|0|0|0|0,0
Mexico,SUV,PHEV,2028,0|0|0|0|0|0|0|0|0|0|0|0|0|0|0|0|0|0|0|0|0|0|0|0|0|0|0|0|0|0|0,0
Mexico,SUV,PHEV,2029,0|0|0|0|0|0|0|0|0|0|0|0|0|1|0|0|0|0|0|0|0|0|0|0|0|0|0|0|0|0|0,1
Mexico,SUV,PHEV,2030,0|0|0|0|1|0|0|1|0|0|0|0|0|1|1|0|0|0|0|0|0|0|0|0|0|0|0|0|0|0|0,4
Mexico,SUV,PHEV,2031,0|0|0|0|1|2|0|1|1|1|1|0|0|1|1|1|0|0|0|0|0|0|0|0|0|0|0|0|0|0|0,10
Mexico,SUV,PHEV,2032,0|0|0|0|1|2|4|1|2|3|2|1|1|1|1|1|1|0|0|0|0|0|0|0|0|0|0|0|0|0|0,21
Mexico,SUV,PHEV,2033,0|0|0|1|1|3|5|10|2|4|7|3|3|2|2|1|1|2|0|0|0|0|0|0|0|0|0|0|0|0|0,47
Mexico,SUV,PHEV,2034,0|0|0|1|2|3|7|13|24|6|9|15|6|4|3|2|1|2|2|0|0|0|0|0|0|0|0|0|0|0|0,100
Mexico,SUV,PHEV,2035,0|0|0|1|2|4|9|17|31|56|12|19|29|11|7|4|2|2|2|1|0|0|0|0|0|0|0|0|0|0|0,209
Mexico,SUV,PHEV,2036,0|0|0|1|2|5|10|21|42|73|125|26|37|52|18|9|5|2|2|1|1|0|0|0|0|0|0|0|0|0|0,432
Mexico,SUV,PHEV,2037,0|0|0|1|2|6|12|26|51|98|164|265|52|66|82|24|11|5|2|1|1|1|0|0|0|0|0|0|0|0|0,870
Mexico,SUV,PHEV,2038,0|0|0|1|3|6|14|30|61|119|220|347|520|92|104|112|29|11|4|2|1|1|0|0|0|0|0|0|0|0|0,1677
Mexico,SUV,PHEV,2039,0|0|0|1|3|7|16|35|71|143|266|465|681|922|144|142|132|29|10|3|1|1|0|0|0|0|0|0|0|0|0,3072
Mexico,SUV,PHEV,2040,0|0|0|1|3|8|19|39|83|166|321|562|911|1208|1447|196|167|134|26|8|3|1|0|0|0|0|0|0|0|0|0,5303
Mexico,SUV,PHEV,2041,0|0|0|1|3|8|20|46|95|194|372|678|1102|1616|1894|1971|231|171|121|21|6|2|1|0|0|0|0|0|0|0|0,8553
Mexico,SUV,PHEV,2042,0|0|0|1|4|9|21|50|110|221|435|787|1330|1955|2535|2581|2317|235|154|99|16|4|1|0|0|0|0|0|0|0|0,12865
Mexico,SUV,PHEV,2043,0|0|0|1|4|9|22|53|119|258|495|921|1543|2360|3066|3455|3034|2363|212|125|74|11|3|1|0|0|0|0|0|0|0,18129
Mexico,SUV,PHEV,2044,0|0|0|1|4|10|23|55|127|278|577|1047|1805|2737|3702|4178|4062|3095|2127|172|94|53|8|2|1|0|0|0|0|0|0,24158
Mexico,SUV,PHEV,2045,0|0|1|1|4|10|25|58|134|296|622|1220|2053|3202|4293|5045|4911|4143|2786|1729|129|67|36|5|1|0|0|0|0|0|0,30771
Mexico,SUV,PHEV,2046,0|0|1|2|4|10|26|61|140|312|662|1317|2392|3642|5023|5850|5930|5009|3728|2265|1301|92|46|24|3|1|0|0|0|0|0,37841
Mexico,SUV,PHEV,2047,0|0|1|2|4|11|26|63|146|327|698|1400|2581|4244|5713|6845|6876|6049|4508|3031|1704|926|63|30|16|2|0|0|0|0|0,45266
Mexico,SUV,PHEV,2048,0|0|1|2|4|11|27|66|152|342|732|1477|2745|4580|6657|7784|8046|7013|5444|3665|2281|1212|634|42|20|10|1|0|0|0|0,52948
Mexico,SUV,PHEV,2049,0|0|1|2|5|12|28|68|158|356|765|1550|2896|4871|7184|9072|9151|8206|6312|4426|2758|1623|830|423|28|13|6|1|0|0|0,60745
Mexico,SUV,PHEV,2050,0|0|1|2|5|12|29|70|164|369|796|1619|3039|5139|7640|9789|10664|9333|7386|5131|3330|1963|1111|553|277|18|8|4|1|0|0,68453
