State,Segment,Propulsion,Year,LIB_recycling,LIB_available,LIB_reuse_EV,LIB_new_add,LIB_repurpose,EV_stock,LIB_recycling_vector,LIB_available_vector,LIB_reuse_vector,LIB_newadd_vector,LIB_repurpose_vector,EV_stock_vector
Mexico,Car,BEV,2022,0,0,0,1,1,4609.947981270732,0|0|0|0|0|0|0|0|0|0|0|0|0|0|0|0|0|0|0|0|0|0|0|0|0|0|0|0|0|0|0,0|0|0|0|0|0|0|0|0|0|0|0|0|0|0|0|0|0|0|0|0|0|0|0|0|0|0|0|0|0|0,0|0|0|0|0|0|0|0|0|0|0|0|0|0|0|0|0|0|0|0|0|0|0|0|0|0|0|0|0|0|0,0|0|0|0|0|0|1|0|0|0|0|0|0|0|0|0|0|0|0|0|0|0|0|0|0|0|0|0|0|0|0,0|0|0|0|0|0|1|0|0|0|0|0|0|0|0|0|0|0|0|0|0|0|0|0|0|0|0|0|0|0|0,2534|1168|384|151|103|67|79|123|0|0|0|0|0|0|0|0|0|0|0|0|0|0|0|0|0|0|0|0|0|0|0
Mexico,SUV,BEV,2022,0,0,0,2,2,5634.380865997561,0|0|0|0|0|0|0|0|0|0|0|0|0|0|0|0|0|0|0|0|0|0|0|0|0|0|0|0|0|0|0,0|0|0|0|0|0|0|0|0|0|0|0|0|0|0|0|0|0|0|0|0|0|0|0|0|0|0|0|0|0|0,0|0|0|0|0|0|0|0|0|0|0|0|0|0|0|0|0|0|0|0|0|0|0|0|0|0|0|0|0|0|0,0|0|0|0|0|1|1|0|0|0|0|0|0|0|0|0|0|0|0|0|0|0|0|0|0|0|0|0|0|0|0,0|0|0|0|0|1|1|0|0|0|0|0|0|0|0|0|0|0|0|0|0|0|0|0|0|0|0|0|0|0|0,3097|1428|470|185|125|82|97|150|0|0|0|0|0|0|0|0|0|0|0|0|0|0|0|0|0|0|0|0|0|0|0
Mexico,Car,PHEV,2022,0,0,0,0,0,2762.749327090244,0|0|0|0|0|0|0|0|0|0|0|0|0|0|0|0|0|0|0|0|0|0|0|0|0|0|0|0|0|0|0,0|0|0|0|0|0|0|0|0|0|0|0|0|0|0|0|0|0|0|0|0|0|0|0|0|0|0|0|0|0|0,0|0|0|0|0|0|0|0|0|0|0|0|0|0|0|0|0|0|0|0|0|0|0|0|0|0|0|0|0|0|0,0|0|0|0|0|0|0|0|0|0|0|0|0|0|0|0|0|0|0|0|0|0|0|0|0|0|0|0|0|0|0,0|0|0|0|0|0|0|0|0|0|0|0|0|0|0|0|0|0|0|0|0|0|0|0|0|0|0|0|0|0|0,2059|389|128|50|34|22|26|53|0|0|0|0|0|0|0|0|0|0|0|0|0|0|0|0|0|0|0|0|0|0|0
Mexico,SUV,PHEV,2022,0,0,0,0,0,3376.693621999187,0|0|0|0|0|0|0|0|0|0|0|0|0|0|0|0|0|0|0|0|0|0|0|0|0|0|0|0|0|0|0,0|0|0|0|0|0|0|0|0|0|0|0|0|0|0|0|0|0|0|0|0|0|0|0|0|0|0|0|0|0|0,0|0|0|0|0|0|0|0|0|0|0|0|0|0|0|0|0|0|0|0|0|0|0|0|0|0|0|0|0|0|0,0|0|0|0|0|0|0|0|0|0|0|0|0|0|0|0|0|0|0|0|0|0|0|0|0|0|0|0|0|0|0,0|0|0|0|0|0|0|0|0|0|0|0|0|0|0|0|0|0|0|0|0|0|0|0|0|0|0|0|0|0|0,2516|476|157|62|42|27|32|65|0|0|0|0|0|0|0|0|0|0|0|0|0|0|0|0|0|0|0|0|0|0|0
Mexico,Car,BEV,2023,1,1,1,4,4,11050.717633693539,0|0|0|0|0|0|0|1|0|0|0|0|0|0|0|0|0|0|0|0|0|0|0|0|0|0|0|0|0|0|0,0|0|0|0|0|0|0|1|0|0|0|0|0|0|0|0|0|0|0|0|0|0|0|0|0|0|0|0|0|0|0,0|0|0|0|0|0|0|1|0|0|0|0|0|0|0|0|0|0|0|0|0|0|0|0|0|0|0|0|0|0|0,0|1|1|0|0|0|1|1|0|0|0|0|0|0|0|0|0|0|0|0|0|0|0|0|0|0|0|0|0|0|0,0|1|1|0|0|0|1|1|0|0|0|0|0|0|0|0|0|0|0|0|0|0|0|0|0|0|0|0|0|0|0,6377|2534|1167|383|151|102|67|149|120|0|0|0|0|0|0|0|0|0|0|0|0|0|0|0|0|0|0|0|0|0|0
Mexico,SUV,BEV,2023,1,2,2,3,4,13506.432663403215,0|0|0|0|0|0|0|1|0|0|0|0|0|0|0|0|0|0|0|0|0|0|0|0|0|0|0|0|0|0|0,0|1|0|0|0|0|0|1|0|0|0|0|0|0|0|0|0|0|0|0|0|0|0|0|0|0|0|0|0|0|0,0|1|0|0|0|0|0|1|0|0|0|0|0|0|0|0|0|0|0|0|0|0|0|0|0|0|0|0|0|0|0,0|0|1|0|0|0|1|1|0|0|0|0|0|0|0|0|0|0|0|0|0|0|0|0|0|0|0|0|0|0|0,0|1|1|0|0|0|1|1|0|0|0|0|0|0|0|0|0|0|0|0|0|0|0|0|0|0|0|0|0|0|0,7795|3097|1426|469|184|125|82|183|147|0|0|0|0|0|0|0|0|0|0|0|0|0|0|0|0|0|0|0|0|0|0
Mexico,Car,PHEV,2023,0,0,0,1,1,5403.6752962028995,0|0|0|0|0|0|0|0|0|0|0|0|0|0|0|0|0|0|0|0|0|0|0|0|0|0|0|0|0|0|0,0|0|0|0|0|0|0|0|0|0|0|0|0|0|0|0|0|0|0|0|0|0|0|0|0|0|0|0|0|0|0,0|0|0|0|0|0|0|0|0|0|0|0|0|0|0|0|0|0|0|0|0|0|0|0|0|0|0|0|0|0|0,0|0|0|0|0|0|0|1|0|0|0|0|0|0|0|0|0|0|0|0|0|0|0|0|0|0|0|0|0|0|0,0|0|0|0|0|0|0|1|0|0|0|0|0|0|0|0|0|0|0|0|0|0|0|0|0|0|0|0|0|0|0,2600|2059|389|128|50|34|22|70|52|0|0|0|0|0|0|0|0|0|0|0|0|0|0|0|0|0|0|0|0|0|0
Mexico,SUV,PHEV,2023,0,0,0,1,1,6604.4920286924325,0|0|0|0|0|0|0|0|0|0|0|0|0|0|0|0|0|0|0|0|0|0|0|0|0|0|0|0|0|0|0,0|0|0|0|0|0|0|0|0|0|0|0|0|0|0|0|0|0|0|0|0|0|0|0|0|0|0|0|0|0|0,0|0|0|0|0|0|0|0|0|0|0|0|0|0|0|0|0|0|0|0|0|0|0|0|0|0|0|0|0|0|0,0|0|0|0|0|0|0|1|0|0|0|0|0|0|0|0|0|0|0|0|0|0|0|0|0|0|0|0|0|0|0,0|0|0|0|0|0|0|1|0|0|0|0|0|0|0|0|0|0|0|0|0|0|0|0|0|0|0|0|0|0|0,3178|2516|475|156|61|42|27|85|63|0|0|0|0|0|0|0|0|0|0|0|0|0|0|0|0|0|0|0|0|0|0
Mexico,Car,BEV,2024,6,4,4,10,8,22092.528415786826,0|2|1|0|0|0|0|1|2|0|0|0|0|0|0|0|0|0|0|0|0|0|0|0|0|0|0|0|0|0|0,0|1|1|0|0|0|0|1|1|0|0|0|0|0|0|0|0|0|0|0|0|0|0|0|0|0|0|0|0|0|0,0|1|1|0|0|0|0|1|1|0|0|0|0|0|0|0|0|0|0|0|0|0|0|0|0|0|0|0|0|0|0,0|2|1|1|1|1|1|1|2|0|0|0|0|0|0|0|0|0|0|0|0|0|0|0|0|0|0|0|0|0|0,0|1|1|1|1|1|1|1|1|0|0|0|0|0|0|0|0|0|0|0|0|0|0|0|0|0|0|0|0|0|0,10930|6377|2530|1164|382|150|101|194|146|116|0|0|0|0|0|0|0|0|0|0|0|0|0|0|0|0|0|0|0|0|0
Mexico,SUV,BEV,2024,7,4,4,11,8,27001.979174850574,0|2|1|0|0|0|0|2|2|0|0|0|0|0|0|0|0|0|0|0|0|0|0|0|0|0|0|0|0|0|0,0|1|1|0|0|0|0|1|1|0|0|0|0|0|0|0|0|0|0|0|0|0|0|0|0|0|0|0|0|0|0,0|1|1|0|0|0|0|1|1|0|0|0|0|0|0|0|0|0|0|0|0|0|0|0|0|0|0|0|0|0|0,0|2|1|1|1|1|1|2|2|0|0|0|0|0|0|0|0|0|0|0|0|0|0|0|0|0|0|0|0|0|0,0|1|1|1|1|1|1|1|1|0|0|0|0|0|0|0|0|0|0|0|0|0|0|0|0|0|0|0|0|0|0,13360|7795|3093|1423|467|183|124|237|179|142|0|0|0|0|0|0|0|0|0|0|0|0|0|0|0|0|0|0|0|0|0
Mexico,Car,PHEV,2024,1,1,1,4,4,9069.788230251517,0|1|0|0|0|0|0|0|0|0|0|0|0|0|0|0|0|0|0|0|0|0|0|0|0|0|0|0|0|0|0,0|1|0|0|0|0|0|0|0|0|0|0|0|0|0|0|0|0|0|0|0|0|0|0|0|0|0|0|0|0|0,0|1|0|0|0|0|0|0|0|0|0|0|0|0|0|0|0|0|0|0|0|0|0|0|0|0|0|0|0|0|0,0|1|1|0|0|0|0|1|1|0|0|0|0|0|0|0|0|0|0|0|0|0|0|0|0|0|0|0|0|0|0,0|1|1|0|0|0|0|1|1|0|0|0|0|0|0|0|0|0|0|0|0|0|0|0|0|0|0|0|0|0|0,3597|2600|2056|388|127|50|34|99|68|50|0|0|0|0|0|0|0|0|0|0|0|0|0|0|0|0|0|0|0|0|0
Mexico,SUV,PHEV,2024,2,3,3,3,4,11085.296725862965,0|2|0|0|0|0|0|0|0|0|0|0|0|0|0|0|0|0|0|0|0|0|0|0|0|0|0|0|0|0|0,0|1|0|0|0|0|0|1|1|0|0|0|0|0|0|0|0|0|0|0|0|0|0|0|0|0|0|0|0|0|0,0|1|0|0|0|0|0|1|1|0|0|0|0|0|0|0|0|0|0|0|0|0|0|0|0|0|0|0|0|0|0,0|2|1|0|0|0|0|0|0|0|0|0|0|0|0|0|0|0|0|0|0|0|0|0|0|0|0|0|0|0|0,0|1|1|0|0|0|0|1|1|0|0|0|0|0|0|0|0|0|0|0|0|0|0|0|0|0|0|0|0|0|0,4397|3178|2513|474|156|61|41|121|83|61|0|0|0|0|0|0|0|0|0|0|0|0|0|0|0|0|0|0|0|0|0
Mexico,Car,BEV,2025,14,11,9,17,14,31652.564661477827,0|4|2|2|0|0|0|2|2|2|0|0|0|0|0|0|0|0|0|0|0|0|0|0|0|0|0|0|0|0|0,0|3|2|1|1|0|0|1|1|2|0|0|0|0|0|0|0|0|0|0|0|0|0|0|0|0|0|0|0|0|0,0|1|2|1|1|0|0|1|1|2|0|0|0|0|0|0|0|0|0|0|0|0|0|0|0|0|0|0|0|0|0,0|5|2|2|0|1|1|2|2|2|0|0|0|0|0|0|0|0|0|0|0|0|0|0|0|0|0|0|0|0|0,0|4|2|1|1|1|1|1|1|2|0|0|0|0|0|0|0|0|0|0|0|0|0|0|0|0|0|0|0|0|0,9415|10930|6368|2525|1160|380|149|282|190|142|111|0|0|0|0|0|0|0|0|0|0|0|0|0|0|0|0|0|0|0|0
Mexico,SUV,BEV,2025,16,12,10,23,19,38686.467919584014,0|5|2|2|1|0|0|2|2|2|0|0|0|0|0|0|0|0|0|0|0|0|0|0|0|0|0|0|0|0|0,0|3|2|1|1|0|0|1|2|2|0|0|0|0|0|0|0|0|0|0|0|0|0|0|0|0|0|0|0|0|0,0|1|2|1|1|0|0|1|2|2|0|0|0|0|0|0|0|0|0|0|0|0|0|0|0|0|0|0|0|0|0,0|7|3|3|1|1|1|2|2|3|0|0|0|0|0|0|0|0|0|0|0|0|0|0|0|0|0|0|0|0|0,0|5|3|2|1|1|1|1|2|3|0|0|0|0|0|0|0|0|0|0|0|0|0|0|0|0|0|0|0|0|0,11508|13360|7784|3086|1418|464|182|345|233|173|135|0|0|0|0|0|0|0|0|0|0|0|0|0|0|0|0|0|0|0|0
Mexico,Car,PHEV,2025,6,5,5,7,6,15315.14718115096,0|2|2|0|0|0|0|0|1|1|0|0|0|0|0|0|0|0|0|0|0|0|0|0|0|0|0|0|0|0|0,0|1|1|0|0|0|0|1|1|1|0|0|0|0|0|0|0|0|0|0|0|0|0|0|0|0|0|0|0|0|0,0|1|1|0|0|0|0|1|1|1|0|0|0|0|0|0|0|0|0|0|0|0|0|0|0|0|0|0|0|0|0,0|2|2|1|0|0|0|0|1|1|0|0|0|0|0|0|0|0|0|0|0|0|0|0|0|0|0|0|0|0|0,0|1|1|1|0|0|0|1|1|1|0|0|0|0|0|0|0|0|0|0|0|0|0|0|0|0|0|0|0|0|0,6158|3597|2596|2051|387|127|50|139|97|66|48|0|0|0|0|0|0|0|0|0|0|0|0|0|0|0|0|0|0|0|0
Mexico,SUV,PHEV,2025,7,6,6,9,8,18718.513221406727,0|2|2|0|0|0|0|1|1|1|0|0|0|0|0|0|0|0|0|0|0|0|0|0|0|0|0|0|0|0|0,0|1|2|0|0|0|0|1|1|1|0|0|0|0|0|0|0|0|0|0|0|0|0|0|0|0|0|0|0|0|0,0|1|2|0|0|0|0|1|1|1|0|0|0|0|0|0|0|0|0|0|0|0|0|0|0|0|0|0|0|0|0,0|2|2|1|1|0|0|1|1|1|0|0|0|0|0|0|0|0|0|0|0|0|0|0|0|0|0|0|0|0|0,0|1|2|1|1|0|0|1|1|1|0|0|0|0|0|0|0|0|0|0|0|0|0|0|0|0|0|0|0|0|0,7526|4397|3173|2507|473|155|61|169|118|81|58|0|0|0|0|0|0|0|0|0|0|0|0|0|0|0|0|0|0|0|0
Mexico,Car,BEV,2026,29,23,17,36,30,122097.00436864472,0|7|6|4|2|1|0|2|2|2|3|0|0|0|0|0|0|0|0|0|0|0|0|0|0|0|0|0|0|0|0,0|4|4|3|2|1|1|2|2|2|2|0|0|0|0|0|0|0|0|0|0|0|0|0|0|0|0|0|0|0|0,0|2|2|1|2|1|1|2|2|2|2|0|0|0|0|0|0|0|0|0|0|0|0|0|0|0|0|0|0|0|0,0|9|8|5|2|1|0|2|2|3|4|0|0|0|0|0|0|0|0|0|0|0|0|0|0|0|0|0|0|0|0,0|6|6|4|2|1|1|2|2|3|3|0|0|0|0|0|0|0|0|0|0|0|0|0|0|0|0|0|0|0|0,90229|9415|10915|6354|2516|1154|377|438|276|184|135|103|0|0|0|0|0|0|0|0|0|0|0|0|0|0|0|0|0|0|0
Mexico,SUV,BEV,2026,36,26,18,48,38,149229.6720061213,0|7|7|5|2|2|1|2|2|3|5|0|0|0|0|0|0|0|0|0|0|0|0|0|0|0|0|0|0|0|0,0|5|5|3|2|1|1|2|2|2|3|0|0|0|0|0|0|0|0|0|0|0|0|0|0|0|0|0|0|0|0,0|3|3|1|2|1|1|2|2|2|1|0|0|0|0|0|0|0|0|0|0|0|0|0|0|0|0|0|0|0|0,0|10|9|7|3|2|1|3|3|4|6|0|0|0|0|0|0|0|0|0|0|0|0|0|0|0|0|0|0|0|0,0|8|7|5|3|1|1|3|3|3|4|0|0|0|0|0|0|0|0|0|0|0|0|0|0|0|0|0|0|0|0,110280|11508|13341|7766|3075|1410|460|536|338|225|165|126|0|0|0|0|0|0|0|0|0|0|0|0|0|0|0|0|0|0|0
Mexico,Car,PHEV,2026,10,10,10,13,13,45521.93633149847,0|2|2|2|0|0|0|1|1|1|1|0|0|0|0|0|0|0|0|0|0|0|0|0|0|0|0|0|0|0|0,0|1|2|2|1|0|0|1|1|1|1|0|0|0|0|0|0|0|0|0|0|0|0|0|0|0|0|0|0|0|0,0|1|2|2|1|0|0|1|1|1|1|0|0|0|0|0|0|0|0|0|0|0|0|0|0|0|0|0|0|0|0,0|3|2|3|0|1|0|1|1|1|1|0|0|0|0|0|0|0|0|0|0|0|0|0|0|0|0|0|0|0|0,0|2|2|3|1|1|0|1|1|1|1|0|0|0|0|0|0|0|0|0|0|0|0|0|0|0|0|0|0|0|0,30076|6158|3592|2591|2044|385|126|214|136|94|63|44|0|0|0|0|0|0|0|0|0|0|0|0|0|0|0|0|0|0|0
Mexico,SUV,PHEV,2026,16,12,10,20,16,55637.92218294258,0|2|2|4|1|0|0|1|2|2|2|0|0|0|0|0|0|0|0|0|0|0|0|0|0|0|0|0|0|0|0,0|2|2|3|1|0|0|1|1|1|1|0|0|0|0|0|0|0|0|0|0|0|0|0|0|0|0|0|0|0|0,0|2|2|1|1|0|0|1|1|1|1|0|0|0|0|0|0|0|0|0|0|0|0|0|0|0|0|0|0|0|0,0|2|3|5|1|1|1|1|2|2|2|0|0|0|0|0|0|0|0|0|0|0|0|0|0|0|0|0|0|0|0,0|2|3|4|1|1|1|1|1|1|1|0|0|0|0|0|0|0|0|0|0|0|0|0|0|0|0|0|0|0|0,36760|7526|4391|3166|2498|470|153|261|166|115|77|54|0|0|0|0|0|0|0|0|0|0|0|0|0|0|0|0|0|0|0
Mexico,Car,BEV,2027,60,40,16,79,59,242767.93301074038,0|5|10|10|6|5|2|4|4|4|5|5|0|0|0|0|0|0|0|0|0|0|0|0|0|0|0|0|0|0|0,0|4|7|6|4|3|1|3|3|3|3|3|0|0|0|0|0|0|0|0|0|0|0|0|0|0|0|0|0|0|0,0|2|3|2|2|1|1|1|1|1|1|1|0|0|0|0|0|0|0|0|0|0|0|0|0|0|0|0|0|0|0,0|7|14|14|8|6|3|5|5|5|6|6|0|0|0|0|0|0|0|0|0|0|0|0|0|0|0|0|0|0|0,0|6|11|10|6|4|2|4|4|4|4|4|0|0|0|0|0|0|0|0|0|0|0|0|0|0|0|0|0|0|0,120352|90229|9402|10891|6332|2502|1144|826|429|267|175|125|92|0|0|0|0|0|0|0|0|0|0|0|0|0|0|0|0|0|0
Mexico,SUV,BEV,2027,70,48,24,94,72,296716.36256868264,0|7|12|12|7|5|2|5|5|5|5|5|0|0|0|0|0|0|0|0|0|0|0|0|0|0|0|0|0|0|0,0|5|8|8|5|3|2|3|3|3|4|4|0|0|0|0|0|0|0|0|0|0|0|0|0|0|0|0|0|0|0,0|3|4|4|3|1|2|1|1|1|2|2|0|0|0|0|0|0|0|0|0|0|0|0|0|0|0|0|0|0|0,0|9|17|15|9|8|2|7|7|7|6|7|0|0|0|0|0|0|0|0|0|0|0|0|0|0|0|0|0|0|0,0|7|13|11|7|6|2|5|5|5|5|6|0|0|0|0|0|0|0|0|0|0|0|0|0|0|0|0|0|0|0,147097|110280|11491|13311|7740|3058|1398|1009|525|327|214|153|112|0|0|0|0|0|0|0|0|0|0|0|0|0|0|0|0|0|0
Mexico,Car,PHEV,2027,26,16,12,32,22,85822.67771587503,0|3|3|4|5|1|0|2|2|2|2|2|0|0|0|0|0|0|0|0|0|0|0|0|0|0|0|0|0|0|0,0|2|2|3|3|1|0|1|1|1|1|1|0|0|0|0|0|0|0|0|0|0|0|0|0|0|0|0|0|0|0,0|2|2|1|1|1|0|1|1|1|1|1|0|0|0|0|0|0|0|0|0|0|0|0|0|0|0|0|0|0|0,0|4|4|5|7|1|1|2|2|2|2|2|0|0|0|0|0|0|0|0|0|0|0|0|0|0|0|0|0|0|0,0|3|3|4|5|1|1|1|1|1|1|1|0|0|0|0|0|0|0|0|0|0|0|0|0|0|0|0|0|0|0,40117|30076|6149|3584|2582|2033|381|371|209|131|89|58|40|0|0|0|0|0|0|0|0|0|0|0|0|0|0|0|0|0|0
Mexico,SUV,PHEV,2027,33,25,17,40,32,104894.38387495841,0|5|5|5|6|2|0|2|2|2|2|2|0|0|0|0|0|0|0|0|0|0|0|0|0|0|0|0|0|0|0,0|3|3|3|4|1|1|2|2|2|2|2|0|0|0|0|0|0|0|0|0|0|0|0|0|0|0|0|0|0|0,0|1|1|1|2|1|1|2|2|2|2|2|0|0|0|0|0|0|0|0|0|0|0|0|0|0|0|0|0|0|0,0|7|6|7|8|2|0|2|2|2|2|2|0|0|0|0|0|0|0|0|0|0|0|0|0|0|0|0|0|0|0,0|5|4|5|6|1|1|2|2|2|2|2|0|0|0|0|0|0|0|0|0|0|0|0|0|0|0|0|0|0|0,49032|36760|7516|4381|3155|2485|466|454|256|161|109|71|48|0|0|0|0|0|0|0|0|0|0|0|0|0|0|0|0|0|0
Mexico,Car,BEV,2028,145,98,48,192,145,395792.33763718954,0|54|10|17|14|10|7|7|6|5|5|5|5|0|0|0|0|0|0|0|0|0|0|0|0|0|0|0|0|0|0,0|36|6|11|10|6|4|5|4|4|4|4|4|0|0|0|0|0|0|0|0|0|0|0|0|0|0|0|0|0|0,0|18|2|5|6|2|2|3|2|2|2|2|2|0|0|0|0|0|0|0|0|0|0|0|0|0|0|0|0|0|0,0|72|13|22|18|13|9|9|8|7|7|7|7|0|0|0|0|0|0|0|0|0|0|0|0|0|0|0|0|0|0,0|54|9|16|14|9|6|7|6|6|6|6|6|0|0|0|0|0|0|0|0|0|0|0|0|0|0|0|0|0|0,152676|120352|90102|9381|10853|6298|2481|1817|809|416|255|163|112|78|0|0|0|0|0|0|0|0|0|0|0|0|0|0|0|0|0
Mexico,SUV,BEV,2028,178,121,63,230,174,483746.1904454539,0|66|11|19|18|11|7|10|7|7|7|7|8|0|0|0|0|0|0|0|0|0|0|0|0|0|0|0|0|0|0,0|45|7|13|12|8|5|6|5|5|5|5|5|0|0|0|0|0|0|0|0|0|0|0|0|0|0|0|0|0|0,0|23|3|7|6|4|3|2|3|3|3|3|3|0|0|0|0|0|0|0|0|0|0|0|0|0|0|0|0|0|0,0|87|15|26|24|14|10|13|9|8|8|8|8|0|0|0|0|0|0|0|0|0|0|0|0|0|0|0|0|0|0,0|66|11|20|18|11|8|9|7|6|6|6|6|0|0|0|0|0|0|0|0|0|0|0|0|0|0|0|0|0|0,186603|147097|110125|11466|13265|7697|3032|2221|988|508|311|199|137|95|0|0|0|0|0|0|0|0|0|0|0|0|0|0|0|0|0
Mexico,Car,PHEV,2028,56,42,28,73,59,136930.11511558708,0|18|6|5|6|7|2|2|2|2|2|2|2|0|0|0|0|0|0|0|0|0|0|0|0|0|0|0|0|0|0,0|12|4|4|4|5|1|2|2|2|2|2|2|0|0|0|0|0|0|0|0|0|0|0|0|0|0|0|0|0|0,0|6|2|2|2|3|1|2|2|2|2|2|2|0|0|0|0|0|0|0|0|0|0|0|0|0|0|0|0|0|0,0|24|8|7|8|9|3|3|3|2|2|2|2|0|0|0|0|0|0|0|0|0|0|0|0|0|0|0|0|0|0,0|18|6|6|6|7|2|3|3|2|2|2|2|0|0|0|0|0|0|0|0|0|0|0|0|0|0|0|0|0|0,50892|40117|30034|6136|3572|2568|2016|736|364|203|125|83|52|34|0|0|0|0|0|0|0|0|0|0|0|0|0|0|0|0|0
Mexico,SUV,PHEV,2028,71,50,30,94,73,167359.0295857176,0|22|7|7|7|10|2|5|3|2|2|2|2|0|0|0|0|0|0|0|0|0|0|0|0|0|0|0|0|0|0,0|15|5|4|5|6|2|3|2|2|2|2|2|0|0|0|0|0|0|0|0|0|0|0|0|0|0|0|0|0|0,0|7|3|2|3|2|2|1|2|2|2|2|2|0|0|0|0|0|0|0|0|0|0|0|0|0|0|0|0|0|0,0|30|9|9|9|13|2|6|4|3|3|3|3|0|0|0|0|0|0|0|0|0|0|0|0|0|0|0|0|0|0,0|23|7|6|7|9|2|4|3|3|3|3|3|0|0|0|0|0|0|0|0|0|0|0|0|0|0|0|0|0|0,62201|49032|36708|7499|4366|3138|2464|899|445|248|153|101|64|41|0|0|0|0|0|0|0|0|0|0|0|0|0|0|0|0|0
Mexico,Car,BEV,2029,298,201,103,389,294,583461.0044294309,0|72|85|14|25|23|14|16|11|9|7|7|8|7|0|0|0|0|0|0|0|0|0|0|0|0|0|0|0|0|0,0|49|57|9|17|15|10|11|7|6|5|5|5|5|0|0|0|0|0|0|0|0|0|0|0|0|0|0|0|0|0,0|25|29|5|9|7|6|5|3|2|3|3|3|3|0|0|0|0|0|0|0|0|0|0|0|0|0|0|0|0|0,0|95|113|18|33|31|17|21|15|12|10|9|8|7|0|0|0|0|0|0|0|0|0|0|0|0|0|0|0|0|0,0|72|85|13|25|23|13|16|11|9|8|7|6|6|0|0|0|0|0|0|0|0|0|0|0|0|0|0|0|0|0,187350|152676|120183|89903|9349|10794|6244|3465|1780|783|395|236|145|95|62|0|0|0|0|0|0|0|0|0|0|0|0|0|0|0|0
Mexico,SUV,BEV,2029,367,246,118,484,366,713119.0054137489,0|89|104|17|31|28|17|19|13|10|10|10|10|9|0|0|0|0|0|0|0|0|0|0|0|0|0|0|0|0|0,0|59|70|11|21|19|12|13|9|7|7|6|6|6|0|0|0|0|0|0|0|0|0|0|0|0|0|0|0|0|0,0|29|34|5|11|9|6|7|5|3|3|2|2|2|0|0|0|0|0|0|0|0|0|0|0|0|0|0|0|0|0,0|118|139|23|40|37|23|25|17|14|13|12|12|11|0|0|0|0|0|0|0|0|0|0|0|0|0|0|0|0|0,0|88|105|17|30|28|18|19|13|11|10|9|9|9|0|0|0|0|0|0|0|0|0|0|0|0|0|0|0|0|0,228984|186603|146890|109882|11426|13193|7632|4235|2175|957|483|289|178|116|76|0|0|0|0|0|0|0|0|0|0|0|0|0|0|0|0
Mexico,Car,PHEV,2029,123,81,37,161,119,199601.20686578113,0|24|29|10|9|10|12|7|5|5|4|4|2|2|0|0|0|0|0|0|0|0|0|0|0|0|0|0|0|0|0,0|16|19|6|6|6|8|4|3|3|3|3|2|2|0|0|0|0|0|0|0|0|0|0|0|0|0|0|0|0|0,0|8|9|2|2|2|4|2|1|1|1|1|2|2|0|0|0|0|0|0|0|0|0|0|0|0|0|0|0|0|0,0|32|38|13|12|14|15|9|7|6|5|5|3|2|0|0|0|0|0|0|0|0|0|0|0|0|0|0|0|0|0,0|24|28|9|9|10|11|6|5|4|4|4|3|2|0|0|0|0|0|0|0|0|0|0|0|0|0|0|0|0|0,62450|50892|40061|29968|6114|3552|2546|2491|721|352|193|116|74|44|27|0|0|0|0|0|0|0|0|0|0|0|0|0|0|0|0
Mexico,SUV,PHEV,2029,146,98,46,195,147,243957.03061373244,0|29|35|11|10|12|14|7|6|5|5|5|4|3|0|0|0|0|0|0|0|0|0|0|0|0|0|0|0|0|0,0|20|23|7|7|8|9|5|4|3|3|3|3|3|0|0|0|0|0|0|0|0|0|0|0|0|0|0|0|0|0,0|10|11|3|3|4|5|3|2|1|1|1|1|1|0|0|0|0|0|0|0|0|0|0|0|0|0|0|0|0|0,0|39|47|15|14|15|18|10|8|7|7|6|5|4|0|0|0|0|0|0|0|0|0|0|0|0|0|0|0|0|0,0|30|35|11|11|11|13|8|6|5|5|4|4|4|0|0|0|0|0|0|0|0|0|0|0|0|0|0|0|0|0,76328|62201|48963|36627|7473|4342|3112|3045|881|430|236|142|90|54|33|0|0|0|0|0|0|0|0|0|0|0|0|0|0|0|0
Mexico,Car,BEV,2030,553,374,186,727,552,808159.294529972,0|92|113|133|22|38|36|30|24|16|12|11|10|9|7|0|0|0|0|0|0|0|0|0|0|0|0|0|0|0|0,0|62|76|90|15|26|24|21|16|11|8|7|7|6|5|0|0|0|0|0|0|0|0|0|0|0|0|0|0|0|0,0|30|38|46|7|14|12|11|8|5|4|3|3|2|3|0|0|0|0|0|0|0|0|0|0|0|0|0|0|0|0,0|123|151|176|29|51|47|39|32|21|16|14|11|10|7|0|0|0|0|0|0|0|0|0|0|0|0|0|0|0|0,0|93|114|133|22|39|35|30|24|16|12|11|9|8|6|0|0|0|0|0|0|0|0|0|0|0|0|0|0|0|0,224531|187350|152461|119918|89592|9298|10702|7624|3393|1723|745|367|211|123|75|45|0|0|0|0|0|0|0|0|0|0|0|0|0|0|0
Mexico,SUV,BEV,2030,679,456,228,890,672,987750.248869966,0|113|139|164|26|48|43|37|29|20|15|13|12|11|9|0|0|0|0|0|0|0|0|0|0|0|0|0|0|0|0,0|75|93|110|18|32|29|25|20|14|10|9|8|7|6|0|0|0|0|0|0|0|0|0|0|0|0|0|0|0|0,0|37|47|54|10|16|15|13|10|6|6|5|4|3|2|0|0|0|0|0|0|0|0|0|0|0|0|0|0|0|0,0|150|184|217|34|64|57|49|39|26|18|16|14|12|10|0|0|0|0|0|0|0|0|0|0|0|0|0|0|0|0,0|112|138|163|26|48|43|37|30|20|14|13|11|9|8|0|0|0|0|0|0|0|0|0|0|0|0|0|0|0|0,274426|228984|186341|146566|109501|11364|13081|9318|4147|2106|911|448|258|151|92|55|0|0|0|0|0|0|0|0|0|0|0|0|0|0|0
Mexico,Car,PHEV,2030,216,148,76,280,213,274611.3654842626,0|31|38|45|14|12|14|22|10|7|6|5|5|4|3|0|0|0|0|0|0|0|0|0|0|0|0|0|0|0|0,0|21|25|30|10|9|10|15|7|5|4|4|3|3|2|0|0|0|0|0|0|0|0|0|0|0|0|0|0|0|0,0|11|13|14|6|5|6|7|3|3|2|2|1|1|2|0|0|0|0|0|0|0|0|0|0|0|0|0|0|0|0,0|40|50|60|18|16|18|29|13|9|8|6|6|5|2|0|0|0|0|0|0|0|0|0|0|0|0|0|0|0|0,0|30|37|45|14|13|14|22|10|7|6|5|4|4|2|0|0|0|0|0|0|0|0|0|0|0|0|0|0|0|0,74844|62450|50820|39973|29864|6081|3522|3185|2440|698|335|179|104|63|35|20|0|0|0|0|0|0|0|0|0|0|0|0|0|0|0
Mexico,SUV,PHEV,2030,263,179,89,346,264,335636.1133696543,0|37|46|54|17|16|17|26|12|10|7|6|5|6|4|0|0|0|0|0|0|0|0|0|0|0|0|0|0|0|0,0|25|31|37|12|11|12|18|8|6|5|4|4|3|3|0|0|0|0|0|0|0|0|0|0|0|0|0|0|0|0,0|13|15|19|6|5|6|10|4|2|3|2|2|1|1|0|0|0|0|0|0|0|0|0|0|0|0|0|0|0|0,0|49|62|71|23|21|23|34|16|13|9|8|7|6|4|0|0|0|0|0|0|0|0|0|0|0|0|0|0|0|0,0|37|47|54|18|16|18|26|12|9|7|6|6|4|4|0|0|0|0|0|0|0|0|0|0|0|0|0|0|0|0,91475|76328|62114|48855|36500|7432|4305|3893|2982|853|410|218|127|77|43|24|0|0|0|0|0|0|0|0|0|0|0|0|0|0|0
Mexico,Car,BEV,2031,968,654,328,1264,960,1095656.3335362691,0|113|144|178|209|34|60|68|47|36|23|17|13|11|9|6|0|0|0|0|0|0|0|0|0|0|0|0|0|0|0,0|76|97|120|140|23|41|45|31|24|16|12|10|8|6|5|0|0|0|0|0|0|0|0|0|0|0|0|0|0|0,0|38|49|60|70|11|21|23|15|12|8|6|6|4|2|3|0|0|0|0|0|0|0|0|0|0|0|0|0|0|0,0|149|191|236|276|45|80|88|61|46|29|20|15|12|10|6|0|0|0|0|0|0|0|0|0|0|0|0|0|0|0,0|112|144|178|208|34|61|66|46|35|23|16|13|10|8|6|0|0|0|0|0|0|0|0|0|0|0|0|0|0|0,287701|224531|187087|152124|119502|89104|9219|12614|7467|3286|1640|691|328|179|98|55|30|0|0|0|0|0|0|0|0|0|0|0|0|0|0
Mexico,SUV,BEV,2031,1188,800,398,1550,1175,1339135.5187665515,0|137|176|217|256|41|74|83|57|45|28|21|17|14|12|10|0|0|0|0|0|0|0|0|0|0|0|0|0|0|0,0|93|118|146|172|28|50|56|38|30|19|14|12|10|8|6|0|0|0|0|0|0|0|0|0|0|0|0|0|0|0,0|47|58|74|86|14|26|28|18|14|9|6|6|6|4|2|0|0|0|0|0|0|0|0|0|0|0|0|0|0|0,0|182|235|288|337|55|97|108|75|57|36|26|20|14|11|9|0|0|0|0|0|0|0|0|0|0|0|0|0|0|0,0|138|177|217|254|42|73|82|57|43|28|20|16|12|9|7|0|0|0|0|0|0|0|0|0|0|0|0|0|0|0,351635|274426|228662|185930|146058|108905|11267|15417|9126|4016|2005|845|401|219|120|67|37|0|0|0|0|0|0|0|0|0|0|0|0|0|0
Mexico,Car,PHEV,2031,372,252,124,484,369,370512.52245707874,0|37|48|60|70|22|20|28|34|14|10|8|7|6|5|3|0|0|0|0|0|0|0|0|0|0|0|0|0|0|0,0|25|32|40|47|15|14|19|23|10|7|6|5|4|3|2|0|0|0|0|0|0|0|0|0|0|0|0|0|0|0,0|13|16|20|23|7|6|9|11|6|3|2|3|2|1|2|0|0|0|0|0|0|0|0|0|0|0|0|0|0|0,0|49|64|79|92|30|27|37|43|18|14|11|7|6|5|2|0|0|0|0|0|0|0|0|0|0|0|0|0|0|0,0|37|48|59|69|23|21|28|33|14|11|9|6|5|4|2|0|0|0|0|0|0|0|0|0|0|0|0|0|0|0,95900|74844|62362|50708|39834|29701|6029|4340|3119|2362|664|311|160|88|50|26|13|0|0|0|0|0|0|0|0|0|0|0|0|0|0
Mexico,SUV,PHEV,2031,453,308,154,591,452,452848.63855865196,0|46|59|72|84|26|24|34|42|17|12|11|9|7|6|4|0|0|0|0|0|0|0|0|0|0|0|0|0|0|0,0|31|39|49|57|18|17|23|28|12|9|7|6|5|4|3|0|0|0|0|0|0|0|0|0|0|0|0|0|0|0,0|15|19|25|29|10|9|11|14|6|5|3|2|3|2|1|0|0|0|0|0|0|0|0|0|0|0|0|0|0|0,0|61|79|96|112|35|31|46|53|23|15|13|11|7|5|4|0|0|0|0|0|0|0|0|0|0|0|0|0|0|0,0|46|59|73|85|27|24|35|40|18|12|10|9|6|4|4|0|0|0|0|0|0|0|0|0|0|0|0|0|0|0,117212|91475|76221|61977|48686|36302|7369|5305|3812|2887|812|380|195|108|61|31|16|0|0|0|0|0|0|0|0|0|0|0|0|0|0
Mexico,Car,BEV,2032,1631,1094,540,2125,1608,1450232.2324229195,0|135|177|226|279|325|53|112|103|70|52|33|22|17|12|10|5|0|0|0|0|0|0|0|0|0|0|0|0|0|0,0|91|119|152|187|219|35|75|69|46|35|22|15|11|8|6|4|0|0|0|0|0|0|0|0|0|0|0|0|0|0,0|45|59|76|93|109|17|37|35|22|17|10|7|5|4|2|2|0|0|0|0|0|0|0|0|0|0|0|0|0|0,0|180|235|299|369|429|70|147|132|89|65|40|26|19|12|9|4|0|0|0|0|0|0|0|0|0|0|0|0|0|0,0|136|177|225|278|324|52|111|100|67|50|31|21|15|10|7|4|0|0|0|0|0|0|0|0|0|0|0|0|0|0,355518|287701|224215|186674|151597|118852|88346|11932|12354|7230|3127|1521|618|278|142|72|37|18|0|0|0|0|0|0|0|0|0|0|0|0|0
Mexico,SUV,BEV,2032,1984,1338,670,2586,1962,1772506.0618502344,0|166|216|276|340|398|64|136|125|84|63|39|26|20|14|10|7|0|0|0|0|0|0|0|0|0|0|0|0|0|0,0|111|145|186|229|267|43|92|84|57|43|27|18|14|10|7|5|0|0|0|0|0|0|0|0|0|0|0|0|0|0,0|55|73|94|115|133|21|46|42|29|21|13|10|6|6|3|3|0|0|0|0|0|0|0|0|0|0|0|0|0|0,0|220|286|365|450|525|85|178|162|106|79|48|30|23|14|10|5|0|0|0|0|0|0|0|0|0|0|0|0|0|0,0|165|215|275|340|396|64|135|123|81|61|38|24|19|12|9|5|0|0|0|0|0|0|0|0|0|0|0|0|0|0,434522|351635|274041|228157|185285|145263|107979|14583|15100|8836|3822|1859|755|340|174|88|45|22|0|0|0|0|0|0|0|0|0|0|0|0|0
Mexico,Car,PHEV,2032,613,413,205,795,604,488677.2898844464,0|46|59|75|93|108|34|38|43|49|21|14|11|9|6|4|3|0|0|0|0|0|0|0|0|0|0|0|0|0|0,0|30|40|51|62|73|23|26|29|33|14|10|7|6|4|3|2|0|0|0|0|0|0|0|0|0|0|0|0|0|0,0|14|20|25|30|37|11|14|15|17|6|6|3|2|2|1|2|0|0|0|0|0|0|0|0|0|0|0|0|0|0,0|61|78|100|124|142|46|49|55|63|27|16|13|10|6|4|1|0|0|0|0|0|0|0|0|0|0|0|0|0|0,0|45|59|76|93|107|35|37|42|48|21|13|10|8|5|4|1|0|0|0|0|0|0|0|0|0|0|0|0|0|0,118506|95900|74738|62225|50532|39617|29449|7029|4251|3020|2248|616|278|136|70|37|17|8|0|0|0|0|0|0|0|0|0|0|0|0|0
Mexico,SUV,PHEV,2032,744,503,253,967,736,597272.2431921012,0|55|72|92|113|133|41|46|52|59|25|18|13|10|7|5|3|0|0|0|0|0|0|0|0|0|0|0|0|0|0,0|37|48|62|76|89|28|32|35|41|17|12|9|7|5|3|2|0|0|0|0|0|0|0|0|0|0|0|0|0|0,0|19|24|30|38|45|14|16|17|21|9|6|5|3|3|1|2|0|0|0|0|0|0|0|0|0|0|0|0|0|0,0|73|96|123|150|174|55|61|68|76|32|21|14|11|7|5|1|0|0|0|0|0|0|0|0|0|0|0|0|0|0,0|55|72|93|113|131|42|47|52|59|25|16|11|9|6|4|1|0|0|0|0|0|0|0|0|0|0|0|0|0|0,144841|117212|91347|76052|61762|48421|35993|8591|5196|3691|2748|753|340|166|86|45|21|10|0|0|0|0|0|0|0|0|0|0|0|0|0
Mexico,Car,BEV,2033,2654,1790,894,3448,2620,1876166.587174198,0|173|212|276|354|434|504|106|169|152|99|70|40|25|18|11|7|4|0|0|0|0|0|0|0|0|0|0|0|0|0,0|116|143|186|238|292|339|71|114|102|67|48|28|18|12|8|5|3|0|0|0|0|0|0|0|0|0|0|0|0|0,0|58|71|94|118|146|169|35|58|50|33|24|14|10|6|4|3|1|0|0|0|0|0|0|0|0|0|0|0|0|0,0|230|281|367|468|572|662|139|218|194|123|85|47|27|17|10|5|3|0|0|0|0|0|0|0|0|0|0|0|0|0,0|173|212|277|353|432|500|105|166|148|95|67|38|23|14|9|5|3|0|0|0|0|0|0|0|0|0|0|0|0|0,428231|355518|287297|223720|186026|150772|117840|91043|11686|11962|6880|2900|1360|525|221|104|48|22|10|0|0|0|0|0|0|0|0|0|0|0|0
Mexico,SUV,BEV,2033,3244,2189,1091,4215,3202,2293092.4954351303,0|212|260|340|431|529|616|129|206|184|120|87|51|32|21|13|9|4|0|0|0|0|0|0|0|0|0|0|0|0|0,0|142|174|228|290|357|414|87|139|125|82|59|35|22|15|10|6|4|0|0|0|0|0|0|0|0|0|0|0|0|0,0|70|86|114|146|179|206|43|69|63|42|29|17|10|7|6|2|2|0|0|0|0|0|0|0|0|0|0|0|0|0,0|282|345|449|570|698|809|169|268|235|149|105|58|35|21|11|8|3|0|0|0|0|0|0|0|0|0|0|0|0|0,0|212|259|338|430|528|611|128|204|180|115|82|46|29|18|11|7|4|0|0|0|0|0|0|0|0|0|0|0|0|0,523394|434522|351140|273435|227365|184277|144027|111275|14283|14620|8409|3545|1662|641|270|127|59|27|12|0|0|0|0|0|0|0|0|0|0|0|0
Mexico,Car,PHEV,2033,986,665,333,1270,966,630462.1648939343,0|58|70|93|118|145|167|62|59|64|71|29|18|12|9|6|3|2|0|0|0|0|0|0|0|0|0|0|0|0|0,0|39|48|62|79|97|113|42|39|43|48|20|13|9|6|4|2|1|0|0|0|0|0|0|0|0|0|0|0|0|0,0|19|24|30|39|49|57|22|19|21|24|10|7|5|2|2|2|1|0|0|0|0|0|0|0|0|0|0|0|0|0,0|77|93|124|156|190|220|80|76|81|88|34|21|13|9|5|2|1|0|0|0|0|0|0|0|0|0|0|0|0|0,0|58|71|93|117|143|167|61|57|62|68|27|17|11|7|4|2|1|0|0|0|0|0|0|0|0|0|0|0|0|0,142744|118506|95766|74573|62009|50257|39280|30383|6884|4116|2874|2085|551|236|108|51|24|10|4|0|0|0|0|0|0|0|0|0|0|0|0
Mexico,SUV,PHEV,2033,1201,813,407,1552,1184,770564.8682036974,0|70|86|113|144|177|204|76|71|77|86|35|23|16|11|6|4|2|0|0|0|0|0|0|0|0|0|0|0|0|0,0|47|58|76|97|119|138|51|48|52|59|24|16|11|7|5|3|2|0|0|0|0|0|0|0|0|0|0|0|0|0,0|23|30|38|49|59|70|25|24|26|29|12|8|5|3|3|1|2|0|0|0|0|0|0|0|0|0|0|0|0|0,0|94|114|150|190|233|268|100|92|98|108|42|26|17|11|6|3|0|0|0|0|0|0|0|0|0|0|0|0|0|0,0|71|86|113|143|176|203|76|70|75|84|33|21|14|9|6|3|1|0|0|0|0|0|0|0|0|0|0|0|0|0,174465|144841|117047|91145|75788|61426|48009|37134|8414|5031|3513|2549|673|288|132|63|30|13|5|0|0|0|0|0|0|0|0|0|0|0|0
Mexico,Car,BEV,2034,4237,2860,1428,5488,4174,2377639.79191404,0|214|272|333|434|550|671|806|159|250|217|134|91|48|27|16|9|4|2|0|0|0|0|0|0|0|0|0|0|0|0,0|144|183|223|291|370|452|543|108|169|147|92|62|34|19|11|6|4|2|0|0|0|0|0|0|0|0|0|0|0|0,0|72|91|111|145|186|226|271|54|85|73|46|30|18|9|5|2|2|2|0|0|0|0|0|0|0|0|0|0|0|0,0|284|361|441|574|725|882|1054|207|318|271|162|105|51|27|15|8|3|0|0|0|0|0|0|0|0|0|0|0|0|0,0|214|272|332|432|547|667|799|158|243|209|127|83|43|23|13|7|4|1|0|0|0|0|0|0|0|0|0|0|0|0,506082|428231|355018|286662|222944|185015|149489|121508|89167|11315|11384|6382|2592|1155|417|162|70|29|12|5|0|0|0|0|0|0|0|0|0|0|0
Mexico,SUV,BEV,2034,5182,3495,1747,6705,5098,2906004.190117159,0|262|332|407|530|672|820|986|196|305|265|165|110|59|33|20|11|6|3|0|0|0|0|0|0|0|0|0|0|0|0,0|176|223|273|356|452|552|664|132|207|180|112|76|41|23|14|8|4|2|0|0|0|0|0|0|0|0|0|0|0|0,0|88|111|137|178|226|276|332|66|103|90|56|38|21|11|6|4|2|2|0|0|0|0|0|0|0|0|0|0|0|0,0|347|441|538|701|887|1078|1287|253|390|330|199|127|63|33|18|8|4|1|0|0|0|0|0|0|0|0|0|0|0|0,0|261|332|405|528|670|815|975|192|299|255|155|102|52|28|16|8|4|1|0|0|0|0|0|0|0|0|0|0|0|0,618545|523394|433911|350365|272487|226129|182709|148510|108982|13830|13913|7800|3168|1412|510|198|85|35|15|6|0|0|0|0|0|0|0|0|0|0|0
Mexico,Car,PHEV,2034,1546,1045,527,1991,1517,797176.3636284744,0|72|91|110|144|184|223|269|94|86|90|96|37|22|13|9|4|2|0|0|0|0|0|0|0|0|0|0|0|0|0,0|48|61|74|97|123|151|181|64|58|61|66|25|15|9|6|3|2|1|0|0|0|0|0|0|0|0|0|0|0|0,0|24|31|38|49|61|75|91|32|30|31|34|13|7|5|2|1|2|1|0|0|0|0|0|0|0|0|0|0|0|0,0|95|120|146|191|243|294|351|122|109|113|116|42|24|13|8|4|0|0|0|0|0|0|0|0|0|0|0|0|0|0,0|71|90|110|144|183|223|266|93|83|87|91|33|19|11|7|4|1|1|0|0|0|0|0|0|0|0|0|0|0|0,168694|142744|118339|95554|74315|61672|49830|40369|29757|6666|3917|2666|1864|468|188|79|34|15|6|2|0|0|0|0|0|0|0|0|0|0|0
Mexico,SUV,PHEV,2034,1894,1279,637,2437,1857,974326.6666570243,0|87|110|135|176|225|274|329|116|106|111|118|46|26|17|10|5|3|0|0|0|0|0|0|0|0|0|0|0|0|0,0|59|74|91|119|151|184|222|78|71|75|81|31|18|11|7|4|2|1|0|0|0|0|0|0|0|0|0|0|0|0,0|29|38|45|59|75|92|110|38|35|37|41|15|10|5|3|2|2|1|0|0|0|0|0|0|0|0|0|0|0|0,0|116|146|180|234|296|359|430|150|135|138|142|52|28|17|9|4|1|0|0|0|0|0|0|0|0|0|0|0|0|0,0|88|110|136|177|223|271|326|114|103|106|111|41|23|14|8|4|1|1|0|0|0|0|0|0|0|0|0|0|0|0,206182|174465|144637|116788|90829|75376|60903|49340|36369|8147|4787|3258|2278|572|229|96|42|18|7|3|0|0|0|0|0|0|0|0|0|0|0
Mexico,Car,BEV,2035,6629,4478,2244,8537,6506,2958535.510899644,0|257|335|427|519|676|851|1076|1219|237|358|296|173|106|51|25|13|7|3|0|0|0|0|0|0|0|0|0|0|0|0,0|173|226|286|349|454|573|725|823|160|243|202|119|74|36|18|9|5|2|1|0|0|0|0|0|0|0|0|0|0|0,0|87|114|142|175|226|287|363|411|80|121|102|59|38|18|10|5|3|2|1|0|0|0|0|0|0|0|0|0|0|0,0|342|444|565|687|892|1119|1405|1578|302|448|357|199|113|50|21|10|4|1|0|0|0|0|0|0|0|0|0|0|0|0,0|258|335|425|518|673|846|1065|1201|231|346|279|159|93|43|19|9|4|1|1|0|0|0|0|0|0|0|0|0|0|0,589268|506082|427629|354234|285668|221732|183440|154510|119005|86337|10768|10559|5704|2202|918|305|108|42|16|6|2|0|0|0|0|0|0|0|0|0|0
Mexico,SUV,BEV,2035,8105,5475,2733,10439,7957,3615987.8466551215,0|315|410|521|635|825|1041|1315|1491|289|438|362|211|129|63|31|16|8|4|1|0|0|0|0|0|0|0|0|0|0|0,0|212|276|350|427|555|701|886|1006|196|297|247|145|90|44|22|11|6|3|1|0|0|0|0|0|0|0|0|0|0|0,0|106|138|174|213|277|351|442|502|98|149|123|73|46|22|10|5|2|1|1|0|0|0|0|0|0|0|0|0|0|0,0|418|544|690|840|1089|1367|1719|1929|368|546|438|242|139|61|28|13|6|2|0|0|0|0|0|0|0|0|0|0|0|0,0|315|410|520|634|822|1034|1303|1467|282|421|343|193|115|52|25|12|6|2|1|0|0|0|0|0|0|0|0|0|0|0,720217|618545|522658|432953|349150|271005|224205|188845|145450|105523|13161|12905|6972|2691|1121|373|132|51|20|8|3|0|0|0|0|0|0|0|0|0|0
Mexico,Car,PHEV,2035,2386,1612,806,3056,2334,990029.514284724,0|86|112|142|173|225|284|358|407|139|124|124|123|43|24|12|7|3|0|0|0|0|0|0|0|0|0|0|0|0|0,0|58|75|95|116|151|191|241|275|94|84|84|85|30|16|9|5|2|1|0|0|0|0|0|0|0|0|0|0|0|0,0|30|37|47|58|75|95|121|137|46|42|42|43|14|8|5|3|2|1|0|0|0|0|0|0|0|0|0|0|0|0,0|113|149|189|229|298|374|466|527|179|154|150|142|47|23|10|4|1|0|1|0|0|0|0|0|0|0|0|0|0|0,0|85|112|142|172|225|283|353|401|137|119|117|114|39|19|9|4|1|1|1|0|0|0|0|0|0|0|0|0|0|0,196423|168694|142543|118078|95223|73911|61147|51125|39537|28812|6344|3633|2383|1583|372|137|53|21|8|3|1|0|0|0|0|0|0|0|0|0|0
Mexico,SUV,PHEV,2035,2920,1974,984,3735,2852,1210036.0730146628,0|106|137|173|213|275|346|437|498|171|152|151|152|53|27|15|8|4|2|0|0|0|0|0|0|0|0|0|0|0|0,0|71|92|117|142|185|234|294|336|115|102|103|104|37|20|11|6|3|1|1|0|0|0|0|0|0|0|0|0|0|0,0|35|46|59|70|93|118|146|168|57|50|51|52|19|10|5|2|1|1|1|0|0|0|0|0|0|0|0|0|0|0,0|140|181|229|281|362|455|572|643|218|189|183|175|56|27|13|7|3|1|0|0|0|0|0|0|0|0|0|0|0|0,0|105|136|173|211|273|345|433|489|166|145|143|139|46|24|12|7|3|1|1|0|0|0|0|0|0|0|0|0|0|0,240072|206182|174219|144318|116383|90335|74735|62487|48323|35215|7753|4440|2912|1935|454|168|64|25|10|4|1|0|0|0|0|0|0|0|0|0|0
Mexico,Car,BEV,2036,10159,6873,3439,12994,9934,3622231.2819080153,0|304|404|526|666|809|1045|1368|1626|1804|339|491|380|202|113|47|21|9|4|1|0|0|0|0|0|0|0|0|0|0|0,0|205|272|354|448|544|703|922|1098|1221|230|334|261|141|79|34|15|7|3|1|1|0|0|0|0|0|0|0|0|0|0,0|103|136|178|224|272|351|462|550|611|114|166|131|71|39|18|7|3|1|1|1|0|0|0|0|0|0|0|0|0|0,0|403|536|696|880|1067|1374|1786|2104|2300|424|593|437|218|111|40|16|6|3|0|0|0|0|0|0|0|0|0|0|0|0,0|304|404|525|664|805|1039|1354|1601|1760|327|463|349|180|95|37|15|7|3|1|1|0|0|0|0|0|0|0|0|0|0,677958|589268|505371|426685|353006|284115|219845|190273|151326|115227|82162|9988|9438|4845|1749|672|204|65|23|8|3|1|0|0|0|0|0|0|0|0|0
Mexico,SUV,BEV,2036,12415,8396,4200,15886,12142,4427171.566776463,0|372|495|643|813|988|1277|1673|1989|2205|413|599|464|247|137|58|24|11|5|2|0|0|0|0|0|0|0|0|0|0|0,0|250|332|432|547|665|860|1127|1342|1492|281|409|319|172|96|41|18|8|3|1|1|0|0|0|0|0|0|0|0|0|0,0|126|166|216|273|333|430|563|670|746|141|205|159|86|48|21|10|4|1|1|1|0|0|0|0|0|0|0|0|0|0,0|493|656|852|1076|1304|1678|2184|2574|2812|516|723|535|267|135|50|18|8|4|1|0|0|0|0|0|0|0|0|0|0|0,0|371|494|642|812|985|1269|1655|1958|2152|399|566|427|220|115|45|18|8|4|1|1|0|0|0|0|0|0|0|0|0|0,828615|720217|617676|521503|431452|347251|268699|232556|184954|140833|100420|12207|11536|5922|2138|821|249|80|28|10|4|1|0|0|0|0|0|0|0|0|0
Mexico,Car,PHEV,2036,3599,2438,1220,4580,3511,1210068.7714347704,0|101|135|176|222|269|348|453|540|602|199|168|158|146|45|21|10|4|2|0|0|0|0|0|0|0|0|0|0|0|0,0|68|91|118|149|181|234|305|365|407|136|115|109|101|32|15|7|3|1|1|0|0|0|0|0|0|0|0|0|0|0,0|34|45|58|75|91|118|153|183|203|68|57|55|51|16|7|3|1|1|1|0|0|0|0|0|0|0|0|0|0|0,0|135|179|233|293|355|457|591|699|769|249|204|182|157|45|19|8|4|1|0|0|0|0|0|0|0|0|0|0|0|0,0|102|135|175|221|268|345|448|532|588|193|160|146|129|39|17|7|4|1|1|0|0|0|0|0|0|0|0|0|0|0,225986|196423|168457|142228|117669|94705|73282|62721|50072|38282|27419|5884|3248|2024|1258|272|92|32|11|4|1|0|0|0|0|0|0|0|0|0|0
Mexico,SUV,PHEV,2036,4406,2983,1491,5598,4290,1478972.9428647205,0|124|165|214|272|330|427|553|661|736|245|206|194|178|56|25|12|6|2|0|0|0|0|0|0|0|0|0|0|0|0,0|83|111|144|182|222|287|373|446|498|166|141|133|124|39|18|9|4|2|1|0|0|0|0|0|0|0|0|0|0|0,0|41|55|72|90|110|143|187|222|250|82|71|67|62|19|10|5|2|2|1|0|0|0|0|0|0|0|0|0|0|0,0|165|219|284|360|436|560|722|856|938|305|248|223|192|55|22|9|4|0|0|0|0|0|0|0|0|0|0|0|0|0,0|124|165|214|271|329|423|548|651|718|235|194|178|158|47|20|9|4|1|1|0|0|0|0|0|0|0|0|0|0|0,276205|240072|205892|173834|143817|115750|89566|76659|61199|46789|33512|7191|3969|2474|1537|332|112|39|14|5|2|1|0|0|0|0|0|0|0|0|0
Mexico,Car,BEV,2037,15240,10319,5161,19328,14823,4371361.724352839,0|355|478|633|822|1036|1253|1685|2069|2408|2586|463|629|447|213|103|39|14|5|2|0|0|0|0|0|0|0|0|0|0|0,0|238|321|426|553|697|843|1135|1396|1629|1755|316|432|310|150|74|27|10|4|2|1|0|0|0|0|0|0|0|0|0|0,0|118|161|214|277|349|421|567|698|815|877|158|216|154|74|38|13|6|2|2|1|0|0|0|0|0|0|0|0|0|0,0|472|633|839|1087|1367|1646|2201|2677|3071|3227|560|723|481|211|91|30|9|3|0|0|0|0|0|0|0|0|0|0|0|0,0|355|477|633|820|1032|1244|1668|2036|2350|2491|438|577|395|181|83|28|9|4|1|1|0|0|0|0|0|0|0|0|0|0,772258|677958|588440|504255|425205|351086|281697|229027|186353|146522|109655|76207|8928|8017|3849|1280|448|123|36|12|4|1|0|0|0|0|0|0|0|0|0
Mexico,SUV,BEV,2037,18626,12616,6312,23621,18120,5342775.4408756895,0|433|585|775|1006|1266|1532|2060|2528|2943|3160|567|768|544|261|126|46|17|7|2|0|0|0|0|0|0|0|0|0|0|0,0|291|393|521|676|852|1030|1388|1707|1991|2146|387|528|378|183|90|34|13|5|2|1|0|0|0|0|0|0|0|0|0|0,0|145|197|261|338|426|514|694|853|995|1074|193|264|190|91|46|18|7|3|2|1|0|0|0|0|0|0|0|0|0|0,0|576|774|1026|1330|1671|2013|2689|3272|3754|3942|685|884|586|258|111|35|11|4|0|0|0|0|0|0|0|0|0|0|0|0,0|434|583|773|1003|1262|1521|2038|2490|2873|3044|536|706|482|221|101|35|12|4|1|1|0|0|0|0|0|0|0|0|0|0,943871|828615|719205|616311|519695|429105|344296|279922|227764|179083|134023|93142|10912|9798|4705|1565|548|151|44|14|5|2|1|0|0|0|0|0|0|0|0
Mexico,Car,PHEV,2037,5327,3610,1806,6712,5161,1458106.4271175575,0|118|159|212|275|345|417|556|685|800|863|273|216|185|153|43|17|7|3|0|0|0|0|0|0|0|0|0|0|0|0,0|79|107|142|184|232|281|374|462|541|586|186|149|129|108|30|12|5|2|1|0|0|0|0|0|0|0|0|0|0|0,0|39|53|70|92|116|141|186|230|271|294|94|75|65|54|14|6|3|2|1|0|0|0|0|0|0|0|0|0|0|0,0|158|212|281|363|456|548|727|887|1020|1076|329|248|200|151|38|13|4|1|0|0|0|0|0|0|0|0|0|0|0|0,0|119|160|211|273|344|415|551|675|780|831|257|198|165|130|34|12|4|1|1|0|0|0|0|0|0|0|0|0|0|0,257419|225986|196147|168085|141735|117029|93899|75224|61429|48483|36431|25432|5259|2758|1608|921|181|55|18|6|2|1|0|0|0|0|0|0|0|0|0
Mexico,SUV,PHEV,2037,6510,4414,2206,8204,6309,1782130.3306125435,0|144|195|258|335|423|510|679|836|977|1055|333|265|228|188|51|21|9|3|0|0|0|0|0|0|0|0|0|0|0|0,0|97|131|174|225|284|343|457|565|661|716|228|182|158|132|37|15|6|2|1|0|0|0|0|0|0|0|0|0|0|0,0|49|65|86|113|142|171|229|283|331|358|114|90|78|66|19|7|2|2|1|0|0|0|0|0|0|0|0|0|0|0,0|191|259|343|443|557|671|886|1082|1247|1316|403|305|246|185|45|17|7|1|0|0|0|0|0|0|0|0|0|0|0|0,0|144|195|259|334|420|507|671|824|954|1016|316|243|202|158|41|16|7|1|1|0|0|0|0|0|0|0|0|0|0|0,314624|276205|239735|205437|173232|143035|114765|91940|75079|59256|44526|31083|6428|3371|1965|1125|222|68|21|7|2|1|0|0|0|0|0|0|0|0|0
Mexico,Car,BEV,2038,22338,15153,7575,28018,21586,5207649.885977352,0|407|557|749|991|1281|1604|2028|2548|3061|3451|3538|594|739|470|197|84|27|9|3|0|0|0|0|0|0|0|0|0|0|0,0|274|374|504|666|862|1080|1367|1719|2071|2343|2414|408|512|330|141|60|19|6|2|1|0|0|0|0|0|0|0|0|0|0,0|138|186|252|334|430|540|683|859|1035|1171|1206|204|256|166|71|30|9|2|2|1|0|0|0|0|0|0|0|0|0|0,0|540|739|992|1309|1691|2109|2649|3297|3906|4307|4273|684|795|462|174|65|19|6|1|0|0|0|0|0|0|0|0|0|0|0,0|407|557|748|987|1277|1595|2008|2508|2989|3325|3343|546|653|396|158|62|19|6|1|1|0|0|0|0|0|0|0|0|0|0,872229|772258|677005|587140|502506|422893|348099|293521|224308|180437|139437|101708|68121|7583|6369|2818|854|271|68|18|6|2|1|0|0|0|0|0|0|0|0
Mexico,SUV,BEV,2038,27304,18522,9258,34245,26384,6364905.665255644,0|498|681|916|1211|1565|1961|2479|3114|3743|4218|4323|726|901|575|242|102|33|11|4|1|0|0|0|0|0|0|0|0|0|0,0|335|457|615|814|1053|1320|1670|2102|2532|2864|2950|499|626|403|172|74|24|8|3|1|0|0|0|0|0|0|0|0|0|0,0|167|229|307|406|527|660|834|1050|1266|1432|1474|249|314|201|86|38|12|4|1|1|0|0|0|0|0|0|0|0|0|0,0|662|902|1213|1603|2065|2577|3239|4030|4773|5263|5222|837|971|567|213|78|22|6|2|0|0|0|0|0|0|0|0|0|0|0,0|499|679|914|1209|1559|1949|2455|3066|3652|4063|4086|668|799|485|192|76|23|7|2|1|0|0|0|0|0|0|0|0|0|0,1066057|943871|827451|717616|614174|516869|425454|358748|274154|220534|170423|124310|83258|9268|7784|3444|1044|331|83|22|7|2|1|0|0|0|0|0|0|0|0
Mexico,Car,PHEV,2038,7705,5231,2617,9596,7411,1734668.452055557,0|136|185|250|331|428|535|666|840|1013|1146|1181|350|254|196|142|35|12|4|1|0|0|0|0|0|0|0|0|0|0|0,0|91|125|168|222|287|360|449|567|685|778|806|241|176|138|101|24|9|3|1|0|0|0|0|0|0|0|0|0|0|0,0|45|63|84|110|143|180|225|283|343|390|402|121|88|70|51|12|5|1|1|0|0|0|0|0|0|0|0|0|0|0,0|181|245|331|438|564|703|869|1087|1292|1430|1426|402|274|192|125|27|7|3|0|0|0|0|0|0|0|0|0|0|0|0,0|136|185|249|330|425|531|659|827|988|1104|1116|321|225|165|113|25|8|3|1|0|0|0|0|0|0|0|0|0|0|0,290743|257419|225668|195713|167502|140964|116033|96208|73674|59479|46138|33791|22733|4467|2191|1177|614|110|31|9|3|1|0|0|0|0|0|0|0|0|0
Mexico,SUV,PHEV,2038,9420,6395,3195,11736,9064,2120150.3302901248,0|166|226|306|404|522|654|814|1027|1239|1401|1443|428|311|240|175|42|15|5|2|0|0|0|0|0|0|0|0|0|0|0,0|112|152|205|271|351|440|549|693|838|951|985|294|215|169|124|30|11|4|1|0|0|0|0|0|0|0|0|0|0|0,0|56|76|103|135|175|220|275|347|418|475|493|146|107|85|62|14|5|2|1|0|0|0|0|0|0|0|0|0|0|0,0|220|301|404|535|689|859|1063|1328|1580|1749|1742|494|335|236|153|33|10|3|1|1|0|0|0|0|0|0|0|0|0|0,0|166|227|304|403|520|649|806|1010|1209|1350|1363|394|275|203|138|31|10|4|1|1|0|0|0|0|0|0|0|0|0|0,355352|314624|275817|239205|204725|172290|141818|117588|90046|72696|56391|41300|27785|5460|2678|1439|751|134|37|11|3|1|0|0|0|0|0|0|0|0|0
Mexico,Car,BEV,2039,31905,21693,10841,39461,30579,6131876.018499816,0|464|641|871|1171|1543|1983|2599|3068|3770|4387|4721|4533|698|778|437|159|59|17|5|1|0|0|0|0|0|0|0|0|0|0,0|312|430|586|787|1038|1335|1751|2070|2551|2979|3222|3116|485|546|310|115|43|12|4|1|0|0|0|0|0|0|0|0|0|0,0|156|214|294|393|518|667|875|1034|1275|1489|1610|1558|243|274|154|57|21|6|2|1|0|0|0|0|0|0|0|0|0|0,0|617|850|1154|1549|2036|2606|3395|3969|4810|5476|5702|5220|751|765|385|124|40|10|2|0|0|0|0|0|0|0|0|0|0|0,0|465|640|870|1168|1537|1971|2573|3019|3681|4228|4462|4168|618|655|347|120|42|11|3|1|0|0|0|0|0|0|0|0|0|0,977874|872229|771172|675510|585104|499773|419294|363160|287473|217188|171711|129332|90915|57861|6024|4662|1879|517|150|35|9|3|1|0|0|0|0|0|0|0|0
Mexico,SUV,BEV,2039,38996,26514,13258,48226,37370,7494515.133721999,0|568|783|1066|1431|1886|2424|3177|3748|4608|5362|5769|5540|854|951|534|195|72|21|5|2|0|0|0|0|0|0|0|0|0|0,0|382|526|717|962|1269|1631|2140|2530|3118|3641|3938|3809|592|667|379|141|52|15|4|1|0|0|0|0|0|0|0|0|0|0,0|190|262|359|482|635|815|1070|1266|1558|1821|1970|1905|296|333|189|71|26|7|2|1|0|0|0|0|0|0|0|0|0|0,0|755|1039|1411|1892|2487|3185|4149|4849|5879|6692|6967|6379|919|937|470|151|49|12|3|1|0|0|0|0|0|0|0|0|0|0,0|569|783|1064|1427|1878|2408|3144|3689|4499|5167|5453|5094|755|802|424|146|50|13|4|1|0|0|0|0|0|0|0|0|0|0,1195180|1066057|942544|825623|715127|610834|512470|443862|351356|265452|209869|158072|111119|70719|7363|5698|2297|632|183|42|11|3|1|0|0|0|0|0|0|0|0
Mexico,Car,PHEV,2039,10869,7397,3701,13363,10379,2039986.3316865996,0|155|214|291|391|514|661|853|1008|1243|1451|1568|1513|411|268|181|115|23|7|2|0|0|0|0|0|0|0|0|0|0|0,0|104|143|195|262|346|445|574|680|841|986|1070|1040|285|188|130|83|17|5|2|1|0|0|0|0|0|0|0|0|0|0,0|52|71|97|130|174|223|286|340|421|494|534|520|143|94|66|41|9|3|2|1|0|0|0|0|0|0|0|0|0|0,0|206|284|386|517|677|868|1114|1303|1585|1811|1895|1742|443|264|159|89|16|4|0|0|0|0|0|0|0|0|0|0|0|0,0|155|213|290|389|511|656|844|991|1213|1399|1483|1391|364|226|145|86|17|4|1|1|0|0|0|0|0|0|0|0|0|0,325958|290743|257057|225170|195035|166591|139765|118804|94226|71335|56602|42794|30205|19309|3549|1604|785|372|61|16|4|1|0|0|0|0|0|0|0|0|0
Mexico,SUV,PHEV,2039,13286,9043,4519,16336,12690,2493316.627616956,0|190|261|356|477|629|807|1042|1231|1519|1774|1916|1849|503|327|223|141|29|9|3|0|0|0|0|0|0|0|0|0|0|0,0|127|175|239|321|423|544|702|831|1028|1205|1308|1271|349|230|158|101|21|7|2|1|0|0|0|0|0|0|0|0|0|0,0|63|87|119|161|211|272|350|415|514|603|654|635|175|114|78|51|11|3|2|1|0|0|0|0|0|0|0|0|0|0,0|252|347|471|630|830|1061|1361|1593|1937|2214|2315|2130|541|323|197|108|19|6|1|0|0|0|0|0|0|0|0|0|0|0,0|189|261|355|475|627|803|1031|1212|1482|1710|1812|1701|445|277|177|104|20|7|1|1|0|0|0|0|0|0|0|0|0|0,398393|355352|314181|275208|238376|203611|170823|145204|115165|87188|69181|52304|36917|23600|4338|1961|960|454|74|19|5|2|0|0|0|0|0|0|0|0|0
Mexico,Car,BEV,2040,44270,30184,15094,53845,42014,7144296.950933097,0|524|729|1004|1363|1824|2389|3216|3930|4539|5404|6002|6050|5327|736|721|353|111|37|9|2|0|0|0|0|0|0|0|0|0|0,0|353|490|675|917|1227|1608|2167|2652|3070|3669|4097|4159|3697|517|513|254|82|27|7|2|1|0|0|0|0|0|0|0|0|0,0|177|246|337|459|613|804|1083|1326|1534|1835|2049|2079|1849|259|257|126|42|13|3|2|1|0|0|0|0|0|0|0|0|0,0|696|966|1329|1802|2406|3139|4201|5086|5790|6743|7249|6967|5737|724|635|273|75|22|5|0|0|0|0|0|0|0|0|0|0|0,0|525|728|1002|1360|1816|2373|3184|3869|4430|5206|5673|5563|4717|620|574|263|79|24|6|1|1|0|0|0|0|0|0|0|0|0,1089325|977874|871003|769469|673167|581922|495520|438201|355677|278348|206685|159267|115608|77223|45968|4410|3109|1138|285|76|16|4|1|0|0|0|0|0|0|0|0
Mexico,SUV,BEV,2040,54110,36888,18444,65816,51353,8731918.495584896,0|642|892|1226|1666|2229|2920|3930|4803|5547|6605|7337|7394|6512|899|882|431|137|44|11|3|0|0|0|0|0|0|0|0|0|0,0|431|599|825|1121|1499|1965|2648|3242|3753|4484|5007|5083|4519|631|627|310|100|33|8|2|1|0|0|0|0|0|0|0|0|0,0|215|299|413|561|749|983|1324|1622|1877|2242|2503|2541|2259|315|313|154|50|17|4|2|1|0|0|0|0|0|0|0|0|0,0|852|1183|1624|2203|2941|3836|5134|6215|7075|8242|8861|8516|7013|886|777|334|92|25|6|1|0|0|0|0|0|0|0|0|0|0,0|641|891|1225|1662|2220|2900|3891|4729|5414|6363|6934|6800|5766|759|702|322|96|29|7|1|1|0|0|0|0|0|0|0|0|0,1331397|1195180|1064559|940462|822760|711238|605636|535579|434717|340203|252615|194660|141298|94383|56183|5390|3800|1390|349|93|20|5|1|0|0|0|0|0|0|0|0
Mexico,Car,PHEV,2040,14927,10185,5095,18063,14123,2374134.7812145306,0|176|243|335|454|607|796|1052|1288|1491|1781|1986|2010|1778|434|249|147|81|15|4|0|0|0|0|0|0|0|0|0|0|0,0|118|163|225|306|409|536|709|869|1008|1209|1356|1382|1234|304|177|106|59|11|3|1|0|0|0|0|0|0|0|0|0|0,0|58|81|113|154|205|268|355|435|504|605|678|690|618|152|89|54|29|5|1|1|0|0|0|0|0|0|0|0|0|0,0|233|323|442|600|801|1046|1373|1667|1902|2223|2399|2315|1914|427|218|113|55|9|3|0|0|0|0|0|0|0|0|0|0|0,0|175|243|333|453|605|791|1041|1268|1455|1716|1878|1849|1574|365|197|109|57|10|3|1|0|0|0|0|0|0|0|0|0|0,363108|325958|290334|256490|224389|193974|165173|143093|116356|91235|67886|52500|38253|25656|15340|2598|1070|475|205|31|7|2|1|0|0|0|0|0|0|0|0
Mexico,SUV,PHEV,2040,18241,12449,6225,22077,17265,2901720.2881510938,0|214|297|410|555|743|973|1285|1574|1822|2178|2427|2456|2173|530|304|179|98|17|5|1|0|0|0|0|0|0|0|0|0|0,0|144|200|275|374|500|655|866|1063|1233|1478|1657|1689|1508|372|216|129|72|13|4|1|0|0|0|0|0|0|0|0|0|0,0|72|100|137|186|250|327|434|531|617|738|829|845|754|186|108|65|36|7|2|1|0|0|0|0|0|0|0|0|0|0,0|284|394|542|735|980|1279|1679|2038|2323|2718|2931|2828|2340|522|267|139|66|10|2|0|0|0|0|0|0|0|0|0|0|0,0|214|297|408|555|740|967|1273|1551|1778|2098|2294|2259|1924|447|241|134|69|12|3|1|0|0|0|0|0|0|0|0|0|0,443799|398393|354853|313487|274253|237079|201879|174892|142213|111509|82971|64167|46754|31357|18749|3175|1308|581|251|38|9|2|1|0|0|0|0|0|0|0|0
Mexico,Car,BEV,2041,59550,40714,20356,71112,55913,8165485.131320125,0|589|823|1143|1569|2124|2823|3881|4862|5816|6504|7392|7694|7110|5615|682|582|247|69|20|5|0|0|0|0|0|0|0|0|0|0,0|396|554|768|1055|1428|1900|2615|3282|3935|4416|5045|5289|4934|3942|485|420|180|51|15|3|1|0|0|0|0|0|0|0|0|0,0|198|278|384|527|714|950|1307|1642|1967|2208|2523|2645|2466|1970|243|210|90|25|7|1|1|0|0|0|0|0|0|0|0|0,0|781|1091|1514|2075|2801|3709|5068|6291|7419|8117|8927|8858|7658|5531|601|450|166|41|11|3|0|0|0|0|0|0|0|0|0|0,0|588|823|1141|1565|2114|2804|3841|4787|5677|6267|6986|7073|6296|4737|543|435|173|46|13|3|1|0|0|0|0|0|0|0|0|0,1127092|1089325|976500|869079|766800|669506|576970|518858|429172|344387|264887|191706|142367|98196|61350|33647|2941|1882|628|145|36|7|2|0|0|0|0|0|0|0|0
Mexico,SUV,BEV,2041,72778,49759,24883,86911,68335,9980037.382724596,0|719|1006|1397|1917|2595|3450|4742|5943|7108|7950|9035|9403|8690|6862|834|712|301|84|24|5|1|0|0|0|0|0|0|0|0|0,0|483|677|939|1289|1746|2322|3196|4011|4809|5397|6166|6464|6031|4818|593|513|220|62|18|4|1|0|0|0|0|0|0|0|0|0,0|241|339|469|645|874|1162|1598|2005|2405|2699|3082|3232|3015|2410|297|257|110|30|10|2|1|0|0|0|0|0|0|0|0|0,0|955|1334|1851|2535|3422|4533|6194|7691|9067|9920|10912|10828|9359|6757|734|550|203|51|12|3|0|0|0|0|0|0|0|0|0|0,0|719|1006|1395|1912|2584|3427|4695|5851|6938|7658|8539|8646|7695|5787|663|531|212|57|15|4|1|0|0|0|0|0|0|0|0|0,1377556|1331397|1193500|1062208|937200|818286|705186|634160|524543|420917|323751|234308|174004|120018|74983|41124|3595|2301|767|177|44|9|2|1|0|0|0|0|0|0|0
Mexico,Car,PHEV,2041,19911,13619,6809,23678,18647,2710646.5969021865,0|196|274|381|523|708|940|1268|1591|1906|2136|2437|2546|2363|1874|402|201|104|50|9|2|0|0|0|0|0|0|0|0|0|0,0|132|185|256|352|476|633|854|1074|1290|1450|1663|1750|1639|1315|286|144|75|37|6|2|0|0|0|0|0|0|0|0|0|0,0|66|93|128|176|238|317|426|538|646|726|831|874|819|657|142|72|37|19|2|2|0|0|0|0|0|0|0|0|0|0,0|260|363|505|691|934|1236|1656|2057|2431|2665|2943|2932|2545|1846|355|155|70|29|5|0|0|0|0|0|0|0|0|0|0|0,0|196|274|381|521|705|935|1255|1565|1861|2057|2303|2341|2092|1580|321|149|72|33|5|1|0|0|0|0|0|0|0|0|0|0,375697|363108|325500|289693|255600|223169|192323|169162|140145|112662|86823|62966|46929|32492|20382|11229|1733|648|262|104|15|3|1|0|0|0|0|0|0|0|0
Mexico,SUV,PHEV,2041,24331,16647,8325,28938,22793,3313012.5073248963,0|240|335|465|640|866|1150|1549|1944|2330|2610|2977|3112|2888|2290|491|245|127|60|10|2|0|0|0|0|0|0|0|0|0|0,0|161|226|313|430|582|774|1044|1312|1576|1773|2033|2139|2004|1608|349|176|92|45|7|2|1|0|0|0|0|0|0|0|0|0,0|81|114|157|214|290|386|522|656|788|887|1017|1069|1002|804|175|88|46|23|3|2|1|0|0|0|0|0|0|0|0|0,0|318|444|616|846|1142|1512|2022|2516|2972|3258|3596|3583|3109|2255|433|190|85|35|6|0|0|0|0|0|0|0|0|0|0|0,0|239|335|465|638|862|1143|1533|1914|2274|2516|2815|2861|2556|1931|391|183|88|40|7|1|1|0|0|0|0|0|0|0|0|0,459185|443799|397833|354069|312400|272762|235062|206753|171288|137698|106117|76958|57358|39712|24912|13724|2118|792|320|127|18|4|1|0|0|0|0|0|0|0|0
Mexico,Car,BEV,2042,77650,53239,26625,91052,72147,9189836.41730135,0|655|924|1291|1787|2443|3286|4594|5867|7196|8336|8897|9474|9040|7493|5207|550|408|152|38|10|2|0|0|0|0|0|0|0|0|0,0|441|621|868|1202|1643|2212|3096|3960|4868|5660|6072|6513|6274|5261|3704|397|298|112|28|7|2|0|0|0|0|0|0|0|0|0,0|221|311|434|602|821|1106|1548|1980|2434|2830|3036|3257|3138|2631|1852|199|150|56|14|3|2|0|0|0|0|0|0|0|0|0,0|869|1224|1710|2362|3223|4319|6001|7592|9179|10402|10746|10909|9736|7379|4586|426|274|90|20|5|0|0|0|0|0|0|0|0|0|0,0|655|922|1289|1782|2433|3266|4549|5776|7024|8031|8409|8711|8005|6320|4145|412|286|101|24|6|1|0|0|0|0|0|0|0|0|0,1164834|1127092|1087794|974343|866065|762630|663809|605253|508168|415549|327733|245690|171363|120925|78013|44906|22443|1781|1038|319|69|16|3|1|0|0|0|0|0|0|0
Mexico,SUV,BEV,2042,94913,65069,32535,111294,88180,11232022.5263523,0|802|1129|1578|2184|2986|4018|5615|7171|8796|10188|10875|11579|11050|9159|6365|673|500|185|46|12|2|0|0|0|0|0|0|0|0|0,0|539|759|1061|1469|2008|2704|3784|4840|5950|6917|7422|7960|7668|6430|4527|485|364|137|34|9|2|0|0|0|0|0|0|0|0|0,0|269|379|531|735|1004|1352|1892|2420|2974|3459|3710|3980|3834|3214|2263|243|182|69|18|5|2|0|0|0|0|0|0|0|0|0,0|1063|1497|2089|2887|3939|5279|7334|9280|11220|12714|13135|13334|11901|9021|5606|520|337|109|24|5|0|0|0|0|0|0|0|0|0|0,0|801|1128|1575|2178|2973|3991|5559|7060|8585|9816|10279|10647|9784|7725|5067|502|350|123|29|7|1|0|0|0|0|0|0|0|0|0,1423686|1377556|1329526|1190863|1058524|932104|811322|739753|621094|507893|400562|300288|209444|147797|95349|54886|27430|2176|1269|390|84|20|4|1|0|0|0|0|0|0|0
Mexico,Car,PHEV,2042,25787,17687,8845,30147,23917,3047673.5430133785,0|219|308|431|596|814|1095|1497|1916|2354|2732|2922|3123|2992|2490|1738|324|141|63|27|5|0|0|0|0|0|0|0|0|0|0,0|147|207|289|401|548|737|1009|1293|1593|1855|1994|2147|2076|1748|1236|234|102|47|20|3|1|0|0|0|0|0|0|0|0|0,0|73|103|145|201|274|369|505|647|797|927|998|1073|1038|874|618|118|50|23|10|1|1|0|0|0|0|0|0|0|0|0,0|290|409|570|787|1074|1439|1956|2479|3002|3410|3529|3597|3222|2452|1531|250|96|38|14|2|0|0|0|0|0|0|0|0|0|0,0|218|308|429|594|811|1088|1483|1886|2297|2633|2761|2872|2649|2100|1384|242|99|43|17|2|1|0|0|0|0|0|0|0|0|0,388278|375697|362598|324781|288688|254210|221270|197069|165676|135696|107214|80531|56284|39861|25813|14919|7490|1049|357|133|50|7|1|0|0|0|0|0|0|0|0
Mexico,SUV,PHEV,2042,31512,21619,10813,36841,29231,3724934.330349686,0|267|375|525|728|995|1339|1830|2341|2878|3339|3572|3817|3657|3042|2124|397|171|77|33|5|0|0|0|0|0|0|0|0|0|0,0|180|253|354|490|669|901|1234|1580|1947|2267|2438|2624|2537|2136|1511|286|125|57|25|4|1|0|0|0|0|0|0|0|0|0,0|90|127|178|246|335|451|618|790|973|1133|1218|1312|1269|1068|755|142|63|29|13|2|1|0|0|0|0|0|0|0|0|0,0|354|498|695|961|1313|1759|2390|3030|3670|4168|4315|4395|3938|2997|1871|308|115|45|17|2|0|0|0|0|0|0|0|0|0|0,0|267|376|525|725|991|1330|1812|2305|2808|3218|3377|3509|3237|2567|1691|297|120|51|21|3|1|0|0|0|0|0|0|0|0|0,474562|459185|443175|396954|352841|310701|270441|240862|202493|165851|131039|98426|68792|48719|31550|18235|9154|1282|437|163|61|8|2|0|0|0|0|0|0|0|0
Mexico,Car,BEV,2043,98403,67627,33815,113540,90584,10211852.919563381,0|678|1029|1447|2018|2782|3781|5360|6947|8682|10313|11404|11404|11134|9527|6950|4202|385|251|85|19|5|0|0|0|0|0|0|0|0|0,0|456|692|973|1357|1872|2545|3611|4689|5874|7002|7782|7839|7726|6689|4943|3029|282|185|62|14|4|1|0|0|0|0|0|0|0|0,0|228|346|487|679|936|1273|1805|2345|2938|3502|3890|3919|3862|3345|2471|1515|142|93|30|6|2|1|0|0|0|0|0|0|0|0,0|900|1364|1917|2668|3670|4969|7001|8989|11075|12870|13773|13132|11992|9384|6121|3251|259|148|45|10|2|0|0|0|0|0|0|0|0|0,0|678|1028|1445|2012|2771|3757|5306|6839|8475|9936|10777|10485|9859|8037|5532|3140|271|167|53|12|3|1|0|0|0|0|0|0|0|0,1202415|1164834|1125507|1085391|970964|861355|756141|697406|592782|492037|395453|303982|219619|145555|96070|57103|29953|13586|982|528|152|31|7|1|0|0|0|0|0|0|0
Mexico,SUV,BEV,2043,120275,82655,41327,138775,110715,12481153.56835525,0|830|1257|1769|2467|3401|4622|6552|8491|10613|12606|13937|13937|13607|11646|8494|5137|473|306|102|23|5|0|0|0|0|0|0|0|0|0,0|557|845|1189|1659|2288|3111|4414|5731|7180|8558|9512|9581|9443|8176|6041|3702|344|226|76|17|4|1|0|0|0|0|0|0|0|0,0|279|423|595|829|1144|1555|2206|2865|3590|4278|4756|4791|4721|4088|3021|1850|172|114|38|9|2|1|0|0|0|0|0|0|0|0,0|1100|1667|2343|3262|4486|6074|8557|10988|13537|15732|16832|16049|14656|11470|7481|3975|319|180|53|11|3|0|0|0|0|0|0|0|0|0,0|828|1256|1766|2460|3387|4593|6485|8360|10358|12145|13172|12815|12050|9823|6761|3839|331|203|64|14|4|1|0|0|0|0|0|0|0|0,1469618|1423686|1375620|1326589|1186734|1052768|924172|852385|724512|601378|483331|371533|268424|177900|117419|69792|36609|16605|1200|645|185|38|9|2|0|0|0|0|0|0|0
Mexico,Car,PHEV,2043,32515,22351,11175,37435,29891,3383410.9778262223,0|226|343|482|673|928|1260|1745|2265|2836|3374|3737|3746|3670|3152|2309|1404|228|87|35|13|2|0|0|0|0|0|0|0|0|0,0|152|231|324|452|624|848|1176|1529|1918|2291|2551|2575|2547|2213|1642|1011|166|64|26|10|1|0|0|0|0|0|0|0|0|0,0|76|115|162|226|312|424|588|765|958|1145|1275|1287|1273|1107|822|505|82|32|14|6|1|0|0|0|0|0|0|0|0|0,0|300|455|639|890|1223|1657|2279|2930|3618|4211|4514|4313|3953|3105|2033|1086|154|51|17|6|1|0|0|0|0|0|0|0|0|0,0|226|343|482|671|923|1253|1727|2229|2768|3251|3533|3444|3250|2659|1837|1048|160|57|21|8|1|0|0|0|0|0|0|0|0|0,400805|388278|375169|361797|323655|287118|252047|226848|193008|160417|129134|99444|71985|47807|31668|18895|9951|4534|579|182|63|22|3|1|0|0|0|0|0|0|0
Mexico,SUV,PHEV,2043,39737,27319,13661,45751,36537,4135280.084009827,0|276|418|590|822|1134|1541|2132|2768|3465|4124|4569|4578|4486|3853|2822|1714|278|106|43|16|2|0|0|0|0|0|0|0|0|0,0|186|282|396|553|763|1037|1437|1868|2345|2800|3118|3147|3113|2705|2007|1235|203|78|32|12|2|0|0|0|0|0|0|0|0|0,0|94|142|198|277|381|519|719|934|1173|1400|1558|1573|1557|1353|1003|617|101|38|16|6|2|0|0|0|0|0|0|0|0|0,0|366|555|781|1087|1496|2024|2785|3582|4420|5146|5518|5272|4830|3795|2486|1327|188|63|22|8|0|0|0|0|0|0|0|0|0|0,0|276|419|588|820|1130|1530|2111|2725|3383|3973|4318|4210|3971|3250|2247|1281|196|71|27|10|1|0|0|0|0|0|0|0|0|0,489873|474562|458540|442196|395578|350923|308057|277259|235899|196065|157831|121543|87982|58431|38705|23093|12163|5541|707|222|77|27|4|1|0|0|0|0|0|0|0
Mexico,Car,BEV,2044,121780,83849,41925,138682,111265,11225764.455809986,0|701|1064|1613|2262|3143|4308|6175|8104|10281|12445|14108|14615|13402|11734|8837|5608|2949|238|139|42|10|2|0|0|0|0|0|0|0|0,0|471|716|1084|1521|2114|2899|4161|5469|6956|8449|9629|10047|9300|8238|6285|4042|2150|175|103|31|7|2|0|0|0|0|0|0|0|0,0|235|358|542|761|1058|1449|2081|2735|3478|4225|4815|5023|4650|4118|3143|2022|1074|87|51|15|3|2|0|0|0|0|0|0|0|0,0|931|1411|2136|2992|4145|5661|8065|10487|13114|15530|17039|16830|14433|11558|7783|4339|1989|141|73|21|4|0|0|0|0|0|0|0|0|0,0|701|1064|1610|2257|3129|4280|6113|7978|10035|11989|13334|13439|11866|9898|7034|4191|2069|158|88|26|5|1|0|0|0|0|0|0|0|0,1239748|1202415|1163196|1123021|1081627|965684|854025|795235|683036|573965|468242|366794|271725|186543|115637|70320|38088|18132|7494|499|251|68|14|3|1|0|0|0|0|0|0
Mexico,SUV,BEV,2044,148841,102482,51240,169501,135991,13720378.779323317,0|857|1301|1970|2766|3842|5265|7548|9905|12566|15210|17243|17862|16380|14341|10801|6856|3603|292|169|52|10|2|0|0|0|0|0|0|0|0,0|576|875|1325|1860|2584|3544|5086|6685|8501|10327|11768|12279|11367|10068|7682|4940|2628|214|125|38|8|2|0|0|0|0|0|0|0|0,0|288|437|663|930|1292|1772|2542|3343|4251|5163|5884|6139|5683|5034|3842|2470|1314|106|63|18|4|2|0|0|0|0|0|0|0|0,0|1137|1725|2610|3657|5067|6918|9859|12817|16029|18981|20826|20570|17641|14125|9512|5305|2430|173|88|26|5|0|0|0|0|0|0|0|0|0,0|857|1300|1968|2758|3825|5231|7473|9751|12265|14654|16297|16425|14504|12096|8597|5122|2529|193|106|32|7|1|0|0|0|0|0|0|0|0,1515248|1469618|1421685|1372582|1321988|1180280|1043809|971954|834822|701513|572296|448304|332108|227997|141334|85947|46552|22161|9160|610|307|84|17|4|1|0|0|0|0|0|0
Mexico,Car,PHEV,2044,40085,27607,13803,45585,36596,3715979.071385562,0|233|355|537|755|1047|1436|2008|2638|3352|4065|4615|4791|4402|3868|2925|1863|983|140|48|18|6|0|0|0|0|0|0|0|0|0,0|157|239|361|507|705|966|1354|1781|2268|2759|3150|3293|3055|2715|2080|1343|717|103|35|13|5|1|0|0|0|0|0|0|0|0,0|79|119|181|253|353|482|678|891|1134|1379|1574|1647|1527|1357|1040|671|359|51|17|7|3|1|0|0|0|0|0|0|0|0,0|310|471|712|998|1381|1888|2622|3414|4276|5072|5575|5516|4741|3810|2575|1442|663|83|26|8|2|0|0|0|0|0|0|0|0|0,0|234|355|537|752|1043|1427|1988|2598|3272|3915|4363|4404|3898|3262|2327|1393|690|93|30|10|4|1|0|0|0|0|0|0|0|0,413249|400805|387732|374340|360542|321895|284675|258505|222174|186882|152659|119776|88892|61144|37981|23180|12603|6024|2501|294|86|29|10|1|0|0|0|0|0|0|0
Mexico,SUV,PHEV,2044,48991,33742,16872,55714,44729,4541752.198360133,0|286|433|657|921|1280|1754|2456|3225|4097|4967|5641|5854|5379|4728|3575|2278|1201|172|58|21|8|0|0|0|0|0|0|0|0|0,0|192|292|442|620|861|1181|1654|2177|2772|3372|3850|4025|3733|3319|2542|1641|877|126|43|16|6|1|0|0|0|0|0|0|0|0,0|96|146|222|310|431|591|826|1089|1386|1686|1926|2013|1867|1659|1270|821|439|62|21|8|2|1|0|0|0|0|0|0|0|0,0|379|575|869|1219|1689|2306|3208|4173|5226|6198|6812|6741|5794|4657|3149|1762|810|102|31|10|4|0|0|0|0|0|0|0|0|0,0|285|434|655|920|1275|1744|2431|3175|3999|4785|5331|5383|4764|3988|2845|1701|844|114|37|13|5|1|0|0|0|0|0|0|0|0,505083|489873|473895|457527|440663|393427|347936|315950|271547|228411|186584|146393|108645|74731|46421|28331|15404|7363|3057|359|106|35|12|1|0|0|0|0|0|0|0
Mexico,Car,BEV,2045,147901,101988,50994,166701,134344,12225184.228085117,0|724|1100|1668|2521|3522|4865|7041|9339|11994|14736|17022|18083|17175|14123|10883|7132|3934|1814|130|70|20|5|0|0|0|0|0|0|0|0,0|486|740|1121|1695|2370|3275|4745|6302|8114|10004|11618|12430|11919|9916|7740|5140|2869|1336|97|52|15|3|1|0|0|0|0|0|0|0,0|242|370|561|847|1186|1637|2373|3150|4058|5002|5810|6214|5959|4958|3870|2570|1435|668|49|26|7|1|1|0|0|0|0|0|0|0,0|961|1459|2209|3333|4647|6393|9197|12085|15297|18389|20559|20824|18498|13910|9585|5519|2653|1071|68|33|9|2|0|0|0|0|0|0|0|0,0|723|1100|1665|2514|3509|4834|6971|9193|11705|14196|16089|16627|15209|11913|8662|5330|2761|1203|83|42|12|2|1|0|0|0|0|0|0|0,1276736|1239748|1200725|1160627|1119127|1075745|957466|898614|778850|661354|546209|434308|327872|230801|148200|84643|46904|23057|10002|3809|237|113|30|6|1|0|0|0|0|0|0
Mexico,SUV,BEV,2045,180767,124654,62328,203744,164201,14941891.83432625,0|885|1345|2039|3080|4306|5947|8606|11413|14658|18010|20806|22101|20992|17262|13301|8717|4808|2217|160|85|24|5|0|0|0|0|0|0|0|0,0|594|904|1371|2071|2897|4003|5799|7703|9917|12228|14200|15193|14568|12119|9460|6282|3507|1633|119|63|18|4|1|0|0|0|0|0|0|0,0|298|452|685|1035|1449|2001|2899|3851|4959|6114|7100|7597|7284|6059|4730|3142|1753|817|59|31|10|2|1|0|0|0|0|0|0|0,0|1173|1783|2701|4074|5680|7814|11242|14769|18697|22475|25129|25449|22608|17002|11715|6744|3243|1309|84|41|10|2|0|0|0|0|0|0|0|0,0|883|1343|2036|3073|4289|5908|8521|11236|14307|17352|19665|20321|18588|14561|10588|6513|3375|1471|101|52|14|3|1|0|0|0|0|0|0|0,1560455|1515248|1467553|1418544|1367822|1314799|1170236|1098306|951928|808322|667588|530821|400733|282090|181133|103452|57327|28180|12225|4655|290|138|36|7|2|0|0|0|0|0|0
Mexico,Car,PHEV,2045,48547,33485,16745,54663,44075,4043298.848726236,0|240|367|557|839|1175|1621|2289|3037|3905|4805|5559|5914|5630|4638|3588|2360|1307|606|76|23|9|2|0|0|0|0|0|0|0|0,0|162|247|374|565|790|1092|1542|2050|2642|3262|3794|4066|3907|3257|2552|1701|953|446|57|18|6|2|0|0|0|0|0|0|0|0,0|82|123|186|283|394|546|770|1026|1322|1630|1898|2034|1953|1629|1276|851|477|222|29|10|2|2|0|0|0|0|0|0|0|0,0|319|487|737|1110|1550|2131|2991|3929|4980|5996|6713|6811|6063|4568|3159|1825|881|358|40|10|5|0|0|0|0|0|0|0|0|0,0|241|367|555|838|1170|1612|2267|2989|3811|4629|5253|5439|4985|3913|2855|1763|917|402|49|14|5|1|0|0|0|0|0|0|0|0,425579|413249|400242|386876|373042|358582|319155|292007|253178|215122|177844|141596|107066|75504|48576|27801|15461|7629|3323|1271|140|39|12|4|1|0|0|0|0|0|0
Mexico,SUV,PHEV,2045,59337,40926,20462,66818,53874,4941809.703998733,0|295|447|679|1027|1436|1983|2797|3712|4772|5872|6794|7230|6881|5669|4385|2885|1597|739|94|29|10|4|0|0|0|0|0|0|0|0,0|198|301|457|690|966|1334|1885|2505|3229|3987|4637|4970|4775|3981|3119|2079|1165|545|70|22|8|3|0|0|0|0|0|0|0|0,0|98|151|229|346|482|666|943|1253|1615|1993|2319|2486|2387|1991|1559|1039|583|273|34|10|4|1|0|0|0|0|0|0|0|0,0|392|594|900|1357|1894|2606|3654|4804|6087|7328|8205|8325|7411|5583|3862|2232|1077|436|50|15|4|2|0|0|0|0|0|0|0|0,0|295|448|679|1023|1430|1970|2770|3655|4658|5658|6421|6647|6093|4782|3491|2155|1121|491|60|19|6|2|0|0|0|0|0|0|0|0,520152|505083|489184|472848|455941|438266|390079|356897|309440|262927|217365|173062|130858|92283|59370|33979|18897|9325|4061|1554|171|48|15|5|1|0|0|0|0|0|0
Mexico,Car,BEV,2046,176944,122165,61085,197714,159940,13203061.669214917,0|746|1136|1725|2607|3925|5455|7957|10648|13819|17189|20157|21819|21251|18101|13100|8782|5002|2420|996|65|33|10|1|0|0|0|0|0|0|0,0|501|763|1159|1754|2640|3671|5362|7186|9349|11670|13757|14999|14747|12708|9317|6329|3649|1783|740|49|24|7|1|0|0|0|0|0|0|0,0|251|381|579|878|1320|1835|2682|3594|4675|5834|6879|7499|7373|6354|4659|3165|1825|891|370|25|12|3|1|0|0|0|0|0|0|0,0|990|1507|2284|3447|5178|7168|10392|13778|17627|21451|24344|25125|22886|17828|11537|6796|3373|1430|523|31|15|4|0|0|0|0|0|0|0|0,0|746|1135|1721|2601|3909|5419|7877|10482|13488|16561|19050|20062|18816|15268|10427|6563|3511|1607|632|40|19|5|1|0|0|0|0|0|0|0,1313243|1276736|1238006|1198073|1156602|1113041|1066591|1007360|880099|754126|629372|506624|388222|278492|183361|108478|56457|28393|12719|5083|1811|107|49|13|2|1|0|0|0|0|0
Mexico,SUV,BEV,2046,216267,149315,74655,241652,195482,16137075.373484896,0|912|1388|2108|3188|4798|6667|9725|13014|16891|21008|24636|26668|25972|22123|16012|10735|6114|2958|1218|80|40|10|2|0|0|0|0|0|0|0,0|613|933|1417|2143|3227|4487|6553|8783|11427|14264|16814|18332|18024|15532|11387|7736|4459|2180|904|60|30|8|2|0|0|0|0|0|0|0,0|307|467|709|1071|1613|2243|3277|4391|5713|7132|8406|9166|9012|7766|5693|3868|2229|1090|452|30|14|4|2|0|0|0|0|0|0|0,0|1209|1840|2790|4216|6329|8760|12702|16841|21545|26217|29755|30708|27971|21789|14102|8306|4124|1747|640|38|18|5|0|0|0|0|0|0|0|0,0|911|1386|2103|3179|4778|6623|9627|12812|16486|20241|23285|24520|22997|18660|12744|8021|4292|1964|772|49|24|7|1|0|0|0|0|0|0|0,1605075|1560455|1513118|1464311|1413625|1360383|1303611|1231218|1075676|921710|769232|619208|474494|340379|224108|132584|69003|34703|15545|6213|2213|131|60|15|3|1|0|0|0|0|0
Mexico,Car,PHEV,2046,57964,40020,20010,64724,52372,4363079.955259466,0|249|378|574|869|1308|1818|2586|3462|4495|5597|6572|7124|6952|5933|4303|2896|1655|805|333|38|11|5|1|0|0|0|0|0|0|0,0|167|254|386|585|880|1224|1742|2336|3041|3800|4485|4898|4824|4165|3060|2086|1207|592|247|29|8|3|1|0|0|0|0|0|0|0,0|83|126|194|293|440|612|870|1168|1521|1900|2243|2450|2412|2083|1530|1042|603|296|123|15|4|1|1|0|0|0|0|0|0|0,0|331|503|760|1149|1726|2389|3378|4479|5733|6984|7937|8203|7487|5843|3789|2241|1117|475|175|18|5|2|0|0|0|0|0|0|0|0,0|249|379|573|867|1303|1807|2560|3407|4387|5392|6211|6551|6155|5004|3424|2163|1162|533|211|24|7|2|1|0|0|0|0|0|0|0,437748|425579|412669|399358|385534|371014|355530|327299|285990|245142|204719|164956|126571|90941|59985|35556|18543|9360|4208|1689|604|63|17|5|2|0|0|0|0|0|0
Mexico,SUV,PHEV,2046,70842,48914,24458,79105,64010,5332653.278650462,0|303|462|702|1062|1600|2222|3160|4231|5494|6840|8032|8707|8497|7252|5259|3539|2023|983|407|47|14|5|1|0|0|0|0|0|0|0,0|204|311|472|714|1076|1496|2129|2855|3717|4644|5482|5986|5896|5091|3740|2550|1476|724|302|35|10|3|1|0|0|0|0|0|0|0,0|102|155|236|358|538|748|1065|1427|1859|2322|2742|2994|2948|2545|1870|1274|738|362|150|17|6|1|1|0|0|0|0|0|0|0,0|403|614|930|1404|2109|2920|4127|5475|7007|8536|9700|10027|9151|7142|4632|2739|1364|580|214|23|5|3|0|0|0|0|0|0|0|0,0|304|463|701|1059|1592|2208|3128|4165|5362|6590|7591|8007|7523|6116|4186|2645|1420|652|258|29|7|3|1|0|0|0|0|0|0|0,535025|520152|504373|488104|471208|453461|434537|400033|349544|299617|250212|201612|154698|111150|73314|43457|22664|11439|5144|2064|739|77|21|6|2|0|0|0|0|0|0
Mexico,Car,BEV,2047,208928,144414,72208,231588,188002,14152021.914204828,0|769|1171|1780|2695|4062|6075|8919|12032|15758|19806|23514|25834|25640|22396|16788|10573|6159|3078|1330|499|30|15|5|0|0|0|0|0|0|0,0|516|787|1196|1812|2732|4090|6010|8120|10661|13447|16047|17760|17794|15723|11940|7619|4493|2268|988|373|23|11|3|1|0|0|0|0|0|0,0|258|393|598|906|1366|2046|3006|4060|5331|6723|8023|8880|8898|7861|5970|3809|2247|1134|494|187|11|5|1|1|0|0|0|0|0|0,0|1020|1553|2358|3564|5357|7983|11650|15570|20099|24717|28399|29749|27614|22058|14786|8181|4154|1817|698|238|14|7|2|0|0|0|0|0|0|0,0|768|1170|1777|2688|4044|6037|8830|11845|15380|19082|22223|23755|22704|18890|13363|7900|4324|2042|843|306|19|9|2|1|0|0|0|0|0|0,1349087|1313243|1274942|1235271|1193918|1150313|1103569|1121447|986605|852161|717657|583761|452865|329753|221250|134215|72356|34176|15663|6464|2417|818|47|21|5|1|0|0|0|0|0
Mexico,SUV,BEV,2047,255361,176507,88253,283056,229783,17296915.672917016,0|940|1432|2176|3295|4963|7427|10901|14706|19261|24207|28739|31576|31338|27372|20519|12922|7529|3762|1625|611|38|17|5|0|0|0|0|0|0|0,0|631|962|1462|2215|3339|4999|7346|9925|13030|16435|19614|21706|21748|19217|14594|9312|5492|2772|1207|456|28|13|3|1|0|0|0|0|0|0,0|315|482|730|1107|1669|2499|3674|4963|6514|8217|9806|10854|10874|9609|7298|4656|2746|1386|603|228|14|7|1|1|0|0|0|0|0|0,0|1247|1897|2882|4357|6548|9759|14239|19029|24568|30209|34710|36360|33751|26959|18071|9998|5078|2221|854|292|17|7|3|0|0|0|0|0|0|0,0|939|1429|2172|3286|4944|7379|10793|14477|18799|23322|27162|29033|27750|23088|16333|9655|5285|2496|1031|374|22|10|3|1|0|0|0|0|0|0,1648884|1605075|1558262|1509776|1459233|1405938|1348807|1370657|1205850|1041531|877137|713485|553501|403031|270416|164040|88435|41771|19143|7901|2954|1000|57|26|6|1|0|0|0|0|0
Mexico,Car,PHEV,2047,68332,47231,23611,75708,61468,4672912.898203878,0|256|390|593|898|1354|2026|2898|3911|5123|6444|7656|8423|8374|7327|5503|3473|2030|1019|442|167|19|5|1|0|0|0|0|0|0|0,0|172|262|399|604|911|1363|1953|2639|3465|4374|5225|5790|5811|5144|3914|2502|1481|750|328|125|14|4|1|0|0|0|0|0|0|0,0|86|130|199|302|455|681|977|1319|1733|2186|2613|2894|2905|2572|1958|1250|741|374|164|63|6|2|1|0|0|0|0|0|0|0,0|340|519|786|1188|1786|2662|3785|5060|6534|8041|9246|9700|9018|7216|4845|2688|1369|603|232|79|9|2|0|0|0|0|0|0|0|0,0|256|391|593|896|1349|2012|2869|3849|4999|6207|7235|7745|7414|6180|4379|2595|1425|677|280|102|11|3|1|0|0|0|0|0|0|0,449696|437748|424981|411757|397973|383438|367856|364357|320556|276912|233287|189883|147451|107508|72249|43907|23716|11225|5163|2139|803|273|27|7|2|1|0|0|0|0|0
Mexico,SUV,PHEV,2047,83505,57725,28871,92517,75122,5711337.986693629,0|312|477|725|1097|1655|2475|3542|4778|6261|7874|9357|10294|10234|8955|6726|4243|2482|1245|540|203|22|6|2|0|0|0|0|0|0|0,0|210|321|487|738|1113|1666|2387|3225|4236|5346|6386|7077|7102|6287|4783|3058|1810|917|401|152|17|5|1|0|0|0|0|0|0|0,0|106|161|243|370|557|834|1193|1613|2118|2674|3194|3539|3550|3143|2391|1530|906|459|201|76|9|3|1|0|0|0|0|0|0|0,0|415|632|961|1451|2182|3252|4627|6183|7986|9825|11300|11854|11022|8820|5924|3283|1673|735|283|97|9|2|1|0|0|0|0|0|0|0,0|313|477|724|1095|1647|2459|3507|4704|6111|7585|8843|9466|9062|7553|5353|3171|1741|826|342|125|13|4|1|0|0|0|0|0|0|0,549628|535025|519421|503259|486411|468646|449602|445325|391790|338448|285128|232079|180218|131399|88304|53664|28986|13720|6310|2614|981|334|34|9|3|1|0|0|0|0|0
Mexico,Car,BEV,2048,243661,168610,84306,267947,218279,15064839.113357931,0|791|1206|1835|2783|4197|6286|9930|13488|17807|22585|27094|30137|30360|27022|20771|13549|7414|3791|1692|667|235|14|6|1|0|0|0|0|0|0,0|531|811|1234|1871|2823|4232|6691|9103|12047|15334|18491|20717|21069|18972|14773|9764|5408|2793|1256|498|176|10|5|1|0|0|0|0|0|0,0|265|405|618|935|1411|2116|3345|4551|6023|7666|9245|10359|10535|9486|7387|4882|2704|1397|628|250|88|6|3|1|0|0|0|0|0|0,0|1049|1599|2429|3680|5537|8261|12971|17454|22713|28184|32722|34703|32697|26615|18294|10484|5001|2238|888|317|104|5|2|0|0|0|0|0|0|0,0|790|1205|1831|2775|4180|6247|9831|13279|17380|21759|25606|27710|26883|22794|16534|10124|5205|2515|1072|407|140|7|4|1|0|0|0|0|0|0,1384044|1349087|1311397|1272125|1230987|1187425|1140524|1163938|1098340|955286|810952|665648|521816|384659|261974|161948|89522|43801|18853|7960|3073|1092|356|20|9|2|0|0|0|0|0
Mexico,SUV,BEV,2048,297807,206078,103038,327491,266787,18412581.138548583,0|966|1475|2243|3401|5130|7683|12135|16486|21764|27602|33114|36834|37108|33028|25388|16561|9062|4632|2067|816|287|16|8|1|0|0|0|0|0|0,0|649|991|1508|2287|3451|5172|8178|11126|14724|18741|22600|25320|25751|23188|18056|11934|6610|3413|1535|609|215|13|6|1|0|0|0|0|0|0,0|325|495|754|1143|1725|2586|4090|5562|7362|9371|11300|12660|12875|11594|9028|5966|3306|1707|767|305|107|7|2|1|0|0|0|0|0|0,0|1281|1955|2970|4497|6767|10096|15851|21334|27760|34446|39993|42415|39964|32530|22360|12814|6111|2735|1086|389|127|6|4|0|0|0|0|0|0|0,0|965|1473|2239|3392|5109|7634|12015|16230|21242|26594|31297|33867|32857|27859|20208|12374|6361|3074|1311|499|171|10|5|1|0|0|0|0|0|0,1691610|1648884|1602819|1554820|1504540|1451297|1393974|1422591|1342416|1167572|991163|813570|637775|470139|320190|197936|109416|53534|23042|9729|3756|1334|435|24|11|3|0|0|0|0|0
Mexico,Car,PHEV,2048,79576,55069,27531,87484,71277,4970413.589390395,0|263|402|612|927|1399|2096|3226|4383|5787|7341|8814|9812|9899|8824|6794|4441|2436|1249|560|222|79|8|2|0|0|0|0|0|0|0,0|177|270|411|624|941|1411|2174|2958|3915|4984|6015|6745|6869|6195|4833|3200|1776|921|416|166|59|6|2|1|0|0|0|0|0|0,0|89|134|205|312|471|705|1086|1478|1957|2492|3007|3373|3435|3097|2417|1600|888|461|208|82|29|2|2|1|0|0|0|0|0|0,0|349|534|811|1226|1845|2754|4215|5672|7381|9162|10644|11299|10660|8692|5984|3436|1643|737|294|107|35|4|0|0|0|0|0|0|0|0,0|263|402|611|925|1393|2082|3195|4315|5648|7073|8329|9022|8764|7444|5409|3318|1709|829|355|137|47|5|1|1|0|0|0|0|0|0,461348|449696|437132|424042|410329|395808|380175|377508|356850|310380|263521|216380|169733|125244|85411|52884|29286|14357|6192|2624|1017|363|119|12|3|1|0|0|0|0|0
Mexico,SUV,PHEV,2048,97256,67303,33653,106916,87109,6074949.94258826,0|322|491|747|1133|1711|2561|3943|5357|7072|8973|10771|11993|12098|10785|8306|5428|2976|1527|684|270|96|10|2|0|0|0|0|0|0|0,0|216|330|503|762|1150|1724|2657|3615|4784|6092|7351|8244|8396|7572|5907|3912|2171|1125|508|202|72|7|2|1|0|0|0|0|0|0,0|108|166|251|382|574|862|1329|1807|2392|3046|3675|4122|4198|3786|2953|1956|1085|563|254|102|36|3|2|1|0|0|0|0|0|0,0|427|651|990|1498|2257|3365|5150|6932|9021|11197|13009|13810|13029|10622|7315|4200|2008|901|359|128|42|5|0|0|0|0|0|0|0|0,0|321|491|747|1130|1703|2544|3903|5273|6903|8644|10180|11027|10712|9097|6611|4056|2090|1013|434|165|57|6|1|1|0|0|0|0|0|0,563870|549628|534273|518273|501513|483766|464658|461399|436150|379353|322081|264465|207452|153076|104391|64636|35794|17547|7568|3207|1243|443|145|14|4|1|0|0|0|0|0
Mexico,Car,BEV,2049,280726,194472,97242,306255,250361,15934895.2629233,0|812|1240|1890|2868|4332|6497|10306|15016|19962|25520|30894|34725|35416|31997|25064|16764|9504|4563|2084|848|312|105|5|2|0|0|0|0|0|0,0|546|834|1270|1929|2914|4373|6945|10134|13504|17327|21085|23871|24578|22464|17826|12080|6931|3361|1547|634|234|79|4|2|0|0|0|0|0|0,0|274|418|634|965|1458|2187|3473|5066|6752|8663|10543|11935|12290|11232|8914|6040|3465|1681|773|318|118|39|2|2|0|0|0|0|0|0,0|1076|1644|2504|3793|5714|8537|13461|19432|25462|31847|37311|39987|38141|31514|22073|12971|6410|2694|1094|404|138|44|3|0|1|0|0|0|0|0,0|811|1239|1887|2861|4314|6455|10203|14783|19483|24587|29198|31929|31359|26989|19949|12525|6670|3027|1320|519|186|61|4|1|1|0|0|0|0|0,1417900|1384044|1347191|1308501|1267714|1224293|1177321|1205872|1139957|1063475|909089|752181|595014|443226|305595|191757|108020|54192|24162|9582|3784|1388|475|151|8|4|1|0|0|0|0
Mexico,SUV,BEV,2049,343106,237687,118849,374316,306005,19475983.09912848,0|993|1517|2310|3506|5295|7941|12596|18352|24397|31191|37759|42442|43286|39106|30633|20489|11614|5577|2545|1038|382|128|7|2|0|0|0|0|0|0,0|667|1019|1553|2357|3562|5345|8488|12386|16505|21177|25770|29176|30039|27456|21787|14765|8471|4108|1890|775|287|96|5|2|1|0|0|0|0|0,0|333|509|777|1179|1782|2673|4244|6194|8253|10589|12886|14588|15019|13728|10893|7383|4235|2054|946|387|143|48|3|2|1|0|0|0|0|0,0|1317|2011|3059|4636|6984|10434|16453|23748|31120|38924|45603|48873|46619|38517|26980|15853|7834|3293|1336|495|170|54|3|0|0|0|0|0|0|0,0|992|1515|2306|3496|5273|7889|12471|18067|23813|30051|35687|39025|38329|32987|24384|15309|8153|3700|1613|635|229|75|4|1|1|0|0|0|0|0,1732989|1691610|1646567|1599279|1549428|1496358|1438947|1473843|1393280|1299803|1111109|919332|727239|541720|373505|234369|132025|66235|29531|11711|4625|1696|581|185|10|4|1|0|0|0|0
Mexico,Car,PHEV,2049,91575,63440,31718,99883,81659,5253379.479003208,0|271|414|630|956|1445|2166|3342|4879|6486|8293|10043|11295|11531|10432|8185|5484|3115|1498|687|281|104|34|4|0|0|0|0|0|0|0,0|182|278|423|643|971|1458|2252|3293|4388|5630|6854|7765|8002|7324|5821|3952|2272|1104|510|210|78|26|3|1|0|0|0|0|0|0,0|90|138|211|321|485|730|1126|1647|2194|2814|3426|3883|4002|3662|2911|1976|1136|552|254|106|38|14|1|1|0|0|0|0|0|0,0|360|549|835|1265|1906|2845|4366|6312|8273|10350|12130|13006|12418|10274|7208|4243|2101|885|361|133|47|14|2|0|0|0|0|0|0|0,0|271|413|629|954|1438|2151|3309|4802|6330|7990|9492|10386|10210|8799|6514|4097|2187|995|435|171|63|20|2|1|0|0|0|0|0|0,472633|461348|449064|436167|422571|408098|392440|390415|369730|345522|295370|244423|193419|144170|99501|62518|35274|17728|7919|3147|1247|459|158|50|5|1|0|0|0|0|0
Mexico,SUV,PHEV,2049,111921,77537,38767,122077,99810,6420797.141003921,0|331|506|771|1168|1765|2647|4085|5963|7927|10135|12274|13805|14093|12749|10004|6703|3807|1831|839|343|127|43|5|0|0|0|0|0|0|0,0|222|340|518|786|1187|1782|2753|4024|5363|6882|8377|9490|9781|8951|7115|4830|2777|1349|623|256|95|32|3|1|0|0|0|0|0|0,0|110|170|258|394|593|890|1377|2012|2681|3442|4189|4746|4891|4475|3557|2414|1389|675|311|128|47|16|1|1|0|0|0|0|0|0,0|440|670|1021|1544|2329|3479|5336|7716|10111|12647|14824|15896|15178|12558|8811|5187|2567|1081|441|164|57|18|2|0|0|0|0|0|0|0,0|331|505|769|1165|1758|2631|4045|5870|7737|9765|11601|12693|12480|10755|7963|5009|2672|1215|532|210|76|25|2|1|0|0|0|0|0|0,577663|563870|548856|533093|516476|498786|479649|477174|451892|422305|361008|298739|236401|176208|121612|76411|43112|21668|9679|3846|1525|561|193|62|6|2|0|0|0|0|0
Mexico,Car,BEV,2050,319558,221619,110813,345848,283733,16756537.767906103,0|833|1274|1944|2954|4467|6707|10678|15585|22222|28608|34910|39597|40807|37324|29678|20228|11758|5848|2508|1045|396|140|45|2|0|0|0|0|0|0,0|560|857|1307|1986|3005|4515|7195|10518|15034|19424|23825|27219|28320|26204|21107|14577|8576|4308|1862|780|298|105|34|2|1|0|0|0|0|0,0|280|429|653|994|1503|2257|3597|5258|7518|9712|11913|13609|14160|13102|10553|7289|4288|2154|930|390|150|53|18|2|1|0|0|0|0|0,0|1105|1689|2575|3906|5892|8813|13947|20168|28344|35701|42162|45597|43949|36762|26138|15651|7930|3453|1317|499|175|58|17|0|0|0|0|0|0|0,0|833|1273|1941|2946|4448|6664|10571|15343|21689|27563|32993|36408|36135|31483|23622|15114|8253|3880|1589|640|237|81|25|1|1|0|0|0|0|0,1450440|1417900|1382099|1344215|1303963|1260820|1213875|1246999|1181026|1103770|1012046|843207|672364|505400|352123|223686|127903|65390|29894|12280|4555|1709|604|202|63|3|1|0|0|0|0
Mexico,SUV,BEV,2050,390570,270864,135434,422707,346788,20480212.82744079,0|1018|1558|2375|3610|5459|8198|13051|19048|27161|34966|42668|48396|49876|45618|36273|24723|14370|7146|3064|1277|486|171|55|2|1|0|0|0|0|0,0|684|1047|1597|2428|3673|5518|8794|12855|18375|23740|29120|33268|34613|32027|25798|17816|10481|5265|2275|954|364|128|41|2|1|0|0|0|0|0,0|342|523|799|1214|1837|2758|4398|6427|9187|11870|14560|16634|17307|16013|12898|8908|5241|2633|1137|478|182|64|21|2|1|0|0|0|0|0,0|1351|2065|3146|4775|7201|10772|17045|24649|34645|43635|51532|55729|53715|44931|31947|19130|9692|4220|1609|608|216|72|22|0|0|0|0|0|0|0,0|1018|1556|2372|3602|5437|8145|12919|18752|26510|33688|40326|44498|44164|38479|28873|18473|10087|4743|1942|781|290|100|31|1|1|0|0|0|0|0,1772760|1732989|1689232|1642930|1593732|1541002|1483625|1524109|1443476|1349053|1236946|1030586|821778|617711|430373|273394|156326|79921|36537|15009|5567|2089|739|246|77|4|2|0|0|0|0
Mexico,Car,PHEV,2050,104137,72220,36108,112689,92456,5519931.389186751,0|278|425|648|985|1488|2235|3457|5056|7220|9296|11345|12872|13273|12153|9675|6606|3846|1917|824|344|132|46|15|1|0|0|0|0|0|0,0|187|286|436|662|1002|1505|2329|3411|4884|6311|7742|8848|9212|8532|6882|4760|2805|1412|611|257|99|35|11|1|0|0|0|0|0|0,0|93|142|218|330|502|753|1165|1705|2442|3155|3870|4424|4606|4266|3442|2380|1403|706|305|129|49|17|5|1|0|0|0|0|0|0,0|369|564|858|1303|1963|2937|4515|6542|9210|11600|13702|14822|14295|11969|8520|5111|2594|1132|433|164|59|20|7|0|0|0|0|0|0|0,0|278|425|647|983|1483|2221|3422|4976|7047|8955|10722|11835|11754|10250|7701|4935|2700|1272|522|211|79|28|9|1|0|0|0|0|0|0,483480|472633|460700|448072|434654|420273|404625|403002|382371|357993|328813|273965|218486|164289|114537|72832|41700|21353|9779|4025|1496|563|200|67|21|2|1|0|0|0|0
Mexico,SUV,PHEV,2050,127275,88268,44134,137728,112999,6746582.809006028,0|339|520|792|1203|1819|2733|4225|6178|8824|11360|13865|15733|16224|14854|11826|8073|4700|2343|1007|420|161|56|19|1|0|0|0|0|0|0,0|228|349|532|809|1224|1839|2847|4169|5970|7713|9463|10814|11259|10428|8411|5818|3429|1726|747|314|121|43|14|1|0|0|0|0|0|0,0|114|175|266|405|612|919|1423|2085|2986|3857|4731|5406|5629|5214|4205|2910|1715|862|373|158|61|21|6|1|0|0|0|0|0|0,0|450|688|1049|1591|2401|3591|5519|7994|11255|14177|16746|18117|17473|14629|10416|6246|3170|1384|529|200|71|24|8|0|0|0|0|0|0|0,0|339|518|790|1200|1813|2715|4183|6081|8613|10945|13105|14465|14366|12528|9414|6032|3300|1555|638|257|96|34|11|1|0|0|0|0|0|0,590920|577663|563077|547643|531244|513667|494542|492558|467342|437547|401882|334846|267039|200797|139989|89016|50967|26098|11953|4919|1828|689|244|82|26|2|1|0|0|0|0
