State,Sale Year,Propulsion,Global Segment,Sales
Alabama,2014,BEV,Car,98.27327863003924
Alabama,2014,BEV,SUV,15.722440242597218
Alabama,2014,PHEV,Car,163.9027559055118
Alabama,2014,PHEV,SUV,32.54173228346457
Alaska,2014,BEV,Car,39.3093114520157
Alaska,2014,BEV,SUV,6.288976097038887
Alaska,2014,PHEV,Car,36.42283464566929
Alaska,2014,PHEV,SUV,7.231496062992126
Arizona,2014,BEV,Car,923.768819122369
Arizona,2014,BEV,SUV,147.79093828041385
Arizona,2014,PHEV,Car,801.3023622047244
Arizona,2014,PHEV,SUV,159.09291338582676
Arkansas,2014,BEV,Car,39.3093114520157
Arkansas,2014,BEV,SUV,6.288976097038887
Arkansas,2014,PHEV,Car,91.05708661417323
Arkansas,2014,PHEV,SUV,18.078740157480315
California,2014,BEV,Car,27811.337852301105
California,2014,BEV,SUV,4449.450588655012
California,2014,PHEV,Car,21252.72401574803
California,2014,PHEV,SUV,4219.577952755905
Colorado,2014,BEV,Car,1041.696753478416
Colorado,2014,BEV,SUV,166.65786657153052
Colorado,2014,PHEV,Car,692.0338582677165
Colorado,2014,PHEV,SUV,137.39842519685038
Connecticut,2014,BEV,Car,393.093114520157
Connecticut,2014,BEV,SUV,62.88976097038887
Connecticut,2014,PHEV,Car,509.91968503937005
Connecticut,2014,PHEV,SUV,101.24094488188976
Delaware,2014,BEV,Car,58.963967178023545
Delaware,2014,BEV,SUV,9.43346414555833
Delaware,2014,PHEV,Car,127.47992125984251
Delaware,2014,PHEV,SUV,25.31023622047244
District of Columbia,2014,BEV,Car,117.92793435604709
District of Columbia,2014,BEV,SUV,18.86692829111666
District of Columbia,2014,PHEV,Car,91.05708661417323
District of Columbia,2014,PHEV,SUV,18.078740157480315
Florida,2014,BEV,Car,2279.9400642169107
Florida,2014,BEV,SUV,364.76061362825544
Florida,2014,PHEV,Car,1839.3531496062994
Florida,2014,PHEV,SUV,365.19055118110236
Georgia,2014,BEV,Car,3537.8380306814124
Georgia,2014,BEV,SUV,566.0078487334998
Georgia,2014,PHEV,Car,728.4566929133858
Georgia,2014,PHEV,SUV,144.62992125984252
Hawaii,2014,BEV,Car,825.4955404923296
Hawaii,2014,BEV,SUV,132.06849803781662
Hawaii,2014,PHEV,Car,218.53700787401576
Hawaii,2014,PHEV,SUV,43.38897637795276
Idaho,2014,BEV,Car,78.6186229040314
Idaho,2014,BEV,SUV,12.577952194077774
Idaho,2014,PHEV,Car,109.26850393700788
Idaho,2014,PHEV,SUV,21.69448818897638
Illinois,2014,BEV,Car,1139.9700321084554
Illinois,2014,BEV,SUV,182.38030681412772
Illinois,2014,PHEV,Car,1092.6850393700788
Illinois,2014,PHEV,SUV,216.94488188976376
Indiana,2014,BEV,Car,255.510524438102
Indiana,2014,BEV,SUV,40.878344630752764
Indiana,2014,PHEV,Car,437.0740157480315
Indiana,2014,PHEV,SUV,86.77795275590552
Iowa,2014,BEV,Car,78.6186229040314
Iowa,2014,BEV,SUV,12.577952194077774
Iowa,2014,PHEV,Car,218.53700787401576
Iowa,2014,PHEV,SUV,43.38897637795276
Kansas,2014,BEV,Car,117.92793435604709
Kansas,2014,BEV,SUV,18.86692829111666
Kansas,2014,PHEV,Car,182.11417322834646
Kansas,2014,PHEV,SUV,36.15748031496063
Kentucky,2014,BEV,Car,98.27327863003924
Kentucky,2014,BEV,SUV,15.722440242597218
Kentucky,2014,PHEV,Car,163.9027559055118
Kentucky,2014,PHEV,SUV,32.54173228346457
Louisiana,2014,BEV,Car,78.6186229040314
Louisiana,2014,BEV,SUV,12.577952194077774
Louisiana,2014,PHEV,Car,91.05708661417323
Louisiana,2014,PHEV,SUV,18.078740157480315
Maine,2014,BEV,Car,58.963967178023545
Maine,2014,BEV,SUV,9.43346414555833
Maine,2014,PHEV,Car,182.11417322834646
Maine,2014,PHEV,SUV,36.15748031496063
Maryland,2014,BEV,Car,628.9489832322512
Maryland,2014,BEV,SUV,100.62361755262219
Maryland,2014,PHEV,Car,910.5708661417323
Maryland,2014,PHEV,SUV,180.78740157480314
Massachusetts,2014,BEV,Car,707.5676061362826
Massachusetts,2014,BEV,SUV,113.20156974669997
Massachusetts,2014,PHEV,Car,946.9937007874015
Massachusetts,2014,PHEV,SUV,188.01889763779528
Michigan,2014,BEV,Car,314.4744916161256
Michigan,2014,BEV,SUV,50.311808776311096
Michigan,2014,PHEV,Car,2112.524409448819
Michigan,2014,PHEV,SUV,419.4267716535433
Minnesota,2014,BEV,Car,314.4744916161256
Minnesota,2014,BEV,SUV,50.311808776311096
Minnesota,2014,PHEV,Car,437.0740157480315
Minnesota,2014,PHEV,SUV,86.77795275590552
Mississippi,2014,BEV,Car,19.65465572600785
Mississippi,2014,BEV,SUV,3.1444880485194435
Mississippi,2014,PHEV,Car,36.42283464566929
Mississippi,2014,PHEV,SUV,7.231496062992126
Missouri,2014,BEV,Car,275.1651801641099
Missouri,2014,BEV,SUV,44.02283267927221
Missouri,2014,PHEV,Car,382.43976377952754
Missouri,2014,PHEV,SUV,75.93070866141733
Montana,2014,BEV,Car,39.3093114520157
Montana,2014,BEV,SUV,6.288976097038887
Montana,2014,PHEV,Car,36.42283464566929
Montana,2014,PHEV,SUV,7.231496062992126
Nebraska,2014,BEV,Car,58.963967178023545
Nebraska,2014,BEV,SUV,9.43346414555833
Nebraska,2014,PHEV,Car,109.26850393700788
Nebraska,2014,PHEV,SUV,21.69448818897638
Nevada,2014,BEV,Car,393.093114520157
Nevada,2014,BEV,SUV,62.88976097038887
Nevada,2014,PHEV,Car,254.95984251968503
Nevada,2014,PHEV,SUV,50.62047244094488
New Hampshire,2014,BEV,Car,78.6186229040314
New Hampshire,2014,BEV,SUV,12.577952194077774
New Hampshire,2014,PHEV,Car,182.11417322834646
New Hampshire,2014,PHEV,SUV,36.15748031496063
New Jersey,2014,BEV,Car,825.4955404923296
New Jersey,2014,BEV,SUV,132.06849803781662
New Jersey,2014,PHEV,Car,1001.6279527559055
New Jersey,2014,PHEV,SUV,198.86614173228347
New Mexico,2014,BEV,Car,98.27327863003924
New Mexico,2014,BEV,SUV,15.722440242597218
New Mexico,2014,PHEV,Car,109.26850393700788
New Mexico,2014,PHEV,SUV,21.69448818897638
New York,2014,BEV,Car,1198.9339992864786
New York,2014,BEV,SUV,191.81377095968602
New York,2014,PHEV,Car,2203.5814960629923
New York,2014,PHEV,SUV,437.50551181102367
North Carolina,2014,BEV,Car,569.9850160542277
North Carolina,2014,BEV,SUV,91.19015340706386
North Carolina,2014,PHEV,Car,655.6110236220472
North Carolina,2014,PHEV,SUV,130.16692913385828
North Dakota,2014,BEV,Car,0
North Dakota,2014,BEV,SUV,0
North Dakota,2014,PHEV,Car,18.211417322834645
North Dakota,2014,PHEV,SUV,3.615748031496063
Ohio,2014,BEV,Car,511.021048876204
Ohio,2014,BEV,SUV,81.75668926150553
Ohio,2014,PHEV,Car,801.3023622047244
Ohio,2014,PHEV,SUV,159.09291338582676
Oklahoma,2014,BEV,Car,117.92793435604709
Oklahoma,2014,BEV,SUV,18.86692829111666
Oklahoma,2014,PHEV,Car,127.47992125984251
Oklahoma,2014,PHEV,SUV,25.31023622047244
Oregon,2014,BEV,Car,1513.4084909026042
Oregon,2014,BEV,SUV,242.12557973599712
Oregon,2014,PHEV,Car,783.0909448818898
Oregon,2014,PHEV,SUV,155.4771653543307
Pennsylvania,2014,BEV,Car,628.9489832322512
Pennsylvania,2014,BEV,SUV,100.62361755262219
Pennsylvania,2014,PHEV,Car,983.4165354330709
Pennsylvania,2014,PHEV,SUV,195.2503937007874
Rhode Island,2014,BEV,Car,58.963967178023545
Rhode Island,2014,BEV,SUV,9.43346414555833
Rhode Island,2014,PHEV,Car,109.26850393700788
Rhode Island,2014,PHEV,SUV,21.69448818897638
South Carolina,2014,BEV,Car,157.2372458080628
South Carolina,2014,BEV,SUV,25.155904388155548
South Carolina,2014,PHEV,Car,218.53700787401576
South Carolina,2014,PHEV,SUV,43.38897637795276
South Dakota,2014,BEV,Car,19.65465572600785
South Dakota,2014,BEV,SUV,3.1444880485194435
South Dakota,2014,PHEV,Car,36.42283464566929
South Dakota,2014,PHEV,SUV,7.231496062992126
Tennessee,2014,BEV,Car,511.021048876204
Tennessee,2014,BEV,SUV,81.75668926150553
Tennessee,2014,PHEV,Car,309.594094488189
Tennessee,2014,PHEV,SUV,61.46771653543307
Texas,2014,BEV,Car,2338.904031394934
Texas,2014,BEV,SUV,374.1940777738138
Texas,2014,PHEV,Car,1456.9133858267717
Texas,2014,PHEV,SUV,289.25984251968504
Utah,2014,BEV,Car,491.3663931501962
Utah,2014,BEV,SUV,78.61220121298608
Utah,2014,PHEV,Car,309.594094488189
Utah,2014,PHEV,SUV,61.46771653543307
Vermont,2014,BEV,Car,58.963967178023545
Vermont,2014,BEV,SUV,9.43346414555833
Vermont,2014,PHEV,Car,218.53700787401576
Vermont,2014,PHEV,SUV,43.38897637795276
Virginia,2014,BEV,Car,609.2943275062433
Virginia,2014,BEV,SUV,97.47912950410274
Virginia,2014,PHEV,Car,764.8795275590551
Virginia,2014,PHEV,SUV,151.86141732283465
Washington,2014,BEV,Car,2928.5437031751694
Washington,2014,BEV,SUV,468.5287192293971
Washington,2014,PHEV,Car,1165.5307086614173
Washington,2014,PHEV,SUV,231.40787401574804
West Virginia,2014,BEV,Car,19.65465572600785
West Virginia,2014,BEV,SUV,3.1444880485194435
West Virginia,2014,PHEV,Car,54.63425196850394
West Virginia,2014,PHEV,SUV,10.84724409448819
Wisconsin,2014,BEV,Car,511.021048876204
Wisconsin,2014,BEV,SUV,81.75668926150553
Wisconsin,2014,PHEV,Car,473.49685039370075
Wisconsin,2014,PHEV,SUV,94.00944881889764
Wyoming,2014,BEV,Car,19.65465572600785
Wyoming,2014,BEV,SUV,3.1444880485194435
Wyoming,2014,PHEV,Car,18.211417322834645
Wyoming,2014,PHEV,SUV,3.615748031496063
Alabama,2015,BEV,Car,102.60970388869069
Alabama,2015,BEV,SUV,25.290759900107027
Alabama,2015,PHEV,Car,110.39527559055118
Alabama,2015,PHEV,SUV,45.68031496062992
Alaska,2015,BEV,Car,41.043881555476275
Alaska,2015,BEV,SUV,10.116303960042812
Alaska,2015,PHEV,Car,24.53228346456693
Alaska,2015,PHEV,SUV,10.151181102362205
Arizona,2015,BEV,Car,964.5312165536926
Arizona,2015,BEV,SUV,237.73314306100607
Arizona,2015,PHEV,Car,539.7102362204724
Arizona,2015,PHEV,SUV,223.3259842519685
Arkansas,2015,BEV,Car,41.043881555476275
Arkansas,2015,BEV,SUV,10.116303960042812
Arkansas,2015,PHEV,Car,61.33070866141732
Arkansas,2015,PHEV,SUV,25.37795275590551
California,2015,BEV,Car,29038.546200499462
California,2015,BEV,SUV,7157.285051730289
California,2015,PHEV,Car,14314.587401574803
California,2015,PHEV,SUV,5923.214173228346
Colorado,2015,BEV,Car,1087.6628612201214
Colorado,2015,BEV,SUV,268.0820549411345
Colorado,2015,PHEV,Car,466.11338582677166
Colorado,2015,PHEV,SUV,192.87244094488187
Connecticut,2015,BEV,Car,410.43881555476275
Connecticut,2015,BEV,SUV,101.1630396004281
Connecticut,2015,PHEV,Car,343.451968503937
Connecticut,2015,PHEV,SUV,142.11653543307085
Delaware,2015,BEV,Car,61.56582233321441
Delaware,2015,BEV,SUV,15.174455940064217
Delaware,2015,PHEV,Car,85.86299212598425
Delaware,2015,PHEV,SUV,35.52913385826771
District of Columbia,2015,BEV,Car,123.13164466642883
District of Columbia,2015,BEV,SUV,30.348911880128433
District of Columbia,2015,PHEV,Car,61.33070866141732
District of Columbia,2015,PHEV,SUV,25.37795275590551
Florida,2015,BEV,Car,2380.545130217624
Florida,2015,BEV,SUV,586.7456296824831
Florida,2015,PHEV,Car,1238.88031496063
Florida,2015,PHEV,SUV,512.6346456692913
Georgia,2015,BEV,Car,3693.9493399928647
Georgia,2015,BEV,SUV,910.4673564038529
Georgia,2015,PHEV,Car,490.64566929133855
Georgia,2015,PHEV,SUV,203.0236220472441
Hawaii,2015,BEV,Car,861.9215126650017
Hawaii,2015,BEV,SUV,212.44238316089903
Hawaii,2015,PHEV,Car,147.19370078740158
Hawaii,2015,PHEV,SUV,60.90708661417323
Idaho,2015,BEV,Car,82.08776311095255
Idaho,2015,BEV,SUV,20.232607920085623
Idaho,2015,PHEV,Car,73.59685039370079
Idaho,2015,PHEV,SUV,30.453543307086615
Illinois,2015,BEV,Car,1190.272565108812
Illinois,2015,BEV,SUV,293.37281484124156
Illinois,2015,PHEV,Car,735.9685039370079
Illinois,2015,PHEV,SUV,304.53543307086613
Indiana,2015,BEV,Car,266.78523011059576
Indiana,2015,BEV,SUV,65.75597574027827
Indiana,2015,PHEV,Car,294.38740157480316
Indiana,2015,PHEV,SUV,121.81417322834646
Iowa,2015,BEV,Car,82.08776311095255
Iowa,2015,BEV,SUV,20.232607920085623
Iowa,2015,PHEV,Car,147.19370078740158
Iowa,2015,PHEV,SUV,60.90708661417323
Kansas,2015,BEV,Car,123.13164466642883
Kansas,2015,BEV,SUV,30.348911880128433
Kansas,2015,PHEV,Car,122.66141732283464
Kansas,2015,PHEV,SUV,50.75590551181102
Kentucky,2015,BEV,Car,102.60970388869069
Kentucky,2015,BEV,SUV,25.290759900107027
Kentucky,2015,PHEV,Car,110.39527559055118
Kentucky,2015,PHEV,SUV,45.68031496062992
Louisiana,2015,BEV,Car,82.08776311095255
Louisiana,2015,BEV,SUV,20.232607920085623
Louisiana,2015,PHEV,Car,61.33070866141732
Louisiana,2015,PHEV,SUV,25.37795275590551
Maine,2015,BEV,Car,61.56582233321441
Maine,2015,BEV,SUV,15.174455940064217
Maine,2015,PHEV,Car,122.66141732283464
Maine,2015,PHEV,SUV,50.75590551181102
Maryland,2015,BEV,Car,656.7021048876204
Maryland,2015,BEV,SUV,161.860863360685
Maryland,2015,PHEV,Car,613.3070866141733
Maryland,2015,PHEV,SUV,253.7795275590551
Massachusetts,2015,BEV,Car,738.789867998573
Massachusetts,2015,BEV,SUV,182.09347128077061
Massachusetts,2015,PHEV,Car,637.8393700787401
Massachusetts,2015,PHEV,SUV,263.9307086614173
Michigan,2015,BEV,Car,328.3510524438102
Michigan,2015,BEV,SUV,80.9304316803425
Michigan,2015,PHEV,Car,1422.8724409448819
Michigan,2015,PHEV,SUV,588.7685039370078
Minnesota,2015,BEV,Car,328.3510524438102
Minnesota,2015,BEV,SUV,80.9304316803425
Minnesota,2015,PHEV,Car,294.38740157480316
Minnesota,2015,PHEV,SUV,121.81417322834646
Mississippi,2015,BEV,Car,20.521940777738138
Mississippi,2015,BEV,SUV,5.058151980021406
Mississippi,2015,PHEV,Car,24.53228346456693
Mississippi,2015,PHEV,SUV,10.151181102362205
Missouri,2015,BEV,Car,287.30717088833393
Missouri,2015,BEV,SUV,70.81412772029968
Missouri,2015,PHEV,Car,257.58897637795275
Missouri,2015,PHEV,SUV,106.58740157480315
Montana,2015,BEV,Car,41.043881555476275
Montana,2015,BEV,SUV,10.116303960042812
Montana,2015,PHEV,Car,24.53228346456693
Montana,2015,PHEV,SUV,10.151181102362205
Nebraska,2015,BEV,Car,61.56582233321441
Nebraska,2015,BEV,SUV,15.174455940064217
Nebraska,2015,PHEV,Car,73.59685039370079
Nebraska,2015,PHEV,SUV,30.453543307086615
Nevada,2015,BEV,Car,410.43881555476275
Nevada,2015,BEV,SUV,101.1630396004281
Nevada,2015,PHEV,Car,171.7259842519685
Nevada,2015,PHEV,SUV,71.05826771653543
New Hampshire,2015,BEV,Car,82.08776311095255
New Hampshire,2015,BEV,SUV,20.232607920085623
New Hampshire,2015,PHEV,Car,122.66141732283464
New Hampshire,2015,PHEV,SUV,50.75590551181102
New Jersey,2015,BEV,Car,861.9215126650017
New Jersey,2015,BEV,SUV,212.44238316089903
New Jersey,2015,PHEV,Car,674.6377952755905
New Jersey,2015,PHEV,SUV,279.15748031496065
New Mexico,2015,BEV,Car,102.60970388869069
New Mexico,2015,BEV,SUV,25.290759900107027
New Mexico,2015,PHEV,Car,73.59685039370079
New Mexico,2015,PHEV,SUV,30.453543307086615
New York,2015,BEV,Car,1251.8383874420263
New York,2015,BEV,SUV,308.5472707813057
New York,2015,PHEV,Car,1484.2031496062993
New York,2015,PHEV,SUV,614.1464566929134
North Carolina,2015,BEV,Car,595.136282554406
North Carolina,2015,BEV,SUV,146.68640742062078
North Carolina,2015,PHEV,Car,441.5811023622047
North Carolina,2015,PHEV,SUV,182.7212598425197
North Dakota,2015,BEV,Car,0
North Dakota,2015,BEV,SUV,0
North Dakota,2015,PHEV,Car,12.266141732283465
North Dakota,2015,PHEV,SUV,5.075590551181103
Ohio,2015,BEV,Car,533.5704602211915
Ohio,2015,BEV,SUV,131.51195148055655
Ohio,2015,PHEV,Car,539.7102362204724
Ohio,2015,PHEV,SUV,223.3259842519685
Oklahoma,2015,BEV,Car,123.13164466642883
Oklahoma,2015,BEV,SUV,30.348911880128433
Oklahoma,2015,PHEV,Car,85.86299212598425
Oklahoma,2015,PHEV,SUV,35.52913385826771
Oregon,2015,BEV,Car,1580.1894398858365
Oregon,2015,BEV,SUV,389.4777024616482
Oregon,2015,PHEV,Car,527.444094488189
Oregon,2015,PHEV,SUV,218.25039370078738
Pennsylvania,2015,BEV,Car,656.7021048876204
Pennsylvania,2015,BEV,SUV,161.860863360685
Pennsylvania,2015,PHEV,Car,662.371653543307
Pennsylvania,2015,PHEV,SUV,274.08188976377954
Rhode Island,2015,BEV,Car,61.56582233321441
Rhode Island,2015,BEV,SUV,15.174455940064217
Rhode Island,2015,PHEV,Car,73.59685039370079
Rhode Island,2015,PHEV,SUV,30.453543307086615
South Carolina,2015,BEV,Car,164.1755262219051
South Carolina,2015,BEV,SUV,40.46521584017125
South Carolina,2015,PHEV,Car,147.19370078740158
South Carolina,2015,PHEV,SUV,60.90708661417323
South Dakota,2015,BEV,Car,20.521940777738138
South Dakota,2015,BEV,SUV,5.058151980021406
South Dakota,2015,PHEV,Car,24.53228346456693
South Dakota,2015,PHEV,SUV,10.151181102362205
Tennessee,2015,BEV,Car,533.5704602211915
Tennessee,2015,BEV,SUV,131.51195148055655
Tennessee,2015,PHEV,Car,208.5244094488189
Tennessee,2015,PHEV,SUV,86.28503937007874
Texas,2015,BEV,Car,2442.110952550838
Texas,2015,BEV,SUV,601.9200856225473
Texas,2015,PHEV,Car,981.2913385826771
Texas,2015,PHEV,SUV,406.0472440944882
Utah,2015,BEV,Car,513.0485194434534
Utah,2015,BEV,SUV,126.45379950053514
Utah,2015,PHEV,Car,208.5244094488189
Utah,2015,PHEV,SUV,86.28503937007874
Vermont,2015,BEV,Car,61.56582233321441
Vermont,2015,BEV,SUV,15.174455940064217
Vermont,2015,PHEV,Car,147.19370078740158
Vermont,2015,PHEV,SUV,60.90708661417323
Virginia,2015,BEV,Car,636.1801641098823
Virginia,2015,BEV,SUV,156.80271138066357
Virginia,2015,PHEV,Car,515.1779527559055
Virginia,2015,PHEV,SUV,213.1748031496063
Washington,2015,BEV,Car,3057.769175882983
Washington,2015,BEV,SUV,753.6646450231895
Washington,2015,PHEV,Car,785.0330708661418
Washington,2015,PHEV,SUV,324.83779527559057
West Virginia,2015,BEV,Car,20.521940777738138
West Virginia,2015,BEV,SUV,5.058151980021406
West Virginia,2015,PHEV,Car,36.798425196850395
West Virginia,2015,PHEV,SUV,15.226771653543308
Wisconsin,2015,BEV,Car,533.5704602211915
Wisconsin,2015,BEV,SUV,131.51195148055655
Wisconsin,2015,PHEV,Car,318.91968503937005
Wisconsin,2015,PHEV,SUV,131.96535433070866
Wyoming,2015,BEV,Car,20.521940777738138
Wyoming,2015,BEV,SUV,5.058151980021406
Wyoming,2015,PHEV,Car,12.266141732283465
Wyoming,2015,PHEV,SUV,5.075590551181103
Alabama,2016,BEV,Car,98.95290759900107
Alabama,2016,BEV,SUV,51.35033892258294
Alabama,2016,PHEV,Car,188.0503937007874
Alabama,2016,PHEV,SUV,70.52598425196851
Alaska,2016,BEV,Car,39.581163039600426
Alaska,2016,BEV,SUV,20.54013556903318
Alaska,2016,PHEV,Car,41.78897637795276
Alaska,2016,PHEV,SUV,15.67244094488189
Arizona,2016,BEV,Car,930.1573314306102
Arizona,2016,BEV,SUV,482.69318587227974
Arizona,2016,PHEV,Car,919.3574803149606
Arizona,2016,PHEV,SUV,344.7937007874016
Arkansas,2016,BEV,Car,39.581163039600426
Arkansas,2016,BEV,SUV,20.54013556903318
Arkansas,2016,PHEV,Car,104.47244094488188
Arkansas,2016,PHEV,SUV,39.181102362204726
California,2016,BEV,Car,28003.6728505173
California,2016,BEV,SUV,14532.145915090972
California,2016,PHEV,Car,24383.86771653543
California,2016,PHEV,SUV,9144.869291338582
Colorado,2016,BEV,Car,1048.9008205494113
Colorado,2016,BEV,SUV,544.3135925793792
Colorado,2016,PHEV,Car,793.9905511811023
Colorado,2016,PHEV,SUV,297.7763779527559
Connecticut,2016,BEV,Car,395.81163039600426
Connecticut,2016,BEV,SUV,205.40135569033177
Connecticut,2016,PHEV,Car,585.0456692913385
Connecticut,2016,PHEV,SUV,219.41417322834644
Delaware,2016,BEV,Car,59.37174455940064
Delaware,2016,BEV,SUV,30.810203353549767
Delaware,2016,PHEV,Car,146.26141732283463
Delaware,2016,PHEV,SUV,54.85354330708661
District of Columbia,2016,BEV,Car,118.74348911880128
District of Columbia,2016,BEV,SUV,61.620406707099534
District of Columbia,2016,PHEV,Car,104.47244094488188
District of Columbia,2016,PHEV,SUV,39.181102362204726
Florida,2016,BEV,Car,2295.707456296825
Florida,2016,BEV,SUV,1191.3278630039244
Florida,2016,PHEV,Car,2110.3433070866145
Florida,2016,PHEV,SUV,791.4582677165355
Georgia,2016,BEV,Car,3562.3046735640382
Georgia,2016,BEV,SUV,1848.6122012129858
Georgia,2016,PHEV,Car,835.779527559055
Georgia,2016,PHEV,SUV,313.4488188976378
Hawaii,2016,BEV,Car,831.2044238316089
Hawaii,2016,BEV,SUV,431.3428469496967
Hawaii,2016,PHEV,Car,250.73385826771653
Hawaii,2016,PHEV,SUV,94.03464566929134
Idaho,2016,BEV,Car,79.16232607920085
Idaho,2016,BEV,SUV,41.08027113806636
Idaho,2016,PHEV,Car,125.36692913385826
Idaho,2016,PHEV,SUV,47.01732283464567
Illinois,2016,BEV,Car,1147.8537281484125
Illinois,2016,BEV,SUV,595.6639315019622
Illinois,2016,PHEV,Car,1253.6692913385828
Illinois,2016,PHEV,SUV,470.1732283464567
Indiana,2016,BEV,Car,257.27755975740274
Indiana,2016,BEV,SUV,133.51088119871565
Indiana,2016,PHEV,Car,501.46771653543306
Indiana,2016,PHEV,SUV,188.06929133858267
Iowa,2016,BEV,Car,79.16232607920085
Iowa,2016,BEV,SUV,41.08027113806636
Iowa,2016,PHEV,Car,250.73385826771653
Iowa,2016,PHEV,SUV,94.03464566929134
Kansas,2016,BEV,Car,118.74348911880128
Kansas,2016,BEV,SUV,61.620406707099534
Kansas,2016,PHEV,Car,208.94488188976376
Kansas,2016,PHEV,SUV,78.36220472440945
Kentucky,2016,BEV,Car,98.95290759900107
Kentucky,2016,BEV,SUV,51.35033892258294
Kentucky,2016,PHEV,Car,188.0503937007874
Kentucky,2016,PHEV,SUV,70.52598425196851
Louisiana,2016,BEV,Car,79.16232607920085
Louisiana,2016,BEV,SUV,41.08027113806636
Louisiana,2016,PHEV,Car,104.47244094488188
Louisiana,2016,PHEV,SUV,39.181102362204726
Maine,2016,BEV,Car,59.37174455940064
Maine,2016,BEV,SUV,30.810203353549767
Maine,2016,PHEV,Car,208.94488188976376
Maine,2016,PHEV,SUV,78.36220472440945
Maryland,2016,BEV,Car,633.2986086336068
Maryland,2016,BEV,SUV,328.64216910453086
Maryland,2016,PHEV,Car,1044.724409448819
Maryland,2016,PHEV,SUV,391.81102362204723
Massachusetts,2016,BEV,Car,712.4609347128078
Massachusetts,2016,BEV,SUV,369.72244024259726
Massachusetts,2016,PHEV,Car,1086.5133858267716
Massachusetts,2016,PHEV,SUV,407.4834645669291
Michigan,2016,BEV,Car,316.6493043168034
Michigan,2016,BEV,SUV,164.32108455226543
Michigan,2016,PHEV,Car,2423.76062992126
Michigan,2016,PHEV,SUV,909.0015748031495
Minnesota,2016,BEV,Car,316.6493043168034
Minnesota,2016,BEV,SUV,164.32108455226543
Minnesota,2016,PHEV,Car,501.46771653543306
Minnesota,2016,PHEV,SUV,188.06929133858267
Mississippi,2016,BEV,Car,19.790581519800213
Mississippi,2016,BEV,SUV,10.27006778451659
Mississippi,2016,PHEV,Car,41.78897637795276
Mississippi,2016,PHEV,SUV,15.67244094488189
Missouri,2016,BEV,Car,277.06814127720304
Missouri,2016,BEV,SUV,143.78094898323226
Missouri,2016,PHEV,Car,438.78425196850395
Missouri,2016,PHEV,SUV,164.56062992125985
Montana,2016,BEV,Car,39.581163039600426
Montana,2016,BEV,SUV,20.54013556903318
Montana,2016,PHEV,Car,41.78897637795276
Montana,2016,PHEV,SUV,15.67244094488189
Nebraska,2016,BEV,Car,59.37174455940064
Nebraska,2016,BEV,SUV,30.810203353549767
Nebraska,2016,PHEV,Car,125.36692913385826
Nebraska,2016,PHEV,SUV,47.01732283464567
Nevada,2016,BEV,Car,395.81163039600426
Nevada,2016,BEV,SUV,205.40135569033177
Nevada,2016,PHEV,Car,292.52283464566926
Nevada,2016,PHEV,SUV,109.70708661417322
New Hampshire,2016,BEV,Car,79.16232607920085
New Hampshire,2016,BEV,SUV,41.08027113806636
New Hampshire,2016,PHEV,Car,208.94488188976376
New Hampshire,2016,PHEV,SUV,78.36220472440945
New Jersey,2016,BEV,Car,831.2044238316089
New Jersey,2016,BEV,SUV,431.3428469496967
New Jersey,2016,PHEV,Car,1149.1968503937007
New Jersey,2016,PHEV,SUV,430.99212598425197
New Mexico,2016,BEV,Car,98.95290759900107
New Mexico,2016,BEV,SUV,51.35033892258294
New Mexico,2016,PHEV,Car,125.36692913385826
New Mexico,2016,PHEV,SUV,47.01732283464567
New York,2016,BEV,Car,1207.225472707813
New York,2016,BEV,SUV,626.4741348555119
New York,2016,PHEV,Car,2528.233070866142
New York,2016,PHEV,SUV,948.1826771653543
North Carolina,2016,BEV,Car,573.9268640742063
North Carolina,2016,BEV,SUV,297.8319657509811
North Carolina,2016,PHEV,Car,752.2015748031496
North Carolina,2016,PHEV,SUV,282.10393700787404
North Dakota,2016,BEV,Car,0
North Dakota,2016,BEV,SUV,0
North Dakota,2016,PHEV,Car,20.89448818897638
North Dakota,2016,PHEV,SUV,7.836220472440945
Ohio,2016,BEV,Car,514.5551195148055
Ohio,2016,BEV,SUV,267.0217623974313
Ohio,2016,PHEV,Car,919.3574803149606
Ohio,2016,PHEV,SUV,344.7937007874016
Oklahoma,2016,BEV,Car,118.74348911880128
Oklahoma,2016,BEV,SUV,61.620406707099534
Oklahoma,2016,PHEV,Car,146.26141732283463
Oklahoma,2016,PHEV,SUV,54.85354330708661
Oregon,2016,BEV,Car,1523.8747770246164
Oregon,2016,BEV,SUV,790.7952194077774
Oregon,2016,PHEV,Car,898.4629921259842
Oregon,2016,PHEV,SUV,336.9574803149606
Pennsylvania,2016,BEV,Car,633.2986086336068
Pennsylvania,2016,BEV,SUV,328.64216910453086
Pennsylvania,2016,PHEV,Car,1128.3023622047244
Pennsylvania,2016,PHEV,SUV,423.155905511811
Rhode Island,2016,BEV,Car,59.37174455940064
Rhode Island,2016,BEV,SUV,30.810203353549767
Rhode Island,2016,PHEV,Car,125.36692913385826
Rhode Island,2016,PHEV,SUV,47.01732283464567
South Carolina,2016,BEV,Car,158.3246521584017
South Carolina,2016,BEV,SUV,82.16054227613272
South Carolina,2016,PHEV,Car,250.73385826771653
South Carolina,2016,PHEV,SUV,94.03464566929134
South Dakota,2016,BEV,Car,19.790581519800213
South Dakota,2016,BEV,SUV,10.27006778451659
South Dakota,2016,PHEV,Car,41.78897637795276
South Dakota,2016,PHEV,SUV,15.67244094488189
Tennessee,2016,BEV,Car,514.5551195148055
Tennessee,2016,BEV,SUV,267.0217623974313
Tennessee,2016,PHEV,Car,355.2062992125984
Tennessee,2016,PHEV,SUV,133.21574803149605
Texas,2016,BEV,Car,2355.0792008562253
Texas,2016,BEV,SUV,1222.1380663574741
Texas,2016,PHEV,Car,1671.55905511811
Texas,2016,PHEV,SUV,626.8976377952756
Utah,2016,BEV,Car,494.76453799500536
Utah,2016,BEV,SUV,256.7516946129147
Utah,2016,PHEV,Car,355.2062992125984
Utah,2016,PHEV,SUV,133.21574803149605
Vermont,2016,BEV,Car,59.37174455940064
Vermont,2016,BEV,SUV,30.810203353549767
Vermont,2016,PHEV,Car,250.73385826771653
Vermont,2016,PHEV,SUV,94.03464566929134
Virginia,2016,BEV,Car,613.5080271138066
Virginia,2016,BEV,SUV,318.3721013200143
Virginia,2016,PHEV,Car,877.5685039370079
Virginia,2016,PHEV,SUV,329.1212598425197
Washington,2016,BEV,Car,2948.796646450232
Washington,2016,BEV,SUV,1530.240099892972
Washington,2016,PHEV,Car,1337.2472440944882
Washington,2016,PHEV,SUV,501.5181102362205
West Virginia,2016,BEV,Car,19.790581519800213
West Virginia,2016,BEV,SUV,10.27006778451659
West Virginia,2016,PHEV,Car,62.68346456692913
West Virginia,2016,PHEV,SUV,23.508661417322834
Wisconsin,2016,BEV,Car,514.5551195148055
Wisconsin,2016,BEV,SUV,267.0217623974313
Wisconsin,2016,PHEV,Car,543.2566929133858
Wisconsin,2016,PHEV,SUV,203.74173228346456
Wyoming,2016,BEV,Car,19.790581519800213
Wyoming,2016,BEV,SUV,10.27006778451659
Wyoming,2016,PHEV,Car,20.89448818897638
Wyoming,2016,PHEV,SUV,7.836220472440945
Alabama,2017,BEV,Car,112.24821002386635
Alabama,2017,BEV,SUV,114.11084592946169
Alabama,2017,PHEV,Car,220.9129425420778
Alabama,2017,PHEV,SUV,76.32965757399884
Alaska,2017,BEV,Car,56.124105011933175
Alaska,2017,BEV,SUV,57.055422964730845
Alaska,2017,PHEV,Car,60.248984329657574
Alaska,2017,PHEV,SUV,20.81717933836332
Arizona,2017,BEV,Car,1010.2338902147972
Arizona,2017,BEV,SUV,1026.997613365155
Arizona,2017,PHEV,Car,1164.8136970400465
Arizona,2017,PHEV,SUV,402.4654672083575
Arkansas,2017,BEV,Car,42.09307875894988
Arkansas,2017,BEV,SUV,42.791567223548135
Arkansas,2017,PHEV,Car,120.49796865931515
Arkansas,2017,PHEV,SUV,41.63435867672664
California,2017,BEV,Car,26616.85680190931
California,2017,BEV,SUV,27058.534341023602
California,2017,PHEV,Car,32052.459663377827
California,2017,PHEV,SUV,11074.739408009285
Colorado,2017,BEV,Car,1122.4821002386636
Colorado,2017,BEV,SUV,1141.108459294617
Colorado,2017,PHEV,Car,1044.3157283807313
Colorado,2017,PHEV,SUV,360.8311085316309
Connecticut,2017,BEV,Car,420.93078758949883
Connecticut,2017,BEV,SUV,427.91567223548134
Connecticut,2017,PHEV,Car,783.2367962855485
Connecticut,2017,PHEV,SUV,270.62333139872317
Delaware,2017,BEV,Car,56.124105011933175
Delaware,2017,BEV,SUV,57.055422964730845
Delaware,2017,PHEV,Car,180.74695298897274
Delaware,2017,PHEV,SUV,62.45153801508996
District of Columbia,2017,BEV,Car,112.24821002386635
District of Columbia,2017,BEV,SUV,114.11084592946169
District of Columbia,2017,PHEV,Car,140.5809634358677
District of Columbia,2017,PHEV,SUV,48.57341845618108
Florida,2017,BEV,Car,2230.933174224344
Florida,2017,BEV,SUV,2267.953062848051
Florida,2017,PHEV,Car,2691.1213000580383
Florida,2017,PHEV,SUV,929.8340104468949
Georgia,2017,BEV,Car,2020.4677804295943
Georgia,2017,BEV,SUV,2053.99522673031
Georgia,2017,PHEV,Car,1044.3157283807313
Georgia,2017,PHEV,SUV,360.8311085316309
Hawaii,2017,BEV,Car,757.6754176610979
Hawaii,2017,BEV,SUV,770.2482100238664
Hawaii,2017,PHEV,Car,341.4109112013929
Hawaii,2017,PHEV,SUV,117.96401625072546
Idaho,2017,BEV,Car,98.21718377088305
Idaho,2017,BEV,SUV,99.84699018827898
Idaho,2017,PHEV,Car,160.6639582124202
Idaho,2017,PHEV,SUV,55.51247823563552
Illinois,2017,BEV,Car,1164.5751789976134
Illinois,2017,BEV,SUV,1183.9000265181649
Illinois,2017,PHEV,Car,1546.3905977945444
Illinois,2017,PHEV,SUV,534.3076030179918
Indiana,2017,BEV,Car,266.58949880668257
Indiana,2017,BEV,SUV,271.0132590824715
Indiana,2017,PHEV,Car,642.6558328496808
Indiana,2017,PHEV,SUV,222.04991294254208
Iowa,2017,BEV,Car,84.18615751789976
Iowa,2017,BEV,SUV,85.58313444709627
Iowa,2017,PHEV,Car,301.24492164828786
Iowa,2017,PHEV,SUV,104.08589669181659
Kansas,2017,BEV,Car,140.31026252983295
Kansas,2017,BEV,SUV,142.63855741182712
Kansas,2017,PHEV,Car,261.07893209518284
Kansas,2017,PHEV,SUV,90.20777713290772
Kentucky,2017,BEV,Car,98.21718377088305
Kentucky,2017,BEV,SUV,99.84699018827898
Kentucky,2017,PHEV,Car,240.9959373186303
Kentucky,2017,PHEV,SUV,83.26871735345328
Louisiana,2017,BEV,Car,84.18615751789976
Louisiana,2017,BEV,SUV,85.58313444709627
Louisiana,2017,PHEV,Car,140.5809634358677
Louisiana,2017,PHEV,SUV,48.57341845618108
Maine,2017,BEV,Car,70.15513126491648
Maine,2017,BEV,SUV,71.31927870591356
Maine,2017,PHEV,Car,261.07893209518284
Maine,2017,PHEV,SUV,90.20777713290772
Maryland,2017,BEV,Car,617.3651551312649
Maryland,2017,BEV,SUV,627.6096526120393
Maryland,2017,PHEV,Car,1305.3946604759142
Maryland,2017,PHEV,SUV,451.0388856645386
Massachusetts,2017,BEV,Car,785.7374701670644
Massachusetts,2017,BEV,SUV,798.7759215062318
Massachusetts,2017,PHEV,Car,1586.5565873476494
Massachusetts,2017,PHEV,SUV,548.1857225769007
Michigan,2017,BEV,Car,350.77565632458237
Michigan,2017,BEV,SUV,356.59639352956776
Michigan,2017,PHEV,Car,2409.959373186303
Michigan,2017,PHEV,SUV,832.6871735345327
Minnesota,2017,BEV,Car,322.71360381861575
Minnesota,2017,BEV,SUV,328.06868204720234
Minnesota,2017,PHEV,Car,622.5728380731283
Minnesota,2017,PHEV,SUV,215.11085316308765
Mississippi,2017,BEV,Car,28.062052505966587
Mississippi,2017,BEV,SUV,28.527711482365422
Mississippi,2017,PHEV,Car,60.248984329657574
Mississippi,2017,PHEV,SUV,20.81717933836332
Missouri,2017,BEV,Car,294.6515513126492
Missouri,2017,BEV,SUV,299.5409705648369
Missouri,2017,PHEV,Car,662.7388276262333
Missouri,2017,PHEV,SUV,228.9889727219965
Montana,2017,BEV,Car,42.09307875894988
Montana,2017,BEV,SUV,42.791567223548135
Montana,2017,PHEV,Car,60.248984329657574
Montana,2017,PHEV,SUV,20.81717933836332
Nebraska,2017,BEV,Car,70.15513126491648
Nebraska,2017,BEV,SUV,71.31927870591356
Nebraska,2017,PHEV,Car,160.6639582124202
Nebraska,2017,PHEV,SUV,55.51247823563552
Nevada,2017,BEV,Car,434.96181384248206
Nevada,2017,BEV,SUV,442.17952797666396
Nevada,2017,PHEV,Car,401.6598955310505
Nevada,2017,PHEV,SUV,138.7811955890888
New Hampshire,2017,BEV,Car,84.18615751789976
New Hampshire,2017,BEV,SUV,85.58313444709627
New Hampshire,2017,PHEV,Car,301.24492164828786
New Hampshire,2017,PHEV,SUV,104.08589669181659
New Jersey,2017,BEV,Car,968.1408114558474
New Jersey,2017,BEV,SUV,984.2060461416071
New Jersey,2017,PHEV,Car,1626.7225769007546
New Jersey,2017,PHEV,SUV,562.0638421358096
New Mexico,2017,BEV,Car,98.21718377088305
New Mexico,2017,BEV,SUV,99.84699018827898
New Mexico,2017,PHEV,Car,200.82994776552525
New Mexico,2017,PHEV,SUV,69.3905977945444
New York,2017,BEV,Car,1318.9164677804295
New York,2017,BEV,SUV,1340.8024396711746
New York,2017,PHEV,Car,3434.1921067904814
New York,2017,PHEV,SUV,1186.5792222867092
North Carolina,2017,BEV,Car,617.3651551312649
North Carolina,2017,BEV,SUV,627.6096526120393
North Carolina,2017,PHEV,Car,963.9837492745212
North Carolina,2017,PHEV,SUV,333.07486941381313
North Dakota,2017,BEV,Car,14.031026252983294
North Dakota,2017,BEV,SUV,14.263855741182711
North Dakota,2017,PHEV,Car,40.16598955310505
North Dakota,2017,PHEV,SUV,13.87811955890888
Ohio,2017,BEV,Car,519.1479713603818
Ohio,2017,BEV,SUV,527.7626624237603
Ohio,2017,PHEV,Car,1124.6477074869415
Ohio,2017,PHEV,SUV,388.58734764944865
Oklahoma,2017,BEV,Car,168.37231503579952
Oklahoma,2017,BEV,SUV,171.16626889419254
Oklahoma,2017,PHEV,Car,180.74695298897274
Oklahoma,2017,PHEV,SUV,62.45153801508996
Oregon,2017,BEV,Car,1403.1026252983295
Oregon,2017,BEV,SUV,1426.385574118271
Oregon,2017,PHEV,Car,1204.9796865931514
Oregon,2017,PHEV,SUV,416.34358676726634
Pennsylvania,2017,BEV,Car,617.3651551312649
Pennsylvania,2017,BEV,SUV,627.6096526120393
Pennsylvania,2017,PHEV,Car,1506.2246082414395
Pennsylvania,2017,PHEV,SUV,520.429483459083
Rhode Island,2017,BEV,Car,56.124105011933175
Rhode Island,2017,BEV,SUV,57.055422964730845
Rhode Island,2017,PHEV,Car,160.6639582124202
Rhode Island,2017,PHEV,SUV,55.51247823563552
South Carolina,2017,BEV,Car,168.37231503579952
South Carolina,2017,BEV,SUV,171.16626889419254
South Carolina,2017,PHEV,Car,321.3279164248404
South Carolina,2017,PHEV,SUV,111.02495647127104
South Dakota,2017,BEV,Car,14.031026252983294
South Dakota,2017,BEV,SUV,14.263855741182711
South Dakota,2017,PHEV,Car,40.16598955310505
South Dakota,2017,PHEV,SUV,13.87811955890888
Tennessee,2017,BEV,Car,406.89976133651555
Tennessee,2017,BEV,SUV,413.6518164942986
Tennessee,2017,PHEV,Car,421.742890307603
Tennessee,2017,PHEV,SUV,145.72025536854323
Texas,2017,BEV,Car,2258.9952267303106
Texas,2017,BEV,SUV,2296.4807743304164
Texas,2017,PHEV,Car,2189.046430644225
Texas,2017,PHEV,SUV,756.357515960534
Utah,2017,BEV,Car,505.1169451073986
Utah,2017,BEV,SUV,513.4988066825775
Utah,2017,PHEV,Car,502.0748694138131
Utah,2017,PHEV,SUV,173.476494486361
Vermont,2017,BEV,Car,98.21718377088305
Vermont,2017,BEV,SUV,99.84699018827898
Vermont,2017,PHEV,Car,321.3279164248404
Vermont,2017,PHEV,SUV,111.02495647127104
Virginia,2017,BEV,Car,715.582338902148
Virginia,2017,BEV,SUV,727.45664280031815
Virginia,2017,PHEV,Car,1225.062681369704
Virginia,2017,PHEV,SUV,423.28264654672085
Washington,2017,BEV,Car,2946.5155131264914
Washington,2017,BEV,SUV,2995.409705648369
Washington,2017,PHEV,Car,1968.1334881021473
Washington,2017,PHEV,SUV,680.0278583865351
West Virginia,2017,BEV,Car,14.031026252983294
West Virginia,2017,BEV,SUV,14.263855741182711
West Virginia,2017,PHEV,Car,80.3319791062101
West Virginia,2017,PHEV,SUV,27.75623911781776
Wisconsin,2017,BEV,Car,392.8687350835322
Wisconsin,2017,BEV,SUV,399.3879607531159
Wisconsin,2017,PHEV,Car,702.9048171793384
Wisconsin,2017,PHEV,SUV,242.8670922809054
Wyoming,2017,BEV,Car,14.031026252983294
Wyoming,2017,BEV,SUV,14.263855741182711
Wyoming,2017,PHEV,Car,20.082994776552525
Wyoming,2017,PHEV,SUV,6.93905977945444
Alabama,2018,BEV,Car,422.45232273838633
Alabama,2018,BEV,SUV,114.27331470485505
Alabama,2018,PHEV,Car,308.7925428137871
Alabama,2018,PHEV,SUV,89.52850639497073
Alaska,2018,BEV,Car,162.48166259168704
Alaska,2018,BEV,SUV,43.951274886482715
Alaska,2018,PHEV,Car,61.75850856275743
Alaska,2018,PHEV,SUV,17.905701278994147
Arizona,2018,BEV,Car,4094.5378973105135
Arizona,2018,BEV,SUV,1107.5721271393643
Arizona,2018,PHEV,Car,1585.1350531107737
Arizona,2018,PHEV,SUV,459.57966616084974
Arkansas,2018,BEV,Car,194.97799511002447
Arkansas,2018,BEV,SUV,52.741529863779256
Arkansas,2018,PHEV,Car,164.68935616735314
Arkansas,2018,PHEV,SUV,47.74853674398439
California,2018,BEV,Car,88877.46943765282
California,2018,BEV,SUV,24041.347362906043
California,2018,PHEV,Car,44260.26446997616
California,2018,PHEV,SUV,12832.419249945806
Colorado,2018,BEV,Car,4062.041564792176
Colorado,2018,BEV,SUV,1098.7818721620677
Colorado,2018,PHEV,Car,1523.3765445480162
Colorado,2018,PHEV,SUV,441.67396488185557
Connecticut,2018,BEV,Car,1624.8166259168704
Connecticut,2018,BEV,SUV,439.51274886482713
Connecticut,2018,PHEV,Car,1070.4808150877955
Connecticut,2018,PHEV,SUV,310.3654888358986
Delaware,2018,BEV,Car,259.97066014669923
Delaware,2018,BEV,SUV,70.32203981837233
Delaware,2018,PHEV,Car,247.0340342510297
Delaware,2018,PHEV,SUV,71.62280511597659
District of Columbia,2018,BEV,Car,357.4596577017115
District of Columbia,2018,BEV,SUV,96.69280475026196
District of Columbia,2018,PHEV,Car,205.8616952091914
District of Columbia,2018,PHEV,SUV,59.68567092998049
Florida,2018,BEV,Car,8903.995110024449
Florida,2018,BEV,SUV,2408.5298637792525
Florida,2018,PHEV,Car,3581.993496639931
Florida,2018,PHEV,SUV,1038.5306741816605
Georgia,2018,BEV,Car,5166.916870415648
Georgia,2018,BEV,SUV,1397.6505413901502
Georgia,2018,PHEV,Car,1441.03186646434
Georgia,2018,PHEV,SUV,417.79969650986345
Hawaii,2018,BEV,Car,2144.757946210269
Hawaii,2018,BEV,SUV,580.1568285015718
Hawaii,2018,PHEV,Car,494.0680685020594
Hawaii,2018,PHEV,SUV,143.24561023195318
Idaho,2018,BEV,Car,357.4596577017115
Idaho,2018,BEV,SUV,96.69280475026196
Idaho,2018,PHEV,Car,226.44786473011055
Idaho,2018,PHEV,SUV,65.65423802297853
Illinois,2018,BEV,Car,4419.501222493887
Illinois,2018,BEV,SUV,1195.4746769123296
Illinois,2018,PHEV,Car,2038.030782570995
Illinois,2018,PHEV,SUV,590.8881422068068
Indiana,2018,BEV,Car,1104.8753056234718
Indiana,2018,BEV,SUV,298.8686692280824
Indiana,2018,PHEV,Car,844.0329503576849
Indiana,2018,PHEV,SUV,244.71125081292004
Iowa,2018,BEV,Car,357.4596577017115
Iowa,2018,BEV,SUV,96.69280475026196
Iowa,2018,PHEV,Car,411.7233904183828
Iowa,2018,PHEV,SUV,119.37134185996098
Kansas,2018,BEV,Car,552.4376528117359
Kansas,2018,BEV,SUV,149.4343346140412
Kansas,2018,PHEV,Car,370.55105137654454
Kansas,2018,PHEV,SUV,107.43420767396488
Kentucky,2018,BEV,Car,389.95599022004893
Kentucky,2018,BEV,SUV,105.48305972755851
Kentucky,2018,PHEV,Car,308.7925428137871
Kentucky,2018,PHEV,SUV,89.52850639497073
Louisiana,2018,BEV,Car,292.4669926650367
Louisiana,2018,BEV,SUV,79.11229479566889
Louisiana,2018,PHEV,Car,185.27552568827227
Louisiana,2018,PHEV,SUV,53.71710383698244
Maine,2018,BEV,Car,259.97066014669923
Maine,2018,BEV,SUV,70.32203981837233
Maine,2018,PHEV,Car,370.55105137654454
Maine,2018,PHEV,SUV,107.43420767396488
Maryland,2018,BEV,Car,2729.6919315403425
Maryland,2018,BEV,SUV,738.3814180929095
Maryland,2018,PHEV,Car,1729.238239757208
Maryland,2018,PHEV,SUV,501.35963581183614
Massachusetts,2018,BEV,Car,3347.122249388753
Massachusetts,2018,BEV,SUV,905.3962626615438
Massachusetts,2018,PHEV,Car,2387.9956644266204
Massachusetts,2018,PHEV,SUV,692.3537827877736
Michigan,2018,BEV,Car,1364.8459657701712
Michigan,2018,BEV,SUV,369.19070904645474
Michigan,2018,PHEV,Car,2532.0988510730544
Michigan,2018,PHEV,SUV,734.1337524387601
Minnesota,2018,BEV,Car,1592.3202933985328
Minnesota,2018,BEV,SUV,430.72249388753056
Minnesota,2018,PHEV,Car,988.1361370041188
Minnesota,2018,PHEV,SUV,286.49122046390636
Mississippi,2018,BEV,Car,97.48899755501223
Mississippi,2018,BEV,SUV,26.370764931889628
Mississippi,2018,PHEV,Car,102.9308476045957
Mississippi,2018,PHEV,SUV,29.842835464990245
Missouri,2018,BEV,Car,1137.3716381418094
Missouri,2018,BEV,SUV,307.658924205379
Missouri,2018,PHEV,Car,864.619119878604
Missouri,2018,PHEV,SUV,250.67981790591807
Montana,2018,BEV,Car,162.48166259168704
Montana,2018,BEV,SUV,43.951274886482715
Montana,2018,PHEV,Car,82.34467808367657
Montana,2018,PHEV,SUV,23.874268371992194
Nebraska,2018,BEV,Car,292.4669926650367
Nebraska,2018,BEV,SUV,79.11229479566889
Nebraska,2018,PHEV,Car,205.8616952091914
Nebraska,2018,PHEV,SUV,59.68567092998049
Nevada,2018,BEV,Car,1657.3129584352077
Nevada,2018,BEV,SUV,448.30300384212364
Nevada,2018,PHEV,Car,596.9989161066551
Nevada,2018,PHEV,SUV,173.0884456969434
New Hampshire,2018,BEV,Car,389.95599022004893
New Hampshire,2018,BEV,SUV,105.48305972755851
New Hampshire,2018,PHEV,Car,411.7233904183828
New Hampshire,2018,PHEV,SUV,119.37134185996098
New Jersey,2018,BEV,Car,4354.508557457213
New Jersey,2018,BEV,SUV,1177.8941669577366
New Jersey,2018,PHEV,Car,2223.306308259267
New Jersey,2018,PHEV,SUV,644.6052460437893
New Mexico,2018,BEV,Car,422.45232273838633
New Mexico,2018,BEV,SUV,114.27331470485505
New Mexico,2018,PHEV,Car,267.62020377194887
New Mexico,2018,PHEV,SUV,77.59137220897465
New York,2018,BEV,Car,5036.931540342298
New York,2018,BEV,SUV,1362.489521480964
New York,2018,PHEV,Car,5002.439193583352
New York,2018,PHEV,SUV,1450.361803598526
North Carolina,2018,BEV,Car,2372.2322738386306
North Carolina,2018,BEV,SUV,641.6886133426476
North Carolina,2018,PHEV,Car,1338.101018859744
North Carolina,2018,PHEV,SUV,387.95686104487316
North Dakota,2018,BEV,Car,32.496332518337404
North Dakota,2018,BEV,SUV,8.790254977296541
North Dakota,2018,PHEV,Car,41.172339041838285
North Dakota,2018,PHEV,SUV,11.937134185996097
Ohio,2018,BEV,Car,2079.765281173594
Ohio,2018,BEV,SUV,562.5763185469787
Ohio,2018,PHEV,Car,1482.2042055061781
Ohio,2018,PHEV,SUV,429.7368306958595
Oklahoma,2018,BEV,Car,1202.364303178484
Oklahoma,2018,BEV,SUV,325.23943415997206
Oklahoma,2018,PHEV,Car,267.62020377194887
Oklahoma,2018,PHEV,SUV,77.59137220897465
Oregon,2018,BEV,Car,4484.4938875305625
Oregon,2018,BEV,SUV,1213.055186866923
Oregon,2018,PHEV,Car,1729.238239757208
Oregon,2018,PHEV,SUV,501.35963581183614
Pennsylvania,2018,BEV,Car,2599.7066014669927
Pennsylvania,2018,BEV,SUV,703.2203981837234
Pennsylvania,2018,PHEV,Car,1955.6861044873185
Pennsylvania,2018,PHEV,SUV,567.0138738348147
Rhode Island,2018,BEV,Car,227.47432762836186
Rhode Island,2018,BEV,SUV,61.5317848410758
Rhode Island,2018,PHEV,Car,247.0340342510297
Rhode Island,2018,PHEV,SUV,71.62280511597659
South Carolina,2018,BEV,Car,649.9266503667482
South Carolina,2018,BEV,SUV,175.80509954593086
South Carolina,2018,PHEV,Car,452.8957294602211
South Carolina,2018,PHEV,SUV,131.30847604595706
South Dakota,2018,BEV,Car,64.99266503667481
South Dakota,2018,BEV,SUV,17.580509954593083
South Dakota,2018,PHEV,Car,61.75850856275743
South Dakota,2018,PHEV,SUV,17.905701278994147
Tennessee,2018,BEV,Car,1267.356968215159
Tennessee,2018,BEV,SUV,342.81994411456515
Tennessee,2018,PHEV,Car,596.9989161066551
Tennessee,2018,PHEV,SUV,173.0884456969434
Texas,2018,BEV,Car,7961.601466992665
Texas,2018,BEV,SUV,2153.612469437653
Texas,2018,PHEV,Car,3026.1669195751138
Texas,2018,PHEV,SUV,877.3793626707131
Utah,2018,BEV,Car,1819.794621026895
Utah,2018,BEV,SUV,492.2542787286064
Utah,2018,PHEV,Car,699.9297637112508
Utah,2018,PHEV,SUV,202.93128116193367
Vermont,2018,BEV,Car,357.4596577017115
Vermont,2018,BEV,SUV,96.69280475026196
Vermont,2018,PHEV,Car,411.7233904183828
Vermont,2018,PHEV,SUV,119.37134185996098
Virginia,2018,BEV,Car,3217.1369193154032
Virginia,2018,BEV,SUV,870.2352427523576
Virginia,2018,PHEV,Car,1667.4797311944506
Virginia,2018,PHEV,SUV,483.45393453284197
Washington,2018,BEV,Car,9813.892420537897
Washington,2018,BEV,SUV,2654.657003143556
Washington,2018,PHEV,Car,2820.3052243659226
Washington,2018,PHEV,SUV,817.6936917407328
West Virginia,2018,BEV,Car,64.99266503667481
West Virginia,2018,BEV,SUV,17.580509954593083
West Virginia,2018,PHEV,Car,102.9308476045957
West Virginia,2018,PHEV,SUV,29.842835464990245
Wisconsin,2018,BEV,Car,1202.364303178484
Wisconsin,2018,BEV,SUV,325.23943415997206
Wisconsin,2018,PHEV,Car,926.3776284413615
Wisconsin,2018,PHEV,SUV,268.58551918491224
Wyoming,2018,BEV,Car,64.99266503667481
Wyoming,2018,BEV,SUV,17.580509954593083
Wyoming,2018,PHEV,Car,41.172339041838285
Wyoming,2018,PHEV,SUV,11.937134185996097
Alabama,2019,BEV,Car,459.5967330270546
Alabama,2019,BEV,SUV,137.36600306278714
Alabama,2019,PHEV,Car,191.0193812896012
Alabama,2019,PHEV,SUV,83.15355944837867
Alaska,2019,BEV,Car,160.8588565594691
Alaska,2019,BEV,SUV,48.078101071975496
Alaska,2019,PHEV,Car,42.44875139768915
Alaska,2019,PHEV,SUV,18.478568766306374
Arizona,2019,BEV,Car,4481.068147013782
Arizona,2019,BEV,SUV,1339.3185298621745
Arizona,2019,PHEV,Car,1018.7700335445396
Arizona,2019,PHEV,SUV,443.4856503913529
Arkansas,2019,BEV,Car,206.81852986217459
Arkansas,2019,BEV,SUV,61.81470137825421
Arkansas,2019,PHEV,Car,106.12187849422288
Arkansas,2019,PHEV,SUV,46.19642191576593
California,2019,BEV,Car,80360.48876978051
California,2019,BEV,SUV,24018.445635528333
California,2019,PHEV,Car,26243.94055162132
California,2019,PHEV,SUV,11424.375139768916
Colorado,2019,BEV,Car,4412.1286370597245
Colorado,2019,BEV,SUV,1318.7136294027566
Colorado,2019,PHEV,Car,986.9334699962728
Colorado,2019,PHEV,SUV,429.6267238166232
Connecticut,2019,BEV,Car,1585.6087289433385
Connecticut,2019,BEV,SUV,473.91271056661566
Connecticut,2019,PHEV,Car,604.8947074170704
Connecticut,2019,PHEV,SUV,263.3196049198658
Delaware,2019,BEV,Car,298.73787646758547
Delaware,2019,BEV,SUV,89.28790199081163
Delaware,2019,PHEV,Car,137.95844204248976
Delaware,2019,PHEV,SUV,60.05534849049572
District of Columbia,2019,BEV,Car,413.63705972434917
District of Columbia,2019,BEV,SUV,123.62940275650843
District of Columbia,2019,PHEV,Car,137.95844204248976
District of Columbia,2019,PHEV,SUV,60.05534849049572
Florida,2019,BEV,Car,9260.87417049515
Florida,2019,BEV,SUV,2767.924961715161
Florida,2019,PHEV,Car,2164.886321282147
Florida,2019,PHEV,SUV,942.4070070816251
Georgia,2019,BEV,Car,4366.168963757019
Georgia,2019,BEV,SUV,1304.9770290964777
Georgia,2019,PHEV,Car,891.4237793514723
Georgia,2019,PHEV,SUV,388.04994409243386
Hawaii,2019,BEV,Car,2022.2256253190403
Hawaii,2019,BEV,SUV,604.4104134762634
Hawaii,2019,PHEV,Car,307.75344763324637
Hawaii,2019,PHEV,SUV,133.9696235557212
Idaho,2019,BEV,Car,367.6773864216437
Idaho,2019,BEV,SUV,109.89280245022971
Idaho,2019,PHEV,Car,159.18281774133433
Idaho,2019,PHEV,SUV,69.29463287364891
Illinois,2019,BEV,Car,4435.108473711077
Illinois,2019,BEV,SUV,1325.5819295558958
Illinois,2019,PHEV,Car,1231.0137905329855
Illinois,2019,PHEV,SUV,535.8784942228848
Indiana,2019,BEV,Car,1171.9716692189893
Indiana,2019,BEV,SUV,350.2833078101072
Indiana,2019,PHEV,Car,498.7728289228475
Indiana,2019,PHEV,SUV,217.12318300409987
Iowa,2019,BEV,Car,367.6773864216437
Iowa,2019,BEV,SUV,109.89280245022971
Iowa,2019,PHEV,Car,254.6925083861349
Iowa,2019,PHEV,SUV,110.87141259783823
Kansas,2019,BEV,Car,528.5362429811129
Kansas,2019,BEV,SUV,157.97090352220522
Kansas,2019,PHEV,Car,222.85594483786807
Kansas,2019,PHEV,SUV,97.01248602310847
Kentucky,2019,BEV,Car,436.61689637570186
Kentucky,2019,BEV,SUV,130.49770290964776
Kentucky,2019,PHEV,Car,191.0193812896012
Kentucky,2019,PHEV,SUV,83.15355944837867
Louisiana,2019,BEV,Car,321.7177131189382
Louisiana,2019,BEV,SUV,96.15620214395099
Louisiana,2019,PHEV,Car,106.12187849422288
Louisiana,2019,PHEV,SUV,46.19642191576593
Maine,2019,BEV,Car,298.73787646758547
Maine,2019,BEV,SUV,89.28790199081163
Maine,2019,PHEV,Car,233.46813268729036
Maine,2019,PHEV,SUV,101.63212821468507
Maryland,2019,BEV,Car,3033.3384379785607
Maryland,2019,BEV,SUV,906.6156202143951
Maryland,2019,PHEV,Car,1061.218784942229
Maryland,2019,PHEV,SUV,461.96421915765933
Massachusetts,2019,BEV,Car,3240.156967840735
Massachusetts,2019,BEV,SUV,968.4303215926493
Massachusetts,2019,PHEV,Car,1368.9722325754753
Massachusetts,2019,PHEV,SUV,595.9338427133806
Michigan,2019,BEV,Car,1516.6692189892804
Michigan,2019,BEV,SUV,453.30781010719755
Michigan,2019,PHEV,Car,1315.9112933283636
Michigan,2019,PHEV,SUV,572.8356317554975
Minnesota,2019,BEV,Car,1769.4474221541602
Minnesota,2019,BEV,SUV,528.8591117917305
Minnesota,2019,PHEV,Car,615.5068952664927
Minnesota,2019,PHEV,SUV,267.9392471114424
Mississippi,2019,BEV,Car,114.89918325676365
Mississippi,2019,BEV,SUV,34.341500765696786
Mississippi,2019,PHEV,Car,63.673127096533726
Mississippi,2019,PHEV,SUV,27.717853149459557
Missouri,2019,BEV,Car,1126.011995916284
Missouri,2019,BEV,SUV,336.5467075038285
Missouri,2019,PHEV,Car,530.6093924711145
Missouri,2019,PHEV,SUV,230.98210957882966
Montana,2019,BEV,Car,160.8588565594691
Montana,2019,BEV,SUV,48.078101071975496
Montana,2019,PHEV,Car,53.06093924711144
Montana,2019,PHEV,SUV,23.098210957882966
Nebraska,2019,BEV,Car,298.73787646758547
Nebraska,2019,BEV,SUV,89.28790199081163
Nebraska,2019,PHEV,Car,116.73406634364518
Nebraska,2019,PHEV,SUV,50.816064107342534
Nevada,2019,BEV,Car,1815.4070954568656
Nevada,2019,BEV,SUV,542.5957120980091
Nevada,2019,PHEV,Car,382.0387625792024
Nevada,2019,PHEV,SUV,166.30711889675734
New Hampshire,2019,BEV,Car,436.61689637570186
New Hampshire,2019,BEV,SUV,130.49770290964776
New Hampshire,2019,PHEV,Car,233.46813268729036
New Hampshire,2019,PHEV,SUV,101.63212821468507
New Jersey,2019,BEV,Car,4641.927003573252
New Jersey,2019,BEV,SUV,1387.3966309341502
New Jersey,2019,PHEV,Car,1241.6259783824078
New Jersey,2019,PHEV,SUV,540.4981364144614
New Mexico,2019,BEV,Car,436.61689637570186
New Mexico,2019,BEV,SUV,130.49770290964776
New Mexico,2019,PHEV,Car,169.7950055907566
New Mexico,2019,PHEV,SUV,73.9142750652255
New York,2019,BEV,Car,5285.362429811128
New York,2019,BEV,SUV,1579.709035222052
New York,2019,PHEV,Car,2971.412597838241
New York,2019,PHEV,SUV,1293.4998136414463
North Carolina,2019,BEV,Car,2665.661051556917
North Carolina,2019,BEV,SUV,796.7228177641654
North Carolina,2019,PHEV,Car,859.5872158032054
North Carolina,2019,PHEV,SUV,374.19101751770404
North Dakota,2019,BEV,Car,45.95967330270546
North Dakota,2019,BEV,SUV,13.736600306278714
North Dakota,2019,PHEV,Car,21.224375698844575
North Dakota,2019,PHEV,SUV,9.239284383153187
Ohio,2019,BEV,Car,2343.9433384379786
Ohio,2019,BEV,SUV,700.5666156202144
Ohio,2019,PHEV,Car,912.6481550503169
Ohio,2019,PHEV,SUV,397.28922847558704
Oklahoma,2019,BEV,Car,781.3144461459929
Oklahoma,2019,BEV,SUV,233.52220520673814
Oklahoma,2019,PHEV,Car,169.7950055907566
Oklahoma,2019,PHEV,SUV,73.9142750652255
Oregon,2019,BEV,Car,4320.209290454313
Oregon,2019,BEV,SUV,1291.240428790199
Oregon,2019,PHEV,Car,1103.6675363399181
Oregon,2019,PHEV,SUV,480.44278792396574
Pennsylvania,2019,BEV,Car,2757.5803981623276
Pennsylvania,2019,BEV,SUV,824.1960183767228
Pennsylvania,2019,PHEV,Car,1188.5650391352963
Pennsylvania,2019,PHEV,SUV,517.3999254565784
Rhode Island,2019,BEV,Car,252.77820316488004
Rhode Island,2019,BEV,SUV,75.55130168453293
Rhode Island,2019,PHEV,Car,137.95844204248976
Rhode Island,2019,PHEV,SUV,60.05534849049572
South Carolina,2019,BEV,Car,689.3950995405819
South Carolina,2019,BEV,SUV,206.0490045941807
South Carolina,2019,PHEV,Car,275.91688408497953
South Carolina,2019,PHEV,SUV,120.11069698099143
South Dakota,2019,BEV,Car,68.9395099540582
South Dakota,2019,BEV,SUV,20.604900459418072
South Dakota,2019,PHEV,Car,42.44875139768915
South Dakota,2019,PHEV,SUV,18.478568766306374
Tennessee,2019,BEV,Car,1309.8506891271056
Tennessee,2019,BEV,SUV,391.49310872894335
Tennessee,2019,PHEV,Car,382.0387625792024
Tennessee,2019,PHEV,SUV,166.30711889675734
Texas,2019,BEV,Car,8824.257274119449
Texas,2019,BEV,SUV,2637.4272588055132
Texas,2019,PHEV,Car,1920.8060007454342
Texas,2019,PHEV,SUV,836.1552366753633
Utah,2019,BEV,Car,1838.3869321082184
Utah,2019,BEV,SUV,549.4640122511486
Utah,2019,PHEV,Car,466.9362653745807
Utah,2019,PHEV,SUV,203.26425642937014
Vermont,2019,BEV,Car,390.65722307299643
Vermont,2019,BEV,SUV,116.76110260336907
Vermont,2019,PHEV,Car,212.24375698844577
Vermont,2019,PHEV,SUV,92.39284383153186
Virginia,2019,BEV,Car,3446.9754977029093
Virginia,2019,BEV,SUV,1030.2450229709034
Virginia,2019,PHEV,Car,1039.9944092433843
Virginia,2019,PHEV,SUV,452.72493477450615
Washington,2019,BEV,Car,9283.854007146503
Washington,2019,BEV,SUV,2774.7932618683003
Washington,2019,PHEV,Car,1708.5622437569884
Washington,2019,PHEV,SUV,743.7623928438315
West Virginia,2019,BEV,Car,91.91934660541092
West Virginia,2019,BEV,SUV,27.473200612557427
West Virginia,2019,PHEV,Car,63.673127096533726
West Virginia,2019,PHEV,SUV,27.717853149459557
Wisconsin,2019,BEV,Car,1080.0523226135783
Wisconsin,2019,BEV,SUV,322.81010719754977
Wisconsin,2019,PHEV,Car,562.4459560193814
Wisconsin,2019,PHEV,SUV,244.84103615355946
Wyoming,2019,BEV,Car,45.95967330270546
Wyoming,2019,BEV,SUV,13.736600306278714
Wyoming,2019,PHEV,Car,21.224375698844575
Wyoming,2019,PHEV,SUV,9.239284383153187
Alabama,2020,BEV,Car,361.4654038669153
Alabama,2020,BEV,SUV,367.5705172244578
Alabama,2020,PHEV,Car,120.6157469717362
Alabama,2020,PHEV,SUV,132.6843876177658
Alaska,2020,BEV,Car,112.17891844145647
Alaska,2020,BEV,SUV,114.07360879379723
Alaska,2020,PHEV,Car,22.97442799461642
Alaska,2020,PHEV,SUV,25.273216689098252
Arizona,2020,BEV,Car,3589.725390126607
Arizona,2020,BEV,SUV,3650.3554814015115
Arizona,2020,PHEV,Car,643.2839838492598
Arizona,2020,PHEV,SUV,707.650067294751
Arkansas,2020,BEV,Car,162.03621552654823
Arkansas,2020,BEV,SUV,164.77299047992932
Arkansas,2020,PHEV,Car,63.17967698519516
Arkansas,2020,PHEV,SUV,69.5013458950202
California,2020,BEV,Car,53010.77112572382
California,2020,BEV,SUV,53906.11757777996
California,2020,PHEV,Car,15249.27658142665
California,2020,PHEV,SUV,16775.097577388962
Colorado,2020,BEV,Car,3078.6880950044165
Colorado,2020,BEV,SUV,3130.6868191186572
Colorado,2020,PHEV,Car,620.3095558546433
Colorado,2020,PHEV,SUV,682.3768506056527
Connecticut,2020,BEV,Car,1121.7891844145647
Connecticut,2020,BEV,SUV,1140.7360879379723
Connecticut,2020,PHEV,Car,356.1036339165545
Connecticut,2020,PHEV,SUV,391.73485868102284
Delaware,2020,BEV,Car,236.8221611541859
Delaware,2020,BEV,SUV,240.82206300912748
Delaware,2020,PHEV,Car,86.15410497981156
Delaware,2020,PHEV,SUV,94.77456258411843
District of Columbia,2020,BEV,Car,299.1437825105506
District of Columbia,2020,BEV,SUV,304.1962901167926
District of Columbia,2020,PHEV,Car,91.89771197846568
District of Columbia,2020,PHEV,SUV,101.09286675639301
Florida,2020,BEV,Car,7254.236725880852
Florida,2020,BEV,SUV,7376.7600353322205
Florida,2020,PHEV,Car,1286.5679676985196
Florida,2020,PHEV,SUV,1415.300134589502
Georgia,2020,BEV,Car,2929.1162037491413
Georgia,2020,BEV,SUV,2978.588674060261
Georgia,2020,PHEV,Car,539.899057873486
Georgia,2020,PHEV,SUV,593.92059219380894
Hawaii,2020,BEV,Car,1333.6826970262048
Hawaii,2020,BEV,SUV,1356.2084601040337
Hawaii,2020,PHEV,Car,183.79542395693136
Hawaii,2020,PHEV,SUV,202.18573351278602
Idaho,2020,BEV,Car,286.6794582392776
Idaho,2020,BEV,SUV,291.52144469525956
Idaho,2020,PHEV,Car,97.64131897711978
Idaho,2020,PHEV,SUV,107.41117092866756
Illinois,2020,BEV,Car,3240.724310530965
Illinois,2020,BEV,SUV,3295.4598095985866
Illinois,2020,PHEV,Car,746.6689098250337
Illinois,2020,PHEV,SUV,821.3795423956931
Indiana,2020,BEV,Car,872.5026989891059
Indiana,2020,BEV,SUV,887.2391795073117
Indiana,2020,PHEV,Car,304.41117092866756
Indiana,2020,PHEV,SUV,334.8701211305518
Iowa,2020,BEV,Car,286.6794582392776
Iowa,2020,BEV,SUV,291.52144469525956
Iowa,2020,PHEV,Car,149.33378196500672
Iowa,2020,PHEV,SUV,164.27590847913862
Kansas,2020,BEV,Car,386.39405240946115
Kansas,2020,BEV,SUV,392.9202080675238
Kansas,2020,PHEV,Car,137.84656796769852
Kansas,2020,PHEV,SUV,151.6393001345895
Kentucky,2020,BEV,Car,324.07243105309647
Kentucky,2020,BEV,SUV,329.54598095985864
Kentucky,2020,PHEV,Car,120.6157469717362
Kentucky,2020,PHEV,SUV,132.6843876177658
Louisiana,2020,BEV,Car,249.28648542545884
Louisiana,2020,BEV,SUV,253.49690843066054
Louisiana,2020,PHEV,Car,68.92328398384926
Louisiana,2020,PHEV,SUV,75.81965006729475
Maine,2020,BEV,Car,236.8221611541859
Maine,2020,BEV,SUV,240.82206300912748
Maine,2020,PHEV,Car,160.82099596231495
Maine,2020,PHEV,SUV,176.91251682368775
Maryland,2020,BEV,Car,2243.5783688291294
Maryland,2020,BEV,SUV,2281.4721758759447
Maryland,2020,PHEV,Car,683.4892328398385
Maryland,2020,PHEV,SUV,751.8781965006729
Massachusetts,2020,BEV,Car,2617.5080969673177
Massachusetts,2020,BEV,SUV,2661.7175385219352
Massachusetts,2020,PHEV,Car,896.0026917900403
Massachusetts,2020,PHEV,SUV,985.6554508748318
Michigan,2020,BEV,Car,1321.2183727549316
Michigan,2020,BEV,SUV,1343.5336146825007
Michigan,2020,PHEV,Car,717.950874831763
Michigan,2020,PHEV,SUV,789.7880215343203
Minnesota,2020,BEV,Car,1296.2897242123859
Minnesota,2020,BEV,SUV,1318.1839238394346
Minnesota,2020,PHEV,Car,384.821668909825
Minnesota,2020,PHEV,SUV,423.32637954239567
Mississippi,2020,BEV,Car,99.71459417018353
Mississippi,2020,BEV,SUV,101.39876337226421
Mississippi,2020,PHEV,Car,40.20524899057874
Mississippi,2020,PHEV,SUV,44.22812920592194
Missouri,2020,BEV,Car,835.1097261752872
Missouri,2020,BEV,SUV,849.2146432427128
Missouri,2020,PHEV,Car,304.41117092866756
Missouri,2020,PHEV,SUV,334.8701211305518
Montana,2020,BEV,Car,112.17891844145647
Montana,2020,BEV,SUV,114.07360879379723
Montana,2020,PHEV,Car,34.46164199192463
Montana,2020,PHEV,SUV,37.90982503364737
Nebraska,2020,BEV,Car,224.35783688291295
Nebraska,2020,BEV,SUV,228.14721758759447
Nebraska,2020,PHEV,Car,74.66689098250336
Nebraska,2020,PHEV,SUV,82.13795423956931
Nevada,2020,BEV,Car,1371.0756698400235
Nevada,2020,BEV,SUV,1394.2329963686327
Nevada,2020,PHEV,Car,241.2314939434724
Nevada,2020,PHEV,SUV,265.3687752355316
New Hampshire,2020,BEV,Car,336.53675532436944
New Hampshire,2020,BEV,SUV,342.2208263813917
New Hampshire,2020,PHEV,Car,143.59017496635263
New Hampshire,2020,PHEV,SUV,157.95760430686408
New Jersey,2020,BEV,Car,3789.1545784669743
New Jersey,2020,BEV,SUV,3853.1530081460396
New Jersey,2020,PHEV,Car,735.1816958277254
New Jersey,2020,PHEV,SUV,808.7429340511441
New Mexico,2020,BEV,Car,324.07243105309647
New Mexico,2020,BEV,SUV,329.54598095985864
New Mexico,2020,PHEV,Car,109.12853297442798
New Mexico,2020,PHEV,SUV,120.04777927321668
New York,2020,BEV,Car,4063.369712434979
New York,2020,BEV,SUV,4131.999607419766
New York,2020,PHEV,Car,1872.4158815612382
New York,2020,PHEV,SUV,2059.7671601615075
North Carolina,2020,BEV,Car,2019.2205319462166
North Carolina,2020,BEV,SUV,2053.3249582883504
North Carolina,2020,PHEV,Car,534.1554508748317
North Carolina,2020,PHEV,SUV,587.6022880215343
North Dakota,2020,BEV,Car,24.928648542545883
North Dakota,2020,BEV,SUV,25.349690843066053
North Dakota,2020,PHEV,Car,17.230820995962315
North Dakota,2020,PHEV,SUV,18.954912516823686
Ohio,2020,BEV,Car,1807.3270193345766
Ohio,2020,BEV,SUV,1837.8525861222888
Ohio,2020,PHEV,Car,545.64266487214
Ohio,2020,PHEV,SUV,600.2388963660835
Oklahoma,2020,BEV,Car,423.78702522328
Oklahoma,2020,BEV,SUV,430.94474433212287
Oklahoma,2020,PHEV,Car,103.3849259757739
Oklahoma,2020,PHEV,SUV,113.72947510094212
Oregon,2020,BEV,Car,2841.8659338502307
Oregon,2020,BEV,SUV,2889.86475610953
Oregon,2020,PHEV,Car,677.7456258411844
Oregon,2020,PHEV,SUV,745.5598923283984
Pennsylvania,2020,BEV,Car,2181.256747472765
Pennsylvania,2020,BEV,SUV,2218.09794876828
Pennsylvania,2020,PHEV,Car,735.1816958277254
Pennsylvania,2020,PHEV,SUV,808.7429340511441
Rhode Island,2020,BEV,Car,199.42918834036706
Rhode Island,2020,BEV,SUV,202.79752674452843
Rhode Island,2020,PHEV,Car,91.89771197846568
Rhode Island,2020,PHEV,SUV,101.09286675639301
South Carolina,2020,BEV,Car,548.4302679360094
South Carolina,2020,BEV,SUV,557.6931985474531
South Carolina,2020,PHEV,Car,172.30820995962313
South Carolina,2020,PHEV,SUV,189.54912516823686
South Dakota,2020,BEV,Car,49.857297085091766
South Dakota,2020,BEV,SUV,50.69938168613211
South Dakota,2020,PHEV,Car,28.718034993270525
South Dakota,2020,PHEV,SUV,31.591520861372814
Tennessee,2020,BEV,Car,972.2172931592894
Tennessee,2020,BEV,SUV,988.637942879576
Tennessee,2020,PHEV,Car,246.97510094212652
Tennessee,2020,PHEV,SUV,271.6870794078062
Texas,2020,BEV,Car,6506.377269604475
Texas,2020,BEV,SUV,6616.269310040239
Texas,2020,PHEV,Car,1171.6958277254373
Texas,2020,PHEV,SUV,1288.9340511440107
Utah,2020,BEV,Car,1396.0043183825694
Utah,2020,BEV,SUV,1419.5826872116988
Utah,2020,PHEV,Car,298.66756393001344
Utah,2020,PHEV,SUV,328.55181695827724
Vermont,2020,BEV,Car,274.2151339680047
Vermont,2020,BEV,SUV,278.84659927372655
Vermont,2020,PHEV,Car,132.1029609690444
Vermont,2020,PHEV,SUV,145.32099596231492
Virginia,2020,BEV,Car,2555.186475610953
Virginia,2020,BEV,SUV,2598.3433114142704
Virginia,2020,PHEV,Car,643.2839838492598
Virginia,2020,PHEV,SUV,707.650067294751
Washington,2020,BEV,Car,6294.483756992835
Washington,2020,BEV,SUV,6400.796937874177
Washington,2020,PHEV,Car,1056.8236877523552
Washington,2020,PHEV,SUV,1162.5679676985194
West Virginia,2020,BEV,Car,74.78594562763764
West Virginia,2020,BEV,SUV,76.04907252919816
West Virginia,2020,PHEV,Car,40.20524899057874
West Virginia,2020,PHEV,SUV,44.22812920592194
Wisconsin,2020,BEV,Car,785.2524290901953
Wisconsin,2020,BEV,SUV,798.5152615565805
Wisconsin,2020,PHEV,Car,338.8728129205922
Wisconsin,2020,PHEV,SUV,372.7799461641992
Wyoming,2020,BEV,Car,37.39297281381882
Wyoming,2020,BEV,SUV,38.02453626459908
Wyoming,2020,PHEV,Car,17.230820995962315
Wyoming,2020,PHEV,SUV,18.954912516823686
Alabama,2021,BEV,Car,617.5374724972497
Alabama,2021,BEV,SUV,945.7166529152914
Alabama,2021,PHEV,Car,181.81875953228266
Alabama,2021,PHEV,SUV,566.1840366039654
Alaska,2021,BEV,Car,170.80823707370737
Alaska,2021,BEV,SUV,261.58120187018704
Alaska,2021,PHEV,Car,27.548296898830703
Alaska,2021,PHEV,SUV,85.7854600915099
Arizona,2021,BEV,Car,5347.611729922993
Arizona,2021,BEV,SUV,8189.503781628163
Arizona,2021,PHEV,Car,853.9972038637519
Arizona,2021,PHEV,SUV,2659.3492628368076
Arkansas,2021,BEV,Car,315.3382838283828
Arkansas,2021,BEV,SUV,482.9191419141914
Arkansas,2021,PHEV,Car,99.17386883579054
Arkansas,2021,PHEV,SUV,308.8276563294357
California,2021,BEV,Car,73986.24484323432
California,2021,BEV,SUV,113304.90367161715
California,2021,PHEV,Car,17371.956024402643
California,2021,PHEV,SUV,54096.31113370615
Colorado,2021,BEV,Car,4861.465209020902
Colorado,2021,BEV,SUV,7445.003437843784
Colorado,2021,PHEV,Car,887.0551601423488
Colorado,2021,PHEV,SUV,2762.291814946619
Connecticut,2021,BEV,Car,1747.4996562156218
Connecticut,2021,BEV,SUV,2676.1769114411445
Connecticut,2021,PHEV,Car,506.888662938485
Connecticut,2021,PHEV,SUV,1578.4524656837825
Delaware,2021,BEV,Car,394.17285478547853
Delaware,2021,BEV,SUV,603.6489273927392
Delaware,2021,PHEV,Car,110.19318759532281
Delaware,2021,PHEV,SUV,343.1418403660396
District of Columbia,2021,BEV,Car,486.1465209020902
District of Columbia,2021,BEV,SUV,744.5003437843784
District of Columbia,2021,PHEV,Car,137.74148449415353
District of Columbia,2021,PHEV,SUV,428.92730045754956
Florida,2021,BEV,Car,12560.97497249725
Florida,2021,BEV,SUV,19236.279152915293
Florida,2021,PHEV,Car,1774.1103202846975
Florida,2021,PHEV,SUV,5524.583629893238
Georgia,2021,BEV,Car,4467.292354235424
Georgia,2021,BEV,SUV,6841.354510451045
Georgia,2021,PHEV,Car,749.3136756481952
Georgia,2021,PHEV,SUV,2333.3645144890693
Hawaii,2021,BEV,Car,1865.751512651265
Hawaii,2021,BEV,SUV,2857.2715896589657
Hawaii,2021,PHEV,Car,247.93467208947635
Hawaii,2021,PHEV,SUV,772.0691408235891
Idaho,2021,BEV,Car,459.86833058305837
Idaho,2021,BEV,SUV,704.2570819581958
Idaho,2021,PHEV,Car,137.74148449415353
Idaho,2021,PHEV,SUV,428.92730045754956
Illinois,2021,BEV,Car,4795.769733223323
Illinois,2021,BEV,SUV,7344.395283278328
Illinois,2021,PHEV,Car,1008.2676664972039
Illinois,2021,PHEV,SUV,3139.747839349263
Indiana,2021,BEV,Car,1366.465896589659
Indiana,2021,BEV,SUV,2092.6496149614964
Indiana,2021,PHEV,Car,413.2244534824606
Indiana,2021,PHEV,SUV,1286.7819013726487
Iowa,2021,BEV,Car,486.1465209020902
Iowa,2021,BEV,SUV,744.5003437843784
Iowa,2021,PHEV,Car,198.3477376715811
Iowa,2021,PHEV,SUV,617.6553126588714
Kansas,2021,BEV,Car,591.2592821782179
Kansas,2021,BEV,SUV,905.473391089109
Kansas,2021,PHEV,Car,181.81875953228266
Kansas,2021,PHEV,SUV,566.1840366039654
Kentucky,2021,BEV,Car,551.84199669967
Kentucky,2021,BEV,SUV,845.1084983498349
Kentucky,2021,PHEV,Car,170.7994407727504
Kentucky,2021,PHEV,SUV,531.8698525673615
Louisiana,2021,BEV,Car,420.45104510451046
Louisiana,2021,BEV,SUV,643.8921892189219
Louisiana,2021,PHEV,Car,110.19318759532281
Louisiana,2021,PHEV,SUV,343.1418403660396
Maine,2021,BEV,Car,394.17285478547853
Maine,2021,BEV,SUV,603.6489273927392
Maine,2021,PHEV,Car,231.40569395017795
Maine,2021,PHEV,SUV,720.5978647686833
Maryland,2021,BEV,Car,3363.6083608360836
Maryland,2021,BEV,SUV,5151.137513751375
Maryland,2021,PHEV,Car,947.6614133197763
Maryland,2021,PHEV,SUV,2951.019827147941
Massachusetts,2021,BEV,Car,4007.424023652365
Massachusetts,2021,BEV,SUV,6137.097428492849
Massachusetts,2021,PHEV,Car,1223.1443823080833
Massachusetts,2021,PHEV,SUV,3808.87442806304
Michigan,2021,BEV,Car,2299.3416529152914
Michigan,2021,BEV,SUV,3521.285409790979
Michigan,2021,PHEV,Car,947.6614133197763
Michigan,2021,PHEV,SUV,2951.019827147941
Minnesota,2021,BEV,Car,1970.8642739273928
Minnesota,2021,BEV,SUV,3018.2446369636964
Minnesota,2021,PHEV,Car,490.35968479918654
Minnesota,2021,PHEV,SUV,1526.9811896288763
Mississippi,2021,BEV,Car,170.80823707370737
Mississippi,2021,BEV,SUV,261.58120187018704
Mississippi,2021,PHEV,Car,60.606253177427554
Mississippi,2021,PHEV,SUV,188.7280122013218
Missouri,2021,BEV,Car,1313.9095159515953
Missouri,2021,BEV,SUV,2012.163091309131
Missouri,2021,PHEV,Car,396.6954753431622
Missouri,2021,PHEV,SUV,1235.3106253177427
Montana,2021,BEV,Car,210.22552255225523
Montana,2021,BEV,SUV,321.94609460946094
Montana,2021,PHEV,Car,60.606253177427554
Montana,2021,PHEV,SUV,188.7280122013218
Nebraska,2021,BEV,Car,354.7555693069307
Nebraska,2021,BEV,SUV,543.2840346534654
Nebraska,2021,PHEV,Car,110.19318759532281
Nebraska,2021,PHEV,SUV,343.1418403660396
Nevada,2021,BEV,Car,2286.2025577557756
Nevada,2021,BEV,SUV,3501.163778877888
Nevada,2021,PHEV,Car,347.10854092526694
Nevada,2021,PHEV,SUV,1080.8967971530249
New Hampshire,2021,BEV,Car,525.5638063806381
New Hampshire,2021,BEV,SUV,804.8652365236525
New Hampshire,2021,PHEV,Car,192.83807829181495
New Hampshire,2021,PHEV,SUV,600.4982206405695
New Jersey,2021,BEV,Car,6280.487486248625
New Jersey,2021,BEV,SUV,9618.139576457646
New Jersey,2021,PHEV,Car,1019.2869852567361
New Jersey,2021,PHEV,SUV,3174.0620233858667
New Mexico,2021,BEV,Car,551.84199669967
New Mexico,2021,BEV,SUV,845.1084983498349
New Mexico,2021,PHEV,Car,154.27046263345196
New Mexico,2021,PHEV,SUV,480.39857651245546
New York,2021,BEV,Car,6819.190387788779
New York,2021,BEV,SUV,10443.126443894389
New York,2021,PHEV,Car,2457.308083375699
New York,2021,PHEV,SUV,7652.063040162684
North Carolina,2021,BEV,Car,3311.05198019802
North Carolina,2021,BEV,SUV,5070.65099009901
North Carolina,2021,PHEV,Car,743.8040162684291
North Carolina,2021,PHEV,SUV,2316.2074224707676
North Dakota,2021,BEV,Car,52.55638063806381
North Dakota,2021,BEV,SUV,80.48652365236524
North Dakota,2021,PHEV,Car,22.038637519064565
North Dakota,2021,PHEV,SUV,68.62836807320794
Ohio,2021,BEV,Car,2785.4881738173817
Ohio,2021,BEV,SUV,4265.785753575357
Ohio,2021,PHEV,Car,721.7653787493646
Ohio,2021,PHEV,SUV,2247.57905439756
Oklahoma,2021,BEV,Car,932.8757563256326
Oklahoma,2021,BEV,SUV,1428.6357948294828
Oklahoma,2021,PHEV,Car,380.16649720386374
Oklahoma,2021,PHEV,SUV,1183.8393492628368
Oregon,2021,BEV,Car,3981.145833333333
Oregon,2021,BEV,SUV,6096.854166666666
Oregon,2021,PHEV,Car,931.1324351804778
Oregon,2021,PHEV,SUV,2899.548551093035
Pennsylvania,2021,BEV,Car,3521.277502750275
Pennsylvania,2021,BEV,SUV,5392.59708470847
Pennsylvania,2021,PHEV,Car,980.7193695983731
Pennsylvania,2021,PHEV,SUV,3053.9623792577527
Rhode Island,2021,BEV,Car,328.4773789878988
Rhode Island,2021,BEV,SUV,503.04077282728275
Rhode Island,2021,PHEV,Car,132.2318251143874
Rhode Island,2021,PHEV,SUV,411.7702084392476
South Carolina,2021,BEV,Car,972.2930418041803
South Carolina,2021,BEV,SUV,1489.0006875687568
South Carolina,2021,PHEV,Car,258.9539908490087
South Carolina,2021,PHEV,SUV,806.3833248601932
South Dakota,2021,BEV,Car,91.97366611661165
South Dakota,2021,BEV,SUV,140.85141639163916
South Dakota,2021,PHEV,Car,38.56761565836299
South Dakota,2021,PHEV,SUV,120.09964412811387
Tennessee,2021,BEV,Car,1602.969609460946
Tennessee,2021,BEV,SUV,2454.8389713971396
Tennessee,2021,PHEV,Car,347.10854092526694
Tennessee,2021,PHEV,SUV,1080.8967971530249
Texas,2021,BEV,Car,10629.527984048405
Texas,2021,BEV,SUV,16278.39940869087
Texas,2021,PHEV,Car,1685.9557702084394
Texas,2021,PHEV,SUV,5250.070157600407
Utah,2021,BEV,Car,2167.950701320132
Utah,2021,BEV,SUV,3320.069100660066
Utah,2021,PHEV,Car,413.2244534824606
Utah,2021,PHEV,SUV,1286.7819013726487
Vermont,2021,BEV,Car,446.7292354235423
Vermont,2021,BEV,SUV,684.1354510451044
Vermont,2021,PHEV,Car,176.30910015251652
Vermont,2021,PHEV,SUV,549.0269445856635
Virginia,2021,BEV,Car,4033.702213971397
Virginia,2021,BEV,SUV,6177.340690319032
Virginia,2021,PHEV,Car,870.5261820030503
Virginia,2021,PHEV,SUV,2710.820538891713
Washington,2021,BEV,Car,8776.915566556656
Washington,2021,BEV,SUV,13441.249449944995
Washington,2021,PHEV,Car,1338.8472292831723
Washington,2021,PHEV,SUV,4169.173360447382
West Virginia,2021,BEV,Car,131.39095159515952
West Virginia,2021,BEV,SUV,201.21630913091312
West Virginia,2021,PHEV,Car,55.096593797661406
West Virginia,2021,PHEV,SUV,171.5709201830198
Wisconsin,2021,BEV,Car,1221.9358498349836
Wisconsin,2021,BEV,SUV,1871.3116749174917
Wisconsin,2021,PHEV,Car,424.2437722419929
Wisconsin,2021,PHEV,SUV,1321.0960854092527
Wyoming,2021,BEV,Car,65.69547579757976
Wyoming,2021,BEV,SUV,100.60815456545656
Wyoming,2021,PHEV,Car,22.038637519064565
Wyoming,2021,PHEV,SUV,68.62836807320794
Alabama,2022,BEV,Car,1018.0492568480531
Alabama,2022,BEV,SUV,1799.6101216066822
Alabama,2022,PHEV,Car,114.61122086131965
Alabama,2022,PHEV,SUV,708.0375345713157
Alaska,2022,BEV,Car,234.03431191909266
Alaska,2022,BEV,SUV,413.7034762314212
Alaska,2022,PHEV,Car,18.233603318846306
Alaska,2022,PHEV,SUV,112.64233504543658
Arizona,2022,BEV,Car,7699.728862138148
Arizona,2022,BEV,SUV,13610.844368013757
Arizona,2022,PHEV,Car,531.3792967206638
Arizona,2022,PHEV,SUV,3282.719478467009
Arkansas,2022,BEV,Car,596.7874953936863
Arkansas,2022,BEV,SUV,1054.943864390124
Arkansas,2022,PHEV,Car,65.12001185302253
Arkansas,2022,PHEV,SUV,402.2940537337021
California,2022,BEV,Car,105736.70212504605
California,2022,BEV,SUV,186911.2305613561
California,2022,PHEV,Car,9405.934512050573
California,2022,PHEV,SUV,58107.353121295935
Colorado,2022,BEV,Car,7009.327641976824
Colorado,2022,BEV,SUV,12390.419113131064
Colorado,2022,PHEV,Car,625.1521137890162
Colorado,2022,PHEV,SUV,3862.02291584354
Connecticut,2022,BEV,Car,2574.377431110019
Connecticut,2022,BEV,SUV,4550.738238545633
Connecticut,2022,PHEV,Car,341.228862109838
Connecticut,2022,PHEV,SUV,2108.020841564599
Delaware,2022,BEV,Car,631.8926421815502
Delaware,2022,BEV,SUV,1116.9993858248372
Delaware,2022,PHEV,Car,72.934413275385225
Delaware,2022,PHEV,SUV,450.5693401817463
District of Columbia,2022,BEV,Car,690.4012201613234
District of Columbia,2022,BEV,SUV,1220.4252548826926
District of Columbia,2022,PHEV,Car,83.35361517186882
District of Columbia,2022,PHEV,SUV,514.9363887791386
Florida,2022,BEV,Car,19658.88220120378
Florida,2022,BEV,SUV,34751.09200343938
Florida,2022,PHEV,Car,1192.9986171473724
Florida,2022,PHEV,SUV,7370.027064401422
Georgia,2022,BEV,Car,7032.731073168735
Georgia,2022,BEV,SUV,12431.789460754208
Georgia,2022,PHEV,Car,471.468885815883
Georgia,2022,PHEV,SUV,2912.608949032003
Hawaii,2022,BEV,Car,2316.939687999017
Hawaii,2022,BEV,SUV,4095.66441469107
Hawaii,2022,PHEV,Car,145.86882655077045
Hawaii,2022,PHEV,SUV,901.1386803634927
Idaho,2022,BEV,Car,690.4012201613234
Idaho,2022,BEV,SUV,1220.4252548826926
Idaho,2022,PHEV,Car,91.16801659423153
Idaho,2022,PHEV,SUV,563.2116752271829
Illinois,2022,BEV,Car,7828.44773369365
Illinois,2022,BEV,SUV,13838.38127994104
Illinois,2022,PHEV,Car,669.4337218490715
Illinois,2022,PHEV,SUV,4135.582872382458
Indiana,2022,BEV,Car,2071.20366048397
Indiana,2022,BEV,SUV,3661.2757646480777
Indiana,2022,PHEV,Car,263.084847886211
Indiana,2022,PHEV,SUV,1625.2679770841564
Iowa,2022,BEV,Car,725.5063669491873
Iowa,2022,BEV,SUV,1282.4807763174058
Iowa,2022,PHEV,Car,127.63522323192414
Iowa,2022,PHEV,SUV,788.4963453180561
Kansas,2022,BEV,Car,889.3303852925521
Kansas,2022,BEV,SUV,1572.0732096794006
Kansas,2022,PHEV,Car,112.00642038719873
Kansas,2022,PHEV,SUV,691.9457724219676
Kentucky,2022,BEV,Car,889.3303852925521
Kentucky,2022,BEV,SUV,1572.0732096794006
Kentucky,2022,PHEV,Car,114.61122086131965
Kentucky,2022,PHEV,SUV,708.0375345713157
Louisiana,2022,BEV,Car,690.4012201613234
Louisiana,2022,BEV,SUV,1220.4252548826926
Louisiana,2022,PHEV,Car,75.53921374950612
Louisiana,2022,PHEV,SUV,466.6611023310944
Maine,2022,BEV,Car,585.0857797977317
Maine,2022,BEV,SUV,1034.258690578553
Maine,2022,PHEV,Car,148.47362702489136
Maine,2022,PHEV,SUV,917.2304425128408
Maryland,2022,BEV,Car,5394.490889735086
Maryland,2022,BEV,SUV,9535.865127134259
Maryland,2022,PHEV,Car,596.4993085736862
Maryland,2022,PHEV,SUV,3685.013532200711
Massachusetts,2022,BEV,Car,5780.647504401589
Massachusetts,2022,BEV,SUV,10218.475862916104
Massachusetts,2022,PHEV,Car,794.4641446068748
Massachusetts,2022,PHEV,SUV,4907.987455551166
Michigan,2022,BEV,Car,3873.2678622609833
Michigan,2022,BEV,SUV,6846.792531630021
Michigan,2022,PHEV,Car,632.9665152113789
Michigan,2022,PHEV,SUV,3910.2982022915844
Minnesota,2022,BEV,Car,2843.516889816976
Minnesota,2022,BEV,SUV,5026.497236211768
Minnesota,2022,PHEV,Car,309.9712564203872
Minnesota,2022,PHEV,SUV,1914.919695772422
Mississippi,2022,BEV,Car,280.84117430291116
Mississippi,2022,BEV,SUV,496.4441714777054
Mississippi,2022,PHEV,Car,41.67680758593441
Mississippi,2022,PHEV,SUV,257.4681943895693
Missouri,2022,BEV,Car,2094.6070916758795
Missouri,2022,BEV,SUV,3702.64611227122
Missouri,2022,PHEV,Car,270.89924930857364
Missouri,2022,PHEV,SUV,1673.5432635322006
Montana,2022,BEV,Car,386.1566146665029
Montana,2022,BEV,SUV,682.610735781845
Montana,2022,PHEV,Car,44.28160806005531
Montana,2022,PHEV,SUV,273.5599565389174
Nebraska,2022,BEV,Car,538.2789174139132
Nebraska,2022,BEV,SUV,951.5179953322688
Nebraska,2022,PHEV,Car,75.53921374950612
Nebraska,2022,PHEV,SUV,466.6611023310944
Nevada,2022,BEV,Car,3849.864431069074
Nevada,2022,BEV,SUV,6805.4221840068785
Nevada,2022,PHEV,Car,229.2224417226393
Nevada,2022,PHEV,SUV,1416.0750691426315
New Hampshire,2022,BEV,Car,819.1200917168243
New Hampshire,2022,BEV,SUV,1447.9621668099742
New Hampshire,2022,PHEV,Car,125.03042275780325
New Hampshire,2022,PHEV,SUV,772.4045831687081
New Jersey,2022,BEV,Car,10180.49256848053
New Jersey,2022,BEV,SUV,17996.10121606682
New Jersey,2022,PHEV,Car,698.0865270644015
New Jersey,2022,PHEV,SUV,4312.592256025287
New Mexico,2022,BEV,Car,830.8218073127789
New Mexico,2022,BEV,SUV,1468.6473406215453
New Mexico,2022,PHEV,Car,101.58721849071513
New Mexico,2022,PHEV,SUV,627.5787238245753
New York,2022,BEV,Car,9911.353109773574
New York,2022,BEV,SUV,17520.34221840069
New York,2022,PHEV,Car,1557.6706835242985
New York,2022,PHEV,SUV,9622.873765310154
North Carolina,2022,BEV,Car,5335.982311755312
North Carolina,2022,BEV,SUV,9432.439258076403
North Carolina,2022,PHEV,Car,489.7024891347294
North Carolina,2022,PHEV,SUV,3025.25128407744
North Dakota,2022,BEV,Car,70.21029357572779
North Dakota,2022,BEV,SUV,124.11104286942636
North Dakota,2022,PHEV,Car,15.628802844725406
North Dakota,2022,PHEV,SUV,96.55057289608851
Ohio,2022,BEV,Car,3990.2850182205298
Ohio,2022,BEV,SUV,7053.644269745731
Ohio,2022,PHEV,Car,463.6544843935203
Ohio,2022,PHEV,SUV,2864.333662583959
Oklahoma,2022,BEV,Car,1907.3796421406053
Oklahoma,2022,BEV,SUV,3371.6833312860826
Oklahoma,2022,PHEV,Car,299.5520545239036
Oklahoma,2022,PHEV,SUV,1850.5526471750297
Oregon,2022,BEV,Car,5499.806330098677
Oregon,2022,BEV,SUV,9722.031691438398
Oregon,2022,PHEV,Car,586.0801066772027
Oregon,2022,PHEV,SUV,3620.6464836033188
Pennsylvania,2022,BEV,Car,5546.613192482496
Pennsylvania,2022,BEV,SUV,9804.772386684683
Pennsylvania,2022,PHEV,Car,661.6193204267089
Pennsylvania,2022,PHEV,SUV,4087.3075859344135
Rhode Island,2022,BEV,Car,503.17377062604925
Rhode Island,2022,BEV,SUV,889.4624738975556
Rhode Island,2022,PHEV,Car,88.56321612011062
Rhode Island,2022,PHEV,SUV,547.1199130778348
South Carolina,2022,BEV,Car,1579.7316054538753
South Carolina,2022,BEV,SUV,2792.498464562093
South Carolina,2022,PHEV,Car,174.52163176610037
South Carolina,2022,PHEV,SUV,1078.1480640063216
South Dakota,2022,BEV,Car,140.42058715145558
South Dakota,2022,BEV,SUV,248.2220857388527
South Dakota,2022,PHEV,Car,26.04800474120901
South Dakota,2022,PHEV,SUV,160.91762149348085
Tennessee,2022,BEV,Car,2574.377431110019
Tennessee,2022,BEV,SUV,4550.738238545633
Tennessee,2022,PHEV,Car,231.82724219676015
Tennessee,2022,PHEV,SUV,1432.1668312919794
Texas,2022,BEV,Car,17435.556237972403
Texas,2022,BEV,SUV,30820.908979240878
Texas,2022,PHEV,Car,1114.8546029237457
Texas,2022,PHEV,SUV,6887.27419992098
Utah,2022,BEV,Car,3276.480366867297
Utah,2022,BEV,SUV,5791.848667239897
Utah,2022,PHEV,Car,265.6896483603319
Utah,2022,PHEV,SUV,1641.3597392335046
Vermont,2022,BEV,Car,620.1909265855955
Vermont,2022,BEV,SUV,1096.3142120132661
Vermont,2022,PHEV,Car,109.40161991307784
Vermont,2022,PHEV,SUV,675.8540102726196
Virginia,2022,BEV,Car,6623.171027310323
Virginia,2022,BEV,SUV,11707.80837734922
Virginia,2022,PHEV,Car,565.2417028842355
Virginia,2022,PHEV,SUV,3491.912386408534
Washington,2022,BEV,Car,12181.485935388773
Washington,2022,BEV,SUV,21533.265937845474
Washington,2022,PHEV,Car,817.9073488739629
Washington,2022,PHEV,SUV,5052.813314895298
West Virginia,2022,BEV,Car,222.33259632313803
West Virginia,2022,BEV,SUV,393.01830241985016
West Virginia,2022,PHEV,Car,36.46720663769261
West Virginia,2022,PHEV,SUV,225.28467009087316
Wisconsin,2022,BEV,Car,1837.1693485648773
Wisconsin,2022,BEV,SUV,3247.572288416656
Wisconsin,2022,PHEV,Car,260.48004741209013
Wisconsin,2022,PHEV,SUV,1609.1762149348085
Wyoming,2022,BEV,Car,93.61372476763707
Wyoming,2022,BEV,SUV,165.4813904925685
Wyoming,2022,PHEV,Car,15.628802844725406
Wyoming,2022,PHEV,SUV,96.55057289608851
Alabama,2023,BEV,Car,1175.224275148345
Alabama,2023,BEV,SUV,3061.3374954301303
Alabama,2023,PHEV,Car,87.4170746634027
Alabama,2023,PHEV,SUV,1190.2689718482252
Alaska,2023,BEV,Car,244.08504176157936
Alaska,2023,BEV,SUV,635.8162490508732
Alaska,2023,PHEV,Car,13.564718482252143
Alaska,2023,PHEV,SUV,184.69690942472462
Arizona,2023,BEV,Car,8118.087685255491
Arizona,2023,BEV,SUV,21146.777468432745
Arizona,2023,PHEV,Car,385.8408812729498
Arizona,2023,PHEV,SUV,5253.600979192166
Arkansas,2023,BEV,Car,641.8532579656346
Arkansas,2023,BEV,SUV,1671.961247504148
Arkansas,2023,PHEV,Car,48.23011015911872
Arkansas,2023,PHEV,SUV,656.7001223990208
California,2023,BEV,Car,113598.98647318542
California,2023,BEV,SUV,295913.59205826937
California,2023,PHEV,Car,6190.033200734394
California,2023,PHEV,SUV,84283.35633414933
Colorado,2023,BEV,Car,8145.208245451222
Colorado,2023,BEV,SUV,21217.423718327285
Colorado,2023,PHEV,Car,565.1966034271726
Colorado,2023,PHEV,SUV,7695.704559363526
Connecticut,2023,BEV,Car,2856.6990072836697
Connecticut,2023,BEV,SUV,7441.404988891702
Connecticut,2023,PHEV,Car,277.32313341493267
Connecticut,2023,PHEV,SUV,3776.0257037943697
Delaware,2023,BEV,Car,759.3756854804691
Delaware,2023,BEV,SUV,1978.094997047161
Delaware,2023,PHEV,Car,57.27325581395349
Delaware,2023,PHEV,SUV,779.8313953488372
District of Columbia,2023,BEV,Car,732.255125284738
District of Columbia,2023,BEV,SUV,1907.4487471526195
District of Columbia,2023,PHEV,Car,55.76606487148103
District of Columbia,2023,PHEV,SUV,759.3095165238678
Florida,2023,BEV,Car,23043.43597963947
Florida,2023,BEV,SUV,60025.763660395394
Florida,2023,PHEV,Car,863.6204100367197
Florida,2023,PHEV,SUV,11759.036566707466
Georgia,2023,BEV,Car,8353.13254028516
Georgia,2023,BEV,SUV,21759.04496751877
Georgia,2023,PHEV,Car,342.13234394124845
Georgia,2023,PHEV,SUV,4658.4664932680535
Hawaii,2023,BEV,Car,2314.2878033690486
Hawaii,2023,BEV,SUV,6028.479991000871
Hawaii,2023,PHEV,Car,110.0249388004896
Hawaii,2023,PHEV,SUV,1498.0971542227662
Idaho,2023,BEV,Car,768.4158722123793
Idaho,2023,BEV,SUV,2001.6437470120081
Idaho,2023,PHEV,Car,69.33078335373317
Idaho,2023,PHEV,SUV,944.0064259485924
Illinois,2023,BEV,Car,9004.025984982705
Illinois,2023,BEV,SUV,23454.55496498777
Illinois,2023,PHEV,Car,503.4017747858017
Illinois,2023,PHEV,SUV,6854.30752753978
Indiana,2023,BEV,Car,2359.4887370286
Indiana,2023,BEV,SUV,6146.223740825108
Indiana,2023,PHEV,Car,194.42763157894737
Indiana,2023,PHEV,SUV,2647.3223684210525
Iowa,2023,BEV,Car,813.6168058719312
Iowa,2023,BEV,SUV,2119.3874968362443
Iowa,2023,PHEV,Car,91.93864749082007
Iowa,2023,PHEV,SUV,1251.8346083231336
Kansas,2023,BEV,Car,1021.5411007058691
Kansas,2023,BEV,SUV,2661.0087460277286
Kansas,2023,PHEV,Car,84.40269277845776
Kansas,2023,PHEV,SUV,1149.2252141982863
Kentucky,2023,BEV,Car,1048.6616609016003
Kentucky,2023,BEV,SUV,2731.6549959222702
Kentucky,2023,PHEV,Car,84.40269277845776
Kentucky,2023,PHEV,SUV,1149.2252141982863
Louisiana,2023,BEV,Car,741.2953120166485
Louisiana,2023,BEV,SUV,1930.997497117467
Louisiana,2023,PHEV,Car,60.287637698898415
Louisiana,2023,PHEV,SUV,820.875152998776
Maine,2023,BEV,Car,668.9738181613656
Maine,2023,BEV,SUV,1742.6074973986895
Maine,2023,PHEV,Car,114.54651162790698
Maine,2023,PHEV,SUV,1559.6627906976744
Maryland,2023,BEV,Car,6517.97463370736
Maryland,2023,BEV,SUV,16978.6487246548
Maryland,2023,PHEV,Car,471.75076499388
Maryland,2023,PHEV,SUV,6423.348072215422
Massachusetts,2023,BEV,Car,6671.6578081498355
Massachusetts,2023,BEV,SUV,17378.9774740572
Massachusetts,2023,PHEV,Car,660.1496328029376
Massachusetts,2023,PHEV,SUV,8988.582925336597
Michigan,2023,BEV,Car,4547.213926150905
Michigan,2023,BEV,SUV,11845.02123231812
Michigan,2023,PHEV,Car,438.5925642594859
Michigan,2023,PHEV,SUV,5971.866738066095
Minnesota,2023,BEV,Car,3353.9092775387385
Minnesota,2023,BEV,SUV,8736.586236958296
Minnesota,2023,PHEV,Car,242.65774173806608
Minnesota,2023,PHEV,SUV,3304.022490820073
Mississippi,2023,BEV,Car,325.4467223487725
Mississippi,2023,BEV,SUV,847.7549987344977
Mississippi,2023,PHEV,Car,30.143818849449207
Mississippi,2023,PHEV,SUV,410.437576499388
Missouri,2023,BEV,Car,2431.810230883883
Missouri,2023,BEV,SUV,6334.613740543885
Missouri,2023,PHEV,Car,209.49954100367196
Missouri,2023,PHEV,SUV,2852.541156670746
Montana,2023,BEV,Car,415.8485896678759
Montana,2023,BEV,SUV,1083.2424983829692
Montana,2023,PHEV,Car,37.6797735618115
Montana,2023,PHEV,SUV,513.046970624235
Nebraska,2023,BEV,Car,623.7728845018139
Nebraska,2023,BEV,SUV,1624.8637475744538
Nebraska,2023,PHEV,Car,57.27325581395349
Nebraska,2023,PHEV,SUV,779.8313953488372
Nevada,2023,BEV,Car,4285.048510925504
Nevada,2023,BEV,SUV,11162.107483337551
Nevada,2023,PHEV,Car,159.7622399020808
Nevada,2023,PHEV,SUV,2175.3191554467567
New Hampshire,2023,BEV,Car,894.9784864591243
New Hampshire,2023,BEV,SUV,2331.326246519868
New Hampshire,2023,PHEV,Car,99.47460220318239
New Hampshire,2023,PHEV,SUV,1354.4440024479804
New Jersey,2023,BEV,Car,12186.171714615148
New Jersey,2023,BEV,SUV,31743.714952613966
New Jersey,2023,PHEV,Car,616.4410954712363
New Jersey,2023,PHEV,SUV,8393.448439412485
New Mexico,2023,BEV,Car,931.1392333867656
New Mexico,2023,BEV,SUV,2425.521246379257
New Mexico,2023,PHEV,Car,73.85235618115055
New Mexico,2023,PHEV,SUV,1005.5720624235006
New York,2023,BEV,Car,11869.765178998283
New York,2023,BEV,SUV,30919.508703844313
New York,2023,PHEV,Car,1391.1372399020809
New York,2023,PHEV,SUV,18941.694155446756
North Carolina,2023,BEV,Car,6346.211085801063
North Carolina,2023,BEV,SUV,16531.222475322702
North Carolina,2023,PHEV,Car,357.20425336597305
North Carolina,2023,PHEV,SUV,4863.685281517748
North Dakota,2023,BEV,Car,90.40186731910346
North Dakota,2023,BEV,SUV,235.48749964847156
North Dakota,2023,PHEV,Car,12.05752753977968
North Dakota,2023,PHEV,SUV,164.1750305997552
Ohio,2023,BEV,Car,4556.254112882814
Ohio,2023,BEV,SUV,11868.569982282967
Ohio,2023,PHEV,Car,361.72582619339045
Ohio,2023,PHEV,SUV,4925.2509179926565
Oklahoma,2023,BEV,Car,2061.1625748755587
Oklahoma,2023,BEV,SUV,5369.114991985151
Oklahoma,2023,PHEV,Car,497.3730110159119
Oklahoma,2023,PHEV,SUV,6772.220012239903
Oregon,2023,BEV,Car,5821.880255350264
Oregon,2023,BEV,SUV,15165.39497736157
Oregon,2023,PHEV,Car,434.0709914320686
Oregon,2023,PHEV,SUV,5910.301101591188
Pennsylvania,2023,BEV,Car,6346.211085801063
Pennsylvania,2023,BEV,SUV,16531.222475322702
Pennsylvania,2023,PHEV,Car,586.297276621787
Pennsylvania,2023,PHEV,SUV,7983.010862913096
Rhode Island,2023,BEV,Car,578.5719508422621
Rhode Island,2023,BEV,SUV,1507.1199977502179
Rhode Island,2023,PHEV,Car,76.86673806609548
Rhode Island,2023,PHEV,SUV,1046.6158200734394
South Carolina,2023,BEV,Car,1889.3990269692622
South Carolina,2023,BEV,SUV,4921.688742653056
South Carolina,2023,PHEV,Car,135.6471848225214
South Carolina,2023,PHEV,SUV,1846.969094247246
South Dakota,2023,BEV,Car,153.6831744424759
South Dakota,2023,BEV,SUV,400.3287494024016
South Dakota,2023,PHEV,Car,19.593482252141982
South Dakota,2023,PHEV,SUV,266.7844247246022
Tennessee,2023,BEV,Car,3001.341994994235
Tennessee,2023,BEV,SUV,7818.184988329256
Tennessee,2023,PHEV,Car,165.79100367197063
Tennessee,2023,PHEV,SUV,2257.406670746634
Texas,2023,BEV,Car,20801.46967012571
Texas,2023,BEV,SUV,54185.673669113305
Texas,2023,PHEV,Car,833.4765911872705
Texas,2023,PHEV,SUV,11348.598990208078
Utah,2023,BEV,Car,3616.074692764138
Utah,2023,BEV,SUV,9419.49998593886
Utah,2023,PHEV,Car,195.93482252141982
Utah,2023,PHEV,SUV,2667.844247246022
Vermont,2023,BEV,Car,705.134565089007
Vermont,2023,BEV,SUV,1836.802497258078
Vermont,2023,PHEV,Car,85.90988372093022
Vermont,2023,PHEV,SUV,1169.7470930232557
Virginia,2023,BEV,Car,7675.118535391884
Virginia,2023,BEV,SUV,19992.888720155235
Virginia,2023,PHEV,Car,403.92717258261933
Virginia,2023,PHEV,SUV,5499.863525091799
Washington,2023,BEV,Car,13750.124019235636
Washington,2023,BEV,SUV,35817.648696532524
Washington,2023,PHEV,Car,620.9626682986536
Washington,2023,PHEV,SUV,8455.014075887393
West Virginia,2023,BEV,Car,253.12522849348971
West Virginia,2023,BEV,SUV,659.3649990157204
West Virginia,2023,PHEV,Car,27.129436964504286
West Virginia,2023,PHEV,SUV,369.39381884944925
Wisconsin,2023,BEV,Car,2251.0064962456763
Wisconsin,2023,BEV,SUV,5863.638741246942
Wisconsin,2023,PHEV,Car,188.39886780905752
Wisconsin,2023,PHEV,SUV,2565.234853121175
Wyoming,2023,BEV,Car,99.4420540510138
Wyoming,2023,BEV,SUV,259.0362496133187
Wyoming,2023,PHEV,Car,12.05752753977968
Wyoming,2023,PHEV,SUV,164.1750305997552
Alabama,2024,BEV,Car,953.4686014792318
Alabama,2024,BEV,SUV,3667.971259034281
Alabama,2024,PHEV,Car,103.33246634026928
Alabama,2024,PHEV,SUV,1330.246328029376
Alaska,2024,BEV,Car,198.0280941533789
Alaska,2024,BEV,SUV,761.8094153378892
Alaska,2024,PHEV,Car,16.0343482252142
Alaska,2024,PHEV,SUV,206.41753365973074
Arizona,2024,BEV,Car,6586.2677240642315
Arizona,2024,BEV,SUV,25337.216850867575
Arizona,2024,PHEV,Car,456.0881272949816
Arizona,2024,PHEV,SUV,5871.432068543451
Arkansas,2024,BEV,Car,520.7405438848112
Arkansas,2024,BEV,SUV,2003.2766107033383
Arkansas,2024,PHEV,Car,57.0110159118727
Arkansas,2024,PHEV,SUV,733.9290085679314
California,2024,BEV,Car,92163.74189375405
California,2024,BEV,SUV,354551.74493095983
California,2024,PHEV,Car,7317.007573439412
California,2024,PHEV,SUV,94195.20119339046
Colorado,2024,BEV,Car,6608.270845636828
Colorado,2024,BEV,SUV,25421.86234146067
Colorado,2024,PHEV,Car,668.0978427172583
Colorado,2024,PHEV,SUV,8600.730569155447
Connecticut,2024,BEV,Car,2317.6621389802863
Connecticut,2024,BEV,SUV,8915.991675806406
Connecticut,2024,PHEV,Car,327.81334149326807
Connecticut,2024,PHEV,SUV,4220.091799265606
Delaware,2024,BEV,Car,616.0874040327343
Delaware,2024,BEV,SUV,2370.073736606766
Delaware,2024,PHEV,Car,67.70058139534883
Delaware,2024,PHEV,SUV,871.5406976744185
District of Columbia,2024,BEV,Car,594.0842824601366
District of Columbia,2024,BEV,SUV,2285.4282460136674
District of Columbia,2024,PHEV,Car,65.91898714810281
District of Columbia,2024,PHEV,SUV,848.6054161566708
Florida,2024,BEV,Car,18695.318962850473
Florida,2024,BEV,SUV,71920.45184060294
Florida,2024,PHEV,Car,1020.8535036719705
Florida,2024,PHEV,SUV,13141.916309669523
Georgia,2024,BEV,Car,6776.961444360078
Georgia,2024,BEV,SUV,26070.811102674426
Georgia,2024,PHEV,Car,404.421894124847
Georgia,2024,PHEV,SUV,5206.308904528763
Hawaii,2024,BEV,Car,1877.599707528333
Hawaii,2024,BEV,SUV,7223.081863944431
Hawaii,2024,PHEV,Car,130.0563800489596
Hawaii,2024,PHEV,SUV,1674.2755507955935
Idaho,2024,BEV,Car,623.4217778902669
Idaho,2024,BEV,SUV,2398.288900137799
Idaho,2024,PHEV,Car,81.95333537331702
Idaho,2024,PHEV,SUV,1055.0229498164015
Illinois,2024,BEV,Car,7305.036362102422
Illinois,2024,BEV,SUV,28102.3028769088
Illinois,2024,PHEV,Car,595.0524785801713
Illinois,2024,PHEV,SUV,7660.384026927784
Indiana,2024,BEV,Car,1914.2715768159958
Indiana,2024,BEV,SUV,7364.157681599595
Indiana,2024,PHEV,Car,229.82565789473682
Indiana,2024,PHEV,SUV,2958.6513157894733
Iowa,2024,BEV,Car,660.0936471779297
Iowa,2024,BEV,SUV,2539.364717792964
Iowa,2024,PHEV,Car,108.67724908200735
Iowa,2024,PHEV,SUV,1399.0521725826195
Kansas,2024,BEV,Car,828.7842459011783
Kansas,2024,BEV,SUV,3188.313479006721
Kansas,2024,PHEV,Car,99.76927784577722
Kansas,2024,PHEV,SUV,1284.37576499388
Kentucky,2024,BEV,Car,850.787367473776
Kentucky,2024,BEV,SUV,3272.95896959982
Kentucky,2024,PHEV,Car,99.76927784577722
Kentucky,2024,PHEV,SUV,1284.37576499388
Louisiana,2024,BEV,Car,601.4186563176693
Louisiana,2024,BEV,SUV,2313.6434095447007
Louisiana,2024,PHEV,Car,71.26376988984089
Louisiana,2024,PHEV,SUV,917.4112607099144
Maine,2024,BEV,Car,542.7436654574087
Maine,2024,BEV,SUV,2087.9221012964367
Maine,2024,PHEV,Car,135.40116279069767
Maine,2024,PHEV,SUV,1743.081395348837
Maryland,2024,BEV,Car,5288.08355128097
Maryland,2024,BEV,SUV,20343.132905874743
Maryland,2024,PHEV,Car,557.6389993880049
Maryland,2024,PHEV,SUV,7178.743115055079
Massachusetts,2024,BEV,Car,5412.767906859023
Massachusetts,2024,BEV,SUV,20822.790685902302
Massachusetts,2024,PHEV,Car,780.3382802937576
Massachusetts,2024,PHEV,SUV,10045.653304773563
Michigan,2024,BEV,Car,3689.1900503388733
Michigan,2024,BEV,SUV,14192.227256109565
Michigan,2024,PHEV,Car,518.4439259485924
Michigan,2024,PHEV,SUV,6674.166921664626
Minnesota,2024,BEV,Car,2721.0527011445765
Minnesota,2024,BEV,SUV,10467.825670013219
Minnesota,2024,PHEV,Car,286.83667380660955
Minnesota,2024,PHEV,SUV,3692.580324357405
Mississippi,2024,BEV,Car,264.03745887117185
Mississippi,2024,BEV,SUV,1015.7458871171856
Mississippi,2024,PHEV,Car,35.631884944920444
Mississippi,2024,PHEV,SUV,458.7056303549572
Missouri,2024,BEV,Car,1972.9465676762563
Missouri,2024,BEV,SUV,7589.878989847858
Missouri,2024,PHEV,Car,247.64160036719704
Missouri,2024,PHEV,SUV,3188.004130966952
Montana,2024,BEV,Car,337.38119744649737
Montana,2024,BEV,SUV,1297.8975224275148
Montana,2024,PHEV,Car,44.53985618115055
Montana,2024,PHEV,SUV,573.3820379436964
Nebraska,2024,BEV,Car,506.07179616974605
Nebraska,2024,BEV,SUV,1946.8462836412723
Nebraska,2024,PHEV,Car,67.70058139534883
Nebraska,2024,PHEV,SUV,871.5406976744185
Nevada,2024,BEV,Car,3476.493208470429
Nevada,2024,BEV,SUV,13373.98751370961
Nevada,2024,PHEV,Car,188.84899020807836
Nevada,2024,PHEV,SUV,2431.1398408812734
New Hampshire,2024,BEV,Car,726.1030118957226
New Hampshire,2024,BEV,SUV,2793.3011895722602
New Hampshire,2024,PHEV,Car,117.58522031823746
New Hampshire,2024,PHEV,SUV,1513.7285801713588
New Jersey,2024,BEV,Car,9886.73595995388
New Jersey,2024,BEV,SUV,38034.040439832395
New Jersey,2024,PHEV,Car,728.6720471236231
New Jersey,2024,PHEV,SUV,9380.530140758874
New Mexico,2024,BEV,Car,755.4405073258528
New Mexico,2024,BEV,SUV,2906.1618436963918
New Mexico,2024,PHEV,Car,87.29811811505508
New Mexico,2024,PHEV,SUV,1123.828794369645
New York,2024,BEV,Car,9630.03287494024
New York,2024,BEV,SUV,37046.50971624623
New York,2024,PHEV,Car,1644.4114902080782
New York,2024,PHEV,SUV,21169.26484088127
North Carolina,2024,BEV,Car,5148.730447987851
North Carolina,2024,BEV,SUV,19807.044798785115
North Carolina,2024,PHEV,Car,422.2378365973072
North Carolina,2024,PHEV,SUV,5435.661719706242
North Dakota,2024,BEV,Car,73.34373857532552
North Dakota,2024,BEV,SUV,282.1516353103293
North Dakota,2024,PHEV,Car,14.252753977968174
North Dakota,2024,PHEV,SUV,183.48225214198285
Ohio,2024,BEV,Car,3696.524424196406
Ohio,2024,BEV,SUV,14220.442419640598
Ohio,2024,PHEV,Car,427.58261933904527
Ohio,2024,PHEV,SUV,5504.467564259486
Oklahoma,2024,BEV,Car,1672.2372395174216
Oklahoma,2024,BEV,SUV,6433.057285075508
Oklahoma,2024,PHEV,Car,587.9261015911873
Oklahoma,2024,PHEV,SUV,7568.642900856794
Oregon,2024,BEV,Car,4723.336764250964
Oregon,2024,BEV,SUV,18170.565313985207
Oregon,2024,PHEV,Car,513.0991432068544
Oregon,2024,PHEV,SUV,6605.361077111384
Pennsylvania,2024,BEV,Car,5148.730447987851
Pennsylvania,2024,BEV,SUV,19807.044798785115
Pennsylvania,2024,PHEV,Car,693.0401621787025
Pennsylvania,2024,PHEV,SUV,8921.824510403916
Rhode Island,2024,BEV,Car,469.39992688208326
Rhode Island,2024,BEV,SUV,1805.7704659861076
Rhode Island,2024,PHEV,Car,90.86130660954713
Rhode Island,2024,PHEV,SUV,1169.6993574051407
South Carolina,2024,BEV,Car,1532.8841362243031
South Carolina,2024,BEV,SUV,5896.969177985882
South Carolina,2024,PHEV,Car,160.343482252142
South Carolina,2024,PHEV,SUV,2064.1753365973073
South Dakota,2024,BEV,Car,124.68435557805337
South Dakota,2024,BEV,SUV,479.6577800275598
South Dakota,2024,PHEV,Car,23.160725214198287
South Dakota,2024,PHEV,SUV,298.15865973072215
Tennessee,2024,BEV,Car,2435.0121207008074
Tennessee,2024,BEV,SUV,9367.434292302934
Tennessee,2024,PHEV,Car,195.97536719706244
Tennessee,2024,PHEV,SUV,2522.8809669522643
Texas,2024,BEV,Car,16876.3942461824
Texas,2024,BEV,SUV,64923.091284906775
Texas,2024,PHEV,Car,985.2216187270502
Texas,2024,PHEV,SUV,12683.210679314565
Utah,2024,BEV,Car,2933.7495430130202
Utah,2024,BEV,SUV,11286.065412413172
Utah,2024,PHEV,Car,231.60725214198285
Utah,2024,PHEV,SUV,2981.5865973072214
Vermont,2024,BEV,Car,572.081160887539
Vermont,2024,BEV,SUV,2200.7827554205683
Vermont,2024,PHEV,Car,101.55087209302326
Vermont,2024,PHEV,SUV,1307.3110465116279
Virginia,2024,BEV,Car,6226.883405045136
Virginia,2024,BEV,SUV,23954.67383784696
Virginia,2024,PHEV,Car,477.46725826193386
Virginia,2024,PHEV,SUV,6146.655446756426
Washington,2024,BEV,Car,11155.58263730701
Washington,2024,BEV,SUV,42915.26373070109
Washington,2024,PHEV,Car,734.016829865361
Washington,2024,PHEV,SUV,9449.335985312116
West Virginia,2024,BEV,Car,205.36246801091144
West Virginia,2024,BEV,SUV,790.024578868922
West Virginia,2024,PHEV,Car,32.0686964504284
West Virginia,2024,PHEV,SUV,412.8350673194615
Wisconsin,2024,BEV,Car,1826.2590905256054
Wisconsin,2024,BEV,SUV,7025.5757192272
Wisconsin,2024,PHEV,Car,222.69928090575274
Wisconsin,2024,PHEV,SUV,2866.9101897184823
Wyoming,2024,BEV,Car,80.67811243285806
Wyoming,2024,BEV,SUV,310.36679884136225
Wyoming,2024,PHEV,Car,14.252753977968174
Wyoming,2024,PHEV,SUV,183.48225214198285
