Year,Policy scenario,Capacity scenario,Recycling step,Annual capacity deficit (million metric tonnes/year)
2025,Baseline Policy,Decrease LIB Capacity,Materials recovery (refining),0
2026,Baseline Policy,Decrease LIB Capacity,Materials recovery (refining),0
2027,Baseline Policy,Decrease LIB Capacity,Materials recovery (refining),0
2028,Baseline Policy,Decrease LIB Capacity,Materials recovery (refining),0
2029,Baseline Policy,Decrease LIB Capacity,Materials recovery (refining),0
2030,Baseline Policy,Decrease LIB Capacity,Materials recovery (refining),0
2031,Baseline Policy,Decrease LIB Capacity,Materials recovery (refining),0
2032,Baseline Policy,Decrease LIB Capacity,Materials recovery (refining),0
2033,Baseline Policy,Decrease LIB Capacity,Materials recovery (refining),0
2034,Baseline Policy,Decrease LIB Capacity,Materials recovery (refining),0
2035,Baseline Policy,Decrease LIB Capacity,Materials recovery (refining),0
2036,Baseline Policy,Decrease LIB Capacity,Materials recovery (refining),0
2037,Baseline Policy,Decrease LIB Capacity,Materials recovery (refining),0.0810012093909272
2038,Baseline Policy,Decrease LIB Capacity,Materials recovery (refining),0.438756738165629
2039,Baseline Policy,Decrease LIB Capacity,Materials recovery (refining),0.809508392182524
2040,Baseline Policy,Decrease LIB Capacity,Materials recovery (refining),1.22127901175774
2041,Baseline Policy,Decrease LIB Capacity,Materials recovery (refining),1.66364738042256
2042,Baseline Policy,Decrease LIB Capacity,Materials recovery (refining),2.13366837673566
2043,Baseline Policy,Decrease LIB Capacity,Materials recovery (refining),2.62520055655357
2044,Baseline Policy,Decrease LIB Capacity,Materials recovery (refining),3.13022055807349
2045,Baseline Policy,Decrease LIB Capacity,Materials recovery (refining),3.6429407137048
2046,Baseline Policy,Decrease LIB Capacity,Materials recovery (refining),4.1609580511036
2047,Baseline Policy,Decrease LIB Capacity,Materials recovery (refining),4.6719244618264
2048,Baseline Policy,Decrease LIB Capacity,Materials recovery (refining),5.1681711486813
2049,Baseline Policy,Decrease LIB Capacity,Materials recovery (refining),5.6352445445934
2050,Baseline Policy,Decrease LIB Capacity,Materials recovery (refining),6.0670980894918
2025,Baseline Policy,Decrease LIB Capacity,Preprocessing (black mass production),0
2026,Baseline Policy,Decrease LIB Capacity,Preprocessing (black mass production),0
2027,Baseline Policy,Decrease LIB Capacity,Preprocessing (black mass production),0
2028,Baseline Policy,Decrease LIB Capacity,Preprocessing (black mass production),0
2029,Baseline Policy,Decrease LIB Capacity,Preprocessing (black mass production),0
2030,Baseline Policy,Decrease LIB Capacity,Preprocessing (black mass production),0
2031,Baseline Policy,Decrease LIB Capacity,Preprocessing (black mass production),0
2032,Baseline Policy,Decrease LIB Capacity,Preprocessing (black mass production),0
2033,Baseline Policy,Decrease LIB Capacity,Preprocessing (black mass production),0
2034,Baseline Policy,Decrease LIB Capacity,Preprocessing (black mass production),0
2035,Baseline Policy,Decrease LIB Capacity,Preprocessing (black mass production),0.0887911480869302
2036,Baseline Policy,Decrease LIB Capacity,Preprocessing (black mass production),0.304753306504812
2037,Baseline Policy,Decrease LIB Capacity,Preprocessing (black mass production),0.565494728943928
2038,Baseline Policy,Decrease LIB Capacity,Preprocessing (black mass production),0.92325025771863
2039,Baseline Policy,Decrease LIB Capacity,Preprocessing (black mass production),1.29400191173553
2040,Baseline Policy,Decrease LIB Capacity,Preprocessing (black mass production),1.70577253131073
2041,Baseline Policy,Decrease LIB Capacity,Preprocessing (black mass production),2.14814089997556
2042,Baseline Policy,Decrease LIB Capacity,Preprocessing (black mass production),2.61816189628867
2043,Baseline Policy,Decrease LIB Capacity,Preprocessing (black mass production),3.10969407610661
2044,Baseline Policy,Decrease LIB Capacity,Preprocessing (black mass production),3.6147140776264
2045,Baseline Policy,Decrease LIB Capacity,Preprocessing (black mass production),4.1274342332578
2046,Baseline Policy,Decrease LIB Capacity,Preprocessing (black mass production),4.6454515706566
2047,Baseline Policy,Decrease LIB Capacity,Preprocessing (black mass production),5.1564179813795
2048,Baseline Policy,Decrease LIB Capacity,Preprocessing (black mass production),5.6526646682342
2049,Baseline Policy,Decrease LIB Capacity,Preprocessing (black mass production),6.1197380641464
2050,Baseline Policy,Decrease LIB Capacity,Preprocessing (black mass production),6.5515916090449
2025,Baseline Policy,Increase LIB Capacity,Materials recovery (refining),0
2026,Baseline Policy,Increase LIB Capacity,Materials recovery (refining),0
2027,Baseline Policy,Increase LIB Capacity,Materials recovery (refining),0
2028,Baseline Policy,Increase LIB Capacity,Materials recovery (refining),0
2029,Baseline Policy,Increase LIB Capacity,Materials recovery (refining),0
2030,Baseline Policy,Increase LIB Capacity,Materials recovery (refining),0
2031,Baseline Policy,Increase LIB Capacity,Materials recovery (refining),0
2032,Baseline Policy,Increase LIB Capacity,Materials recovery (refining),0
2033,Baseline Policy,Increase LIB Capacity,Materials recovery (refining),0
2034,Baseline Policy,Increase LIB Capacity,Materials recovery (refining),0
2035,Baseline Policy,Increase LIB Capacity,Materials recovery (refining),0
2036,Baseline Policy,Increase LIB Capacity,Materials recovery (refining),0
2037,Baseline Policy,Increase LIB Capacity,Materials recovery (refining),0.193464533090531
2038,Baseline Policy,Increase LIB Capacity,Materials recovery (refining),0.582606672920915
2039,Baseline Policy,Increase LIB Capacity,Materials recovery (refining),1.00474123438968
2040,Baseline Policy,Increase LIB Capacity,Materials recovery (refining),1.49357616545275
2041,Baseline Policy,Increase LIB Capacity,Materials recovery (refining),2.04687391105455
2042,Baseline Policy,Increase LIB Capacity,Materials recovery (refining),2.66369751343167
2043,Baseline Policy,Increase LIB Capacity,Materials recovery (refining),3.3410152425466
2044,Baseline Policy,Increase LIB Capacity,Materials recovery (refining),4.0695489196508
2045,Baseline Policy,Increase LIB Capacity,Materials recovery (refining),4.8423922986683
2046,Baseline Policy,Increase LIB Capacity,Materials recovery (refining),5.6570097362009
2047,Baseline Policy,Increase LIB Capacity,Materials recovery (refining),6.4936360623718
2048,Baseline Policy,Increase LIB Capacity,Materials recovery (refining),7.3372580753012
2049,Baseline Policy,Increase LIB Capacity,Materials recovery (refining),8.1458523581752
2050,Baseline Policy,Increase LIB Capacity,Materials recovery (refining),8.9004283083248
2025,Baseline Policy,Increase LIB Capacity,Preprocessing (black mass production),0
2026,Baseline Policy,Increase LIB Capacity,Preprocessing (black mass production),0
2027,Baseline Policy,Increase LIB Capacity,Preprocessing (black mass production),0
2028,Baseline Policy,Increase LIB Capacity,Preprocessing (black mass production),0
2029,Baseline Policy,Increase LIB Capacity,Preprocessing (black mass production),0
2030,Baseline Policy,Increase LIB Capacity,Preprocessing (black mass production),0
2031,Baseline Policy,Increase LIB Capacity,Preprocessing (black mass production),0
2032,Baseline Policy,Increase LIB Capacity,Preprocessing (black mass production),0
2033,Baseline Policy,Increase LIB Capacity,Preprocessing (black mass production),0
2034,Baseline Policy,Increase LIB Capacity,Preprocessing (black mass production),0
2035,Baseline Policy,Increase LIB Capacity,Preprocessing (black mass production),0.172648358587309
2036,Baseline Policy,Increase LIB Capacity,Preprocessing (black mass production),0.399271940520854
2037,Baseline Policy,Increase LIB Capacity,Preprocessing (black mass production),0.677958052643527
2038,Baseline Policy,Increase LIB Capacity,Preprocessing (black mass production),1.06710019247392
2039,Baseline Policy,Increase LIB Capacity,Preprocessing (black mass production),1.48923475394269
2040,Baseline Policy,Increase LIB Capacity,Preprocessing (black mass production),1.97806968500575
2041,Baseline Policy,Increase LIB Capacity,Preprocessing (black mass production),2.53136743060754
2042,Baseline Policy,Increase LIB Capacity,Preprocessing (black mass production),3.14819103298471
2043,Baseline Policy,Increase LIB Capacity,Preprocessing (black mass production),3.8255087620996
2044,Baseline Policy,Increase LIB Capacity,Preprocessing (black mass production),4.5540424392038
2045,Baseline Policy,Increase LIB Capacity,Preprocessing (black mass production),5.3268858182213
2046,Baseline Policy,Increase LIB Capacity,Preprocessing (black mass production),6.1415032557539
2047,Baseline Policy,Increase LIB Capacity,Preprocessing (black mass production),6.9781295819247
2048,Baseline Policy,Increase LIB Capacity,Preprocessing (black mass production),7.8217515948543
2049,Baseline Policy,Increase LIB Capacity,Preprocessing (black mass production),8.6303458777281
2050,Baseline Policy,Increase LIB Capacity,Preprocessing (black mass production),9.3849218278779
2025,Rollback Policy,Decrease LIB Capacity,Materials recovery (refining),0
2026,Rollback Policy,Decrease LIB Capacity,Materials recovery (refining),0
2027,Rollback Policy,Decrease LIB Capacity,Materials recovery (refining),0
2028,Rollback Policy,Decrease LIB Capacity,Materials recovery (refining),0
2029,Rollback Policy,Decrease LIB Capacity,Materials recovery (refining),0
2030,Rollback Policy,Decrease LIB Capacity,Materials recovery (refining),0
2031,Rollback Policy,Decrease LIB Capacity,Materials recovery (refining),0
2032,Rollback Policy,Decrease LIB Capacity,Materials recovery (refining),0
2033,Rollback Policy,Decrease LIB Capacity,Materials recovery (refining),0
2034,Rollback Policy,Decrease LIB Capacity,Materials recovery (refining),0
2035,Rollback Policy,Decrease LIB Capacity,Materials recovery (refining),0
2036,Rollback Policy,Decrease LIB Capacity,Materials recovery (refining),0
2037,Rollback Policy,Decrease LIB Capacity,Materials recovery (refining),0
2038,Rollback Policy,Decrease LIB Capacity,Materials recovery (refining),0.11923398219854
2039,Rollback Policy,Decrease LIB Capacity,Materials recovery (refining),0.373997366105748
2040,Rollback Policy,Decrease LIB Capacity,Materials recovery (refining),0.644017647406652
2041,Rollback Policy,Decrease LIB Capacity,Materials recovery (refining),0.92653991554981
2042,Rollback Policy,Decrease LIB Capacity,Materials recovery (refining),1.22430168261994
2043,Rollback Policy,Decrease LIB Capacity,Materials recovery (refining),1.53753572005548
2044,Rollback Policy,Decrease LIB Capacity,Materials recovery (refining),1.86710432252525
2045,Rollback Policy,Decrease LIB Capacity,Materials recovery (refining),2.21079173693985
2046,Rollback Policy,Decrease LIB Capacity,Materials recovery (refining),2.57086995654833
2047,Rollback Policy,Decrease LIB Capacity,Materials recovery (refining),2.929137584666
2048,Rollback Policy,Decrease LIB Capacity,Materials recovery (refining),3.2753398233966
2049,Rollback Policy,Decrease LIB Capacity,Materials recovery (refining),3.5994482394229
2050,Rollback Policy,Decrease LIB Capacity,Materials recovery (refining),3.8945527576923
2025,Rollback Policy,Decrease LIB Capacity,Preprocessing (black mass production),0
2026,Rollback Policy,Decrease LIB Capacity,Preprocessing (black mass production),0
2027,Rollback Policy,Decrease LIB Capacity,Preprocessing (black mass production),0
2028,Rollback Policy,Decrease LIB Capacity,Preprocessing (black mass production),0
2029,Rollback Policy,Decrease LIB Capacity,Preprocessing (black mass production),0
2030,Rollback Policy,Decrease LIB Capacity,Preprocessing (black mass production),0
2031,Rollback Policy,Decrease LIB Capacity,Preprocessing (black mass production),0
2032,Rollback Policy,Decrease LIB Capacity,Preprocessing (black mass production),0
2033,Rollback Policy,Decrease LIB Capacity,Preprocessing (black mass production),0
2034,Rollback Policy,Decrease LIB Capacity,Preprocessing (black mass production),0
2035,Rollback Policy,Decrease LIB Capacity,Preprocessing (black mass production),0
2036,Rollback Policy,Decrease LIB Capacity,Preprocessing (black mass production),0.121313028058848
2037,Rollback Policy,Decrease LIB Capacity,Preprocessing (black mass production),0.331508173744123
2038,Rollback Policy,Decrease LIB Capacity,Preprocessing (black mass production),0.603727501751539
2039,Rollback Policy,Decrease LIB Capacity,Preprocessing (black mass production),0.85849088565875
2040,Rollback Policy,Decrease LIB Capacity,Preprocessing (black mass production),1.12851116695965
2041,Rollback Policy,Decrease LIB Capacity,Preprocessing (black mass production),1.41103343510281
2042,Rollback Policy,Decrease LIB Capacity,Preprocessing (black mass production),1.70879520217295
2043,Rollback Policy,Decrease LIB Capacity,Preprocessing (black mass production),2.02202923960847
2044,Rollback Policy,Decrease LIB Capacity,Preprocessing (black mass production),2.35159784207826
2045,Rollback Policy,Decrease LIB Capacity,Preprocessing (black mass production),2.6952852564928
2046,Rollback Policy,Decrease LIB Capacity,Preprocessing (black mass production),3.0553634761014
2047,Rollback Policy,Decrease LIB Capacity,Preprocessing (black mass production),3.413631104219
2048,Rollback Policy,Decrease LIB Capacity,Preprocessing (black mass production),3.7598333429496
2049,Rollback Policy,Decrease LIB Capacity,Preprocessing (black mass production),4.0839417589759
2050,Rollback Policy,Decrease LIB Capacity,Preprocessing (black mass production),4.3790462772453
2025,Rollback Policy,Increase LIB Capacity,Materials recovery (refining),0
2026,Rollback Policy,Increase LIB Capacity,Materials recovery (refining),0
2027,Rollback Policy,Increase LIB Capacity,Materials recovery (refining),0
2028,Rollback Policy,Increase LIB Capacity,Materials recovery (refining),0
2029,Rollback Policy,Increase LIB Capacity,Materials recovery (refining),0
2030,Rollback Policy,Increase LIB Capacity,Materials recovery (refining),0
2031,Rollback Policy,Increase LIB Capacity,Materials recovery (refining),0
2032,Rollback Policy,Increase LIB Capacity,Materials recovery (refining),0
2033,Rollback Policy,Increase LIB Capacity,Materials recovery (refining),0
2034,Rollback Policy,Increase LIB Capacity,Materials recovery (refining),0
2035,Rollback Policy,Increase LIB Capacity,Materials recovery (refining),0
2036,Rollback Policy,Increase LIB Capacity,Materials recovery (refining),0
2037,Rollback Policy,Increase LIB Capacity,Materials recovery (refining),0
2038,Rollback Policy,Increase LIB Capacity,Materials recovery (refining),0.2728812869334
2039,Rollback Policy,Increase LIB Capacity,Materials recovery (refining),0.566570919768311
2040,Rollback Policy,Increase LIB Capacity,Materials recovery (refining),0.894747558458429
2041,Rollback Policy,Increase LIB Capacity,Materials recovery (refining),1.25834152015288
2042,Rollback Policy,Increase LIB Capacity,Materials recovery (refining),1.66442816000373
2043,Rollback Policy,Increase LIB Capacity,Materials recovery (refining),2.11634643038279
2044,Rollback Policy,Increase LIB Capacity,Materials recovery (refining),2.61609102761404
2045,Rollback Policy,Increase LIB Capacity,Materials recovery (refining),3.16231301062592
2046,Rollback Policy,Increase LIB Capacity,Materials recovery (refining),3.7602388649764
2047,Rollback Policy,Increase LIB Capacity,Materials recovery (refining),4.3828866127369
2048,Rollback Policy,Increase LIB Capacity,Materials recovery (refining),5.0121452590195
2049,Rollback Policy,Increase LIB Capacity,Materials recovery (refining),5.6181700342793
2050,Rollback Policy,Increase LIB Capacity,Materials recovery (refining),6.182319171696
2025,Rollback Policy,Increase LIB Capacity,Preprocessing (black mass production),0
2026,Rollback Policy,Increase LIB Capacity,Preprocessing (black mass production),0
2027,Rollback Policy,Increase LIB Capacity,Preprocessing (black mass production),0
2028,Rollback Policy,Increase LIB Capacity,Preprocessing (black mass production),0
2029,Rollback Policy,Increase LIB Capacity,Preprocessing (black mass production),0
2030,Rollback Policy,Increase LIB Capacity,Preprocessing (black mass production),0
2031,Rollback Policy,Increase LIB Capacity,Preprocessing (black mass production),0
2032,Rollback Policy,Increase LIB Capacity,Preprocessing (black mass production),0
2033,Rollback Policy,Increase LIB Capacity,Preprocessing (black mass production),0
2034,Rollback Policy,Increase LIB Capacity,Preprocessing (black mass production),0
2035,Rollback Policy,Increase LIB Capacity,Preprocessing (black mass production),0.0457245731261538
2036,Rollback Policy,Increase LIB Capacity,Preprocessing (black mass production),0.235489744759735
2037,Rollback Policy,Increase LIB Capacity,Preprocessing (black mass production),0.460220849493624
2038,Rollback Policy,Increase LIB Capacity,Preprocessing (black mass production),0.757374806486397
2039,Rollback Policy,Increase LIB Capacity,Preprocessing (black mass production),1.05106443932131
2040,Rollback Policy,Increase LIB Capacity,Preprocessing (black mass production),1.37924107801143
2041,Rollback Policy,Increase LIB Capacity,Preprocessing (black mass production),1.74283503970589
2042,Rollback Policy,Increase LIB Capacity,Preprocessing (black mass production),2.14892167955672
2043,Rollback Policy,Increase LIB Capacity,Preprocessing (black mass production),2.60083994993584
2044,Rollback Policy,Increase LIB Capacity,Preprocessing (black mass production),3.100584547167
2045,Rollback Policy,Increase LIB Capacity,Preprocessing (black mass production),3.6468065301789
2046,Rollback Policy,Increase LIB Capacity,Preprocessing (black mass production),4.2447323845294
2047,Rollback Policy,Increase LIB Capacity,Preprocessing (black mass production),4.8673801322899
2048,Rollback Policy,Increase LIB Capacity,Preprocessing (black mass production),5.4966387785725
2049,Rollback Policy,Increase LIB Capacity,Preprocessing (black mass production),6.1026635538323
2050,Rollback Policy,Increase LIB Capacity,Preprocessing (black mass production),6.666812691249
