State,Year,ret_ICE,ret_BEV,ret_PHEV,ret_EV,Growth_seg,add_BEV,add_PHEV,add_ICE,Demand_total
Alberta,2020,152434.69243771298,0,0,0,0,868.023814141101,311.244383881643,213717,214896.26819802274
Alberta,2021,152650.0473369027,0,0,0,0,1543.185168212736,765.365255474453,224361,226669.5504236872
Alberta,2022,152972.5598351446,0,0,0,0,2931.3602925904197,826.631013361633,202073,205830.99130595205
Alberta,2023,153297.26085005046,4,4,8,0,4616.96265081564,1576.7213877855029,225248,231441.68403860115
Alberta,2024,153798.71744842167,12,5,17,0,6021.39989089821,2652.86206163548,237276,245950.2619525337
Alberta,2025,154489.63618623512,16,10,26,0,14169.5100971832,2820.443210399731,137525.68287865218,154515.63618623512
Alberta,2026,155067.70797065843,38,25,63,27000.872515753756,21906.798862284213,4399.975909800359,155824.80571432764,182131.58048641222
Alberta,2027,155877.3046102136,68,45,113,36001.16335433834,30478.27004991153,6761.0019963852965,154752.1959182551,191991.46796455194
Alberta,2028,156865.25001149566,114,77,191,45901.483276781386,40176.493425826484,7496.524025070117,155284.7158373804,202957.73328827703
Alberta,2029,158031.97378993314,184,126,310,45001.45419292292,47992.74221547782,9709.204921604818,145641.48084577342,203343.42798285605
Alberta,2030,159317.93887864068,303,201,504,47101.52205525933,56900.681430549594,11088.51668529898,138934.26281805144,206923.46093390003
Alberta,2031,160697.2435489035,487,289,776,46441.50072709646,65925.12650885427,13784.220776652935,128205.39699049275,207914.74427599995
Alberta,2032,162112.8523488523,736,373,1109,45841.48133785749,74378.54642475807,16349.738474641681,118335.04878731,209063.33368670975
Alberta,2033,163522.14387457553,1106,493,1599,45241.46194861852,87659.60408727835,18117.252916447404,104585.74881946831,210362.60582319406
Alberta,2034,164863.57045134957,1684,633,2317,44461.43674260785,95164.4927998964,18779.187290179732,97698.32710388128,211642.00719395743
Alberta,2035,166111.9181066322,2550,850,3400,44581.44062045564,102291.5981562766,19124.72643870439,92677.03413210686,214093.35872708785
Alberta,2036,167219.60598430684,3747,1184,4931,44881.45031507513,109015.20146339433,19357.29894816677,88659.55588782088,217032.056299382
Alberta,2037,168123.0997368927,5780,1599,7379,45241.46194861852,115653.99394450407,19495.98568251613,85593.58205849104,220743.56168551123
Alberta,2038,168740.70522583486,8740,2183,10923,45601.473582161896,122238.6748974138,19591.989665879373,83434.51424470356,225265.17880799674
Alberta,2039,169741.20516492278,12790,3002,15792,46021.487154629176,129338.11839081775,19776.196779369406,82440.37714936482,231554.69231955195
Alberta,2040,168630.4752197732,18026,3959,21985,46441.50072709646,135580.61164656607,19850.090726236478,81626.27357406712,237056.97594686964
Alberta,2041,167764.8629625219,24240,5134,29374,46921.51623848764,142393.34338686988,20043.649287952903,81623.38652618673,244060.37920100952
Alberta,2042,166202.27301851497,31326,6452,37778,47401.53174987881,149253.36488412909,20261.171290919247,81867.26859334548,251381.80476839378
Alberta,2043,163882.6182593115,39066,7958,47024,47821.54532234609,155973.96965262387,20487.059211172433,82267.13471786128,258728.16358165757
Alberta,2044,160775.48247193813,47229,9623,56852,48241.55889481338,162358.20472511576,20683.633433618375,82827.20320801738,265869.04136675154
Alberta,2045,156928.1877375774,55948,11371,67319,48661.57246728066,168658.84613707557,20877.841348188576,83372.07271959394,272908.7602048581
Alberta,2046,152483.51327697252,64790,13074,77864,48961.58216190014,176103.32190818785,21012.180841691676,82193.59268899314,279309.0954388727
Alberta,2047,147503.78293237998,73642,14650,88292,49201.58991759573,181636.16784683982,21108.950089361875,82252.25491377401,284997.3728499757
Alberta,2048,142200.95452319988,82317,16018,98335,49441.59767329132,186710.5083756622,21156.588838001764,82110.45498282724,289977.5521964912
Alberta,2049,136699.06272903355,90694,17134,107828,49621.60349006302,191236.80641233627,21163.304062582934,81748.55574417736,294148.6662190966
Alberta,2050,131153.79353378533,98690,17990,116680,49621.60349006302,195024.42723466226,21078.14669021479,81352.82309897129,297455.3970238483
British Columbia,2020,154855.673921684,10,5,15,0,10772.00003878525,2024.185529816365,195470,208266.1855686016
British Columbia,2021,154710.00707572984,24,6,30,0,18486.69705995957,4948.67862356622,203923,227358.37568352578
British Columbia,2022,154674.44945425485,39,15,54,0,30632.40349483,4963.705826808509,181909,217505.10932163853
British Columbia,2023,154637.97489207418,67,22,89,0,42663.863556472395,8381.61256620324,200849,251894.47612267564
British Columbia,2024,154747.538293863,119,38,157,0,51296.8850452609,11863.30399178059,210782,273942.1890370415
British Columbia,2025,155005.44872654427,197,62,259,0,14238.178272862326,2834.1116215541315,138192.15883212784,155264.44872654427
British Columbia,2026,155208.3159179786,355,110,465,0,18724.397004254886,3760.7911709136424,133188.12774281006,155673.3159179786
British Columbia,2027,155502.7004121407,617,189,806,5381.583698126423,25668.016374923092,5693.942263452359,130328.32547189169,161690.28411026712
British Columbia,2028,155885.427831024,978,317,1295,26702.905778322536,36400.621076022304,6791.9847442052205,140690.727789119,183883.33360934653
British Columbia,2029,156388.49664572053,1539,510,2049,26959.171668709503,43756.98097689713,8852.286313376026,132787.4010241569,185396.66831443005
British Columbia,2030,156917.42336147273,2442,847,3289,25831.601751006827,51157.51666397701,9969.317815628321,124911.19063287423,186038.02511247958
British Columbia,2031,157435.69771633006,3795,1243,5038,26190.373997548588,59821.16775182797,12507.949958922547,116334.95400312816,188664.07171387866
British Columbia,2032,157907.0370446907,5499,1635,7134,26600.399422167742,68180.35103428416,14987.263963910373,108473.8214686639,191641.43646685843
British Columbia,2033,158307.36511223204,7976,2221,10197,27061.678024864297,81493.77046946285,16842.914887456587,97229.35778017691,195566.04313709633
British Columbia,2034,158603.16735732576,11515,2834,14349,27471.70344948345,90120.27556912397,17783.79187197255,92519.80336571268,200423.87080680922
British Columbia,2035,158800.84558526278,16129,3669,19798,27266.690737173874,98360.42949171911,18389.74402911091,89115.36280160662,205865.53632243664
British Columbia,2036,158885.07075127654,21511,4735,26246,27215.437559096477,106661.65071749159,18939.39039260245,86745.46720027897,212346.508310373
British Columbia,2037,158825.99120603187,24575,5268,29843,27164.184381019084,113081.29936732049,19062.30228835401,83689.57393137645,215833.17558705097
British Columbia,2038,158566.01390144142,26918,5676,32594,27215.437559096477,118500.0094462582,18992.76937046393,80882.67264381575,218375.45146053788
British Columbia,2039,158752.71415891757,28636,6019,34655,27317.943915251264,123289.40955552146,18851.330563004056,78584.9179556433,220725.65807416884
British Columbia,2040,157040.45312824118,30222,6277,36499,27522.956627560845,126432.79788346271,18510.777302738472,76118.83456960085,221062.40975580204
British Columbia,2041,155661.46463641565,32185,6632,38817,27727.969339870426,129642.98899944616,18248.876965314972,74314.56801152494,222206.4339762861
British Columbia,2042,153723.8696058232,35212,7168,42380,28086.741586412187,133109.08928631296,18069.5829571547,73011.93894876774,224190.6111922354
British Columbia,2043,151168.22018340716,39690,8039,47729,28343.00747679916,136991.5044511262,17993.727218512206,72254.99599056788,227240.22766020632
British Columbia,2044,147963.33430216796,45502,9243,54745,28753.032901418315,141346.47587853612,18006.84295047004,72108.04837458015,231461.36720358627
British Columbia,2045,144147.08685049234,52649,10673,63322,29060.551969882683,146176.38485008056,18094.79574686159,72258.45822343287,236529.63882037502
British Columbia,2046,139845.3989094464,60554,12196,72750,29470.577394501837,152621.67700300802,18210.413311915818,71233.88598902439,242065.9763039482
British Columbia,2047,135112.48915636571,68900,13688,82588,29778.096462966205,157724.47818216906,18330.039536098804,71424.06790106406,247478.58561933192
British Columbia,2048,130133.94274770739,77442,15046,92488,30085.615531430572,162713.13527296222,18437.39236457967,71557.03064159608,252707.55827913797
British Columbia,2049,125016.71270023822,85836,16195,102031,30444.387777972333,167405.03230832098,18525.950452804547,71561.117717085,257492.10047821052
British Columbia,2050,119891.33251142947,93853,17091,110944,30444.387777972333,171306.11280651257,18514.682626507383,71458.92485638184,261279.7202894018
Manitoba,2020,39854.38384975268,0,0,0,0,170.4323585308149,81.9641554733632,54048,54300.396514004184
Manitoba,2021,39879.893873672074,0,0,0,0,334.8565723750102,206.1474869655892,56632,57173.0040593406
Manitoba,2022,39933.52769015583,0,0,0,0,661.8482774190641,232.13610649196602,50857,51750.984383911025
Manitoba,2023,39987.46578047288,0,0,0,0,1076.242571357082,452.947975284123,56528,58057.190546641206
Manitoba,2024,40084.787138128355,0,0,0,0,1473.752986969308,773.501799262075,59480,61727.25478623139
Manitoba,2025,40227.91739687017,0,0,0,0,3689.0110011687116,734.2982192026934,35804.60817649877,40227.91739687017
Manitoba,2026,40346.46619441869,6,5,11,0,4854.198772949883,974.9647950223119,34528.30262644649,40357.46619441869
Manitoba,2027,40496.94695549036,17,8,25,1642.3769353977577,6693.503954330389,1484.8215966303505,33985.99833992738,42164.32389088812
Manitoba,2028,40681.600855661876,25,15,40,4978.455085424453,9046.553522890621,1687.9946467612149,34965.507771434495,45700.05594108633
Manitoba,2029,40902.51231540765,39,27,66,4978.455085424453,10844.318815344315,2193.8674214668335,32908.781164020955,45946.9674008321
Manitoba,2030,41141.28090326734,65,48,113,5183.752202349173,12769.725173155108,2488.4993832989526,31179.80854916245,46438.03310561651
Manitoba,2031,41388.38149798835,104,71,175,5286.400760811533,14855.020662813957,3106.0218660402147,28888.739729945715,46849.78225879988
Manitoba,2032,41630.05095698469,158,92,250,5389.049319273892,16816.946842638743,3696.666525975187,26755.486907644656,47269.100276258585
Manitoba,2033,41855.09544281022,240,123,363,5594.346436198612,19923.78687818007,4117.795074296595,23770.85992653216,47812.441879008824
Manitoba,2034,42048.76386666247,371,161,532,5645.670715429792,21684.939806615228,4279.175289264449,22262.319486212586,48226.43458209226
Manitoba,2035,42204.55650409567,570,221,791,5748.319273892152,23289.320992050638,4354.2373073072795,21100.317478629906,48743.87577798782
Manitoba,2036,42310.91765690627,858,316,1174,5799.643553123333,24755.63500137959,4395.737667230881,20133.188541419127,49284.5612100296
Manitoba,2037,42352.6262094716,1358,418,1776,5850.967832354511,26185.76787710465,4414.178345303769,19379.647819417696,49979.59404182611
Manitoba,2038,42310.19113729083,2032,551,2583,5953.616390816871,27591.687307772605,4422.299677673395,18832.820542661706,50846.8075281077
Manitoba,2039,42356.148868741,2945,734,3679,5953.616390816871,29039.053403649632,4440.160731748845,18509.5511241594,51988.76525955788
Manitoba,2040,41855.65314007459,4123,939,5062,6107.589228510411,30326.864519909508,4440.096595313839,18258.28125336165,53025.24236858499
Manitoba,2041,41414.08318785313,5511,1197,6708,6158.913507741592,31669.42797991604,4457.869254849255,18153.69946082943,54280.996695594724
Manitoba,2042,40794.51275527135,7088,1478,8566,6261.562066203951,33024.59315458684,4483.094496646447,18114.387170242022,55622.074821475304
Manitoba,2043,39986.4149421845,8819,1811,10630,6364.210624666312,34350.70322426077,4511.938065487349,18117.984277102696,56980.62556685081
Manitoba,2044,38987.47362201818,10653,2180,12833,6466.85918312867,35594.31614832025,4534.5400854773725,18158.476571349223,58287.33280514684
Manitoba,2045,37814.8947885386,12634,2565,15199,6518.183462359852,36791.09317854682,4554.274050848444,18186.711021503186,59532.078250898456
Manitoba,2046,36509.59759636874,14650,2955,17605,6620.83202082221,38293.45727643531,4569.07365873285,17872.898682022787,60735.429617190945
Manitoba,2047,35091.652261776966,16669,3323,19992,6672.156300053391,39358.5677554953,4574.078236665313,17823.162569669737,61755.80856183035
Manitoba,2048,33616.71094368852,18647,3630,22277,6774.80485851575,40350.95253390225,4572.2574450061,17745.305823295916,62668.515802204274
Manitoba,2049,32117.02464071882,20554,3887,24441,6826.12913774693,41208.35665021713,4560.34064816745,17615.45648008117,63384.153778465756
Manitoba,2050,30630.847761120636,22345,4076,26421,6826.12913774693,41881.12228675359,4526.491638141409,17470.36297397256,63877.976898867564
New Brunswick,2020,28322.672535660524,0,0,0,0,79.9850870728774,54.0681331516449,34924,35058.05322022452
New Brunswick,2021,28282.104297803744,0,0,0,0,178.76958226679722,132.6860896767466,36379,36690.45567194354
New Brunswick,2022,28261.718883253023,0,0,0,0,415.268623289836,159.1852662716949,32378,32952.453889561526
New Brunswick,2023,28241.050199446472,0,0,0,0,769.930739233121,361.350511695906,35665,36796.28125092902
New Brunswick,2024,28245.80597172048,0,0,0,0,1117.006591225098,735.347001989057,37395,39247.35359321415
New Brunswick,2025,28276.009871192982,0,0,0,0,2592.988109598276,516.1346904871143,25166.887071107594,28276.009871192982
New Brunswick,2026,28298.188577720823,0,4,4,2530.69490541952,3708.5813179982374,744.8677719327209,26379.434393209383,30832.883483140344
New Brunswick,2027,28344.105706838884,2,7,9,3641.7316931646747,5079.117862989426,1126.7019406059567,25789.01759640818,31994.837400003562
New Brunswick,2028,28405.685980627633,12,11,23,4937.941278867355,6605.089931848064,1232.4424343618325,25529.094893285088,33366.627259494984
New Brunswick,2029,28480.137220445824,22,20,42,4505.871416966462,7795.20990744556,1577.0153340790835,23655.78339588764,33028.008637412284
New Brunswick,2030,28555.548931457914,35,32,67,4197.250087037252,9024.926028869222,1758.7318875407507,22036.141102085196,32819.79901849516
New Brunswick,2031,28626.176958795666,55,54,109,3765.180225136359,10305.138129547235,2154.691339007216,20040.527715377575,32500.35718393202
New Brunswick,2032,28684.76204540321,92,69,161,3394.8346292213073,11470.250063643287,2521.366681574267,18248.97992940696,32240.596674624518
New Brunswick,2033,28727.646276229065,140,93,233,3024.489033306256,13328.43490381765,2754.685338214,15902.015067503675,31985.135309535322
New Brunswick,2034,28749.55759196973,235,115,350,2592.4191714053613,14250.247077598124,2812.0578477127438,14629.671838064221,31691.97676337509
New Brunswick,2035,28751.77975920344,376,161,537,2530.69490541952,15203.016736668249,2842.3989982796456,13774.058929675066,31819.47466462296
New Brunswick,2036,28732.508752114594,591,238,829,2530.69490541952,16119.913835697847,2862.3346739497656,13109.9551478865,32092.20365753411
New Brunswick,2037,28686.271197646245,949,321,1270,2468.9706394336777,16988.530466938028,2863.7847726153,12572.926597526597,32425.241837079924
New Brunswick,2038,28602.9552401531,1456,422,1878,2468.9706394336777,17880.061618052918,2865.754089204305,12204.110172329558,32949.92587958678
New Brunswick,2039,28598.261682838107,2141,563,2704,2530.69490541952,18897.87203571159,2889.542856656458,12045.54169588958,33832.95658825763
New Brunswick,2040,28248.491437901623,2996,711,3707,2530.69490541952,19723.77408050993,2887.7189755016852,11874.693287309525,34486.18634332114
New Brunswick,2041,27953.24074979129,3997,887,4884,2530.69490541952,20634.88806796183,2904.6193431014626,11828.428244147513,35367.93565521081
New Brunswick,2042,27549.35458791368,5108,1085,6193,2592.4191714053613,21573.109680226815,2928.553542817596,11833.110536274631,36334.77375931904
New Brunswick,2043,27023.70139202797,6287,1301,7588,2654.1434373912034,22465.670803050103,2950.848330563424,11849.325695805645,37265.84482941918
New Brunswick,2044,26368.86799877701,7508,1540,9048,2654.1434373912034,23248.818429818923,2961.7846476023415,11860.40835874695,38071.01143616821
New Brunswick,2045,25590.734424415146,8784,1793,10577,2715.8677033770455,24030.24169544348,2974.6413257703925,11878.719106578319,38883.6021277922
New Brunswick,2046,24712.61011529834,10047,2031,12078,2777.5919693628875,24947.600858090584,2976.6815021799384,11643.919724390702,39568.20208466123
New Brunswick,2047,23746.511816716007,11284,2253,13537,2839.316235348729,25571.31196571079,2971.7844986624596,11579.731587691485,40122.82805206474
New Brunswick,2048,22728.995586954363,12491,2438,14929,2839.316235348729,26075.37590725762,2954.6596582353723,11467.276256810102,40497.31182230309
New Brunswick,2049,21683.57043188789,13633,2587,16220,2839.316235348729,26488.440795643655,2931.354780591917,11323.09109100105,40742.88666723662
New Brunswick,2050,20638.28958018127,14721,2688,17409,2839.316235348729,26807.00017725295,2897.287740170453,11182.317898106598,40886.60581553
Newfoundland and Labrador,2020,17779.517534047547,0,0,0,0,28.68663460419661,18.49286873012779,23736,23783.179503334326
Newfoundland and Labrador,2021,17784.57354267115,0,0,0,0,59.205410041046704,50.9674035453598,24848,24958.172813586407
Newfoundland and Labrador,2022,17802.198397374857,0,0,0,0,163.3478936199034,68.59556617726929,22282,22513.94345979717
Newfoundland and Labrador,2023,17819.901823793578,0,0,0,0,341.705923995631,155.0338946816726,24732,25228.739818677303
Newfoundland and Labrador,2024,17856.377804446034,0,0,0,0,475.017681873926,277.8047636159347,26009,26761.82244548986
Newfoundland and Labrador,2025,17912.52301529222,0,0,0,0,1642.6277753876934,326.96531669272247,15942.929923211806,17912.52301529222
Newfoundland and Labrador,2026,17958.721046233703,0,0,0,0,2160.0761863100547,433.8508443358513,15364.794015587799,17958.721046233703
Newfoundland and Labrador,2027,18018.279167713863,0,1,1,0,2860.5253264677795,634.5510231154179,14524.202818130665,18019.279167713863
Newfoundland and Labrador,2028,18089.535197134268,2,6,8,0,3582.4971637743743,668.4574428468226,13846.58059051307,18097.535197134268
Newfoundland and Labrador,2029,18170.527852201354,10,8,18,0,4292.822921050263,868.4625113835918,13027.242419767499,18188.527852201354
Newfoundland and Labrador,2030,18256.643654221858,18,13,31,0,5028.812977454956,979.989610068519,12278.841066698384,18287.643654221858
Newfoundland and Labrador,2031,18343.071757359474,29,18,47,0,5831.0814431777535,1219.2151647765272,11339.775149405194,18390.071757359474
Newfoundland and Labrador,2032,18423.686296403503,44,23,67,0,6578.4389106874505,1446.0588560970436,10466.188529619008,18490.686296403503
Newfoundland and Labrador,2033,18493.382596221247,72,37,109,0,7751.74602483954,1602.1101707949101,9248.526400586798,18602.382596221247
Newfoundland and Labrador,2034,18545.69035626111,112,50,162,0,8411.883292051538,1659.9503360642243,8635.856728145349,18707.69035626111
Newfoundland and Labrador,2035,18577.532524188442,184,69,253,0,8997.034179319782,1682.1109508553143,8151.3873940133435,18830.532524188442
Newfoundland and Labrador,2036,18583.62712452454,292,102,394,0,9532.462068291756,1692.632912575441,7752.532143657345,18977.62712452454
Newfoundland and Labrador,2037,18557.119225189592,501,148,649,0,10062.646355829347,1696.2769947712186,7447.195874589027,19206.119225189592
Newfoundland and Labrador,2038,18489.237252299532,797,209,1006,0,10578.962896715559,1695.5593794035603,7220.714976180414,19495.237252299532
Newfoundland and Labrador,2039,18455.894183044795,1189,288,1477,0,11133.79738450933,1702.391922173786,7096.704876361682,19932.894183044795
Newfoundland and Labrador,2040,18176.903851006333,1673,375,2048,0,11567.281762790233,1693.542975347259,6964.0791128688425,20224.903851006333
Newfoundland and Labrador,2041,17919.418100433264,2239,477,2716,0,12039.423134250665,1694.6998307115996,6901.2951354709985,20635.418100433264
Newfoundland and Labrador,2042,17579.30485306732,2862,593,3455,0,12488.735134236675,1695.348054351285,6850.221664479362,21034.30485306732
Newfoundland and Labrador,2043,17152.673678346633,3533,722,4255,0,12905.590943082134,1695.139300454719,6806.943434809782,21407.673678346633
Newfoundland and Labrador,2044,16639.71280118343,4235,868,5103,0,13277.6189288784,1691.5030765532363,6773.590795751793,21742.71280118343
Newfoundland and Labrador,2045,16049.521578347178,4983,1012,5995,0,13623.613878341579,1686.4318454415784,6734.47585456402,22044.52157834718
Newfoundland and Labrador,2046,15401.871362316824,5746,1157,6903,0,14063.13652431144,1677.976114523779,6563.758723481606,22304.871362316822
Newfoundland and Labrador,2047,14707.512524288471,6504,1301,7805,0,14347.804201227718,1667.4381890232216,6497.270134037529,22512.512524288468
Newfoundland and Labrador,2048,13992.46307319939,7251,1412,8663,0,14587.380974292826,1652.9290406914854,6415.15305821508,22655.46307319939
Newfoundland and Labrador,2049,13272.186480184457,7961,1509,9470,0,14785.527227462686,1636.246778591919,6320.412474129851,22742.186480184457
Newfoundland and Labrador,2050,12564.290337348571,8630,1577,10207,0,14929.82779895418,1613.6086379956387,6227.85390039875,22771.29033734857
Northwest Territories,2020,1055.838158967008,0,0,0,0,2.024938913237401,1.723911491791577,1729,1732.748850405029
Northwest Territories,2021,1061.516460292599,0,0,0,0,4.22895786007476,4.84047966631909,1830,1839.0694375263938
Northwest Territories,2022,1067.923920527928,0,0,0,0,11.127240709802681,6.09738366020172,1668,1685.2246243700044
Northwest Territories,2023,1074.381550770931,0,0,0,0,16.60463569288229,10.67154915590864,1882,1909.276184848791
Northwest Territories,2024,1082.450786608854,0,0,0,0,20.09838849263156,16.08177405722206,1991,2027.1801625498535
Northwest Territories,2025,1092.3372409043855,0,0,0,0,100.1703383977832,19.938921591483606,972.2279809151187,1092.3372409043855
Northwest Territories,2026,1100.7684595253138,0,0,0,0,132.40050502151394,26.59261338008741,941.7753411237125,1100.7684595253138
Northwest Territories,2027,1110.7282832640055,0,0,0,0,176.3259426488963,39.114426386781346,895.287914228328,1110.7282832640055
Northwest Territories,2028,1122.3291185493779,0,0,0,0,222.17063485314958,41.454775163904294,858.703708532324,1122.3291185493779
Northwest Territories,2029,1135.6046108291116,0,0,0,0,268.0233134990944,54.22264189127728,813.3586554387399,1135.6046108291116
Northwest Territories,2030,1150.3362279882501,0,0,0,0,316.32428218320075,61.64367443006499,772.3682713749845,1150.3362279882501
Northwest Territories,2031,1166.1646472455482,0,0,0,0,369.7647906959456,77.31376153978589,719.0860950098165,1166.1646472455482
Northwest Territories,2032,1182.510677087008,0,0,0,48.47982062780269,437.94998514623586,96.26926131660356,696.7712512519712,1230.9904977148108
Northwest Territories,2033,1198.824963763696,0,0,0,0,499.55894624064683,103.24750915717664,596.0185083658723,1198.824963763696
Northwest Territories,2034,1214.0731450313276,3,0,3,48.47982062780269,569.0538834192005,112.29366269416931,584.2054195457604,1265.5529656591302
Northwest Territories,2035,1227.7215869028257,6,0,6,48.47982062780269,612.6226049904118,114.53765452670446,555.041148013512,1282.2014075306283
Northwest Territories,2036,1238.8415499128218,10,2,12,0,628.2977081248757,111.56376726694499,510.98007452100114,1250.8415499128218
Northwest Territories,2037,1246.4501010954912,25,3,28,48.47982062780269,693.121593163238,116.84065716777096,512.9676713922847,1322.9299217232938
Northwest Territories,2038,1249.7505954880555,42,8,50,48.47982062780269,731.6084110046254,117.25965157837545,499.3623535328573,1348.2304161158581
Northwest Territories,2039,1253.7250684312783,66,12,78,0,743.8536996999595,113.73752242071215,474.1338463106066,1331.7250684312783
Northwest Territories,2040,1239.0201347964176,96,17,113,48.47982062780269,800.9915751644501,117.27160133642974,482.23677892334035,1400.4999554242202
Northwest Territories,2041,1224.2108782225762,134,25,159,48.47982062780269,835.2983223765574,117.5787169983324,478.8136594754889,1431.6906988503788
Northwest Territories,2042,1202.3816700650852,173,32,205,48.47982062780269,864.3912254959583,117.34126527557792,474.12899992135146,1455.8614906928879
Northwest Territories,2043,1173.6004325219278,218,39,257,0,862.435791134046,113.28026822775881,454.8843731601229,1430.6004325219278
Northwest Territories,2044,1138.1595039440294,266,49,315,48.47982062780269,917.0058447903484,116.82201575363342,467.8114640278502,1501.639324571832
Northwest Territories,2045,1097.1539672650852,315,58,373,48.47982062780269,938.5225383696986,116.1772720883951,463.933977434794,1518.6337878928878
Northwest Territories,2046,1052.1993772118358,371,67,438,48.47982062780269,970.1313795915667,115.75350065687807,452.79431759119376,1538.6791978396384
Northwest Territories,2047,1004.1892620719865,429,79,508,0,963.7571738827334,112.00358564550625,436.4285025437471,1512.1892620719866
Northwest Territories,2048,955.0245323400923,478,86,564,48.47982062780269,1009.2834166190347,114.36418042127684,443.85675592758344,1567.5043529678949
Northwest Territories,2049,905.8405893470991,527,93,620,0,992.0047748362435,109.78063833657107,424.0551761742844,1525.840589347099
Northwest Territories,2050,857.7464743708131,576,100,676,0,1005.5895125122533,108.68363289369343,419.47332896486637,1533.7464743708133
Nova Scotia,2020,31796.65731125766,0,0,0,0,102.5969049373618,62.2175329310233,37393,37557.81443786839
Nova Scotia,2021,31720.555637077934,0,0,0,0,241.8194994533655,169.7015224191868,38830,39241.521021872555
Nova Scotia,2022,31667.22381164796,0,0,0,0,568.37945545672,205.351171127508,34389,35162.73062658423
Nova Scotia,2023,31613.303640444974,0,0,0,0,1032.54616163897,418.265440527419,37694,39144.81160216639
Nova Scotia,2024,31585.117653791458,0,0,0,0,1459.8387180128711,769.717852425081,39445,41674.556570437955
Nova Scotia,2025,31581.80411726856,0,0,0,0,2896.138561585677,576.4768355699882,28109.188720112892,31581.80411726856
Nova Scotia,2026,31574.39473367055,0,5,5,2118.719657174454,4053.211486041878,814.0866681628366,28830.81623664029,33698.114390845
Nova Scotia,2027,31586.969843821505,9,7,16,3748.5040088471105,5611.977335070714,1244.9062858209127,28494.590231776987,35351.47385266861
Nova Scotia,2028,31612.65220636039,16,12,28,5704.245230854299,7392.608313393515,1379.3853346510048,28572.903789170174,37344.89743721469
Nova Scotia,2029,31647.89228408385,22,21,43,5378.288360519768,8748.99989866126,1769.972478209563,26550.208267732793,37069.18064460362
Nova Scotia,2030,31678.035819452947,42,38,80,4563.396184683439,9987.81975828699,1946.375741997057,24387.236503852335,36321.43200413638
Nova Scotia,2031,31695.370950418364,70,59,129,4183.113169293152,11417.169831430543,2387.2049692592254,22203.10931902175,36007.48411971152
Nova Scotia,2032,31694.329572852454,112,73,185,3802.830153902866,12694.656336769294,2790.5131399898264,20196.990249996197,35682.15972675532
Nova Scotia,2033,31672.62094302211,173,103,276,3313.894848401069,14694.142817357795,3036.9462032638266,17531.426770801554,35262.515791423175
Nova Scotia,2034,31626.74694595278,285,132,417,2879.285687955027,15703.08622425007,3098.7523661698574,16121.194043487882,34923.03263390781
Nova Scotia,2035,31561.366643482324,462,182,644,2824.9595428992716,16737.12846977381,3129.2208658706377,15163.976850737148,35030.32618638159
Nova Scotia,2036,31477.521418135504,719,272,991,2770.6333978435164,17700.62739655586,3143.0142905372218,14395.513128885932,35239.15481597902
Nova Scotia,2037,31371.868067348754,1130,358,1488,2716.307252787761,18639.396472661632,3142.0739947478614,13794.704852727024,35576.17532013652
Nova Scotia,2038,31235.5657571818,1690,472,2162,2716.307252787761,19596.956820010055,3140.9320808045213,13375.984109154986,36113.87300996956
Nova Scotia,2039,31195.54231918626,2439,623,3062,2716.307252787761,20652.261828081595,3157.7944610039776,13163.793282888448,36973.849571974024
Nova Scotia,2040,30791.142149441097,3388,787,4175,2716.307252787761,21551.821109200442,3155.359746041406,12975.268546987014,37682.449402228856
Nova Scotia,2041,30456.45215675963,4485,985,5470,2770.6333978435164,22577.2303127885,3178.0283791313786,12941.826862683269,38697.085554603145
Nova Scotia,2042,30012.340015634865,5699,1200,6899,2770.6333978435164,23560.448468658833,3198.3351429628856,12923.189801856657,39681.97341347838
Nova Scotia,2043,29442.19327139049,6997,1442,8439,2824.9595428992716,24539.65643259881,3223.2647247240393,12943.231656966911,40706.15281428976
Nova Scotia,2044,28735.844428342243,8342,1707,10049,2933.611833010782,25476.20297450543,3245.542438075593,12996.710848772003,41718.45626135303
Nova Scotia,2045,27897.47304556962,9737,1985,11722,2933.611833010782,26297.99860512741,3255.361074903264,12999.725198549726,42553.0848785804
Nova Scotia,2046,26950.186511305248,11126,2251,13377,2987.9379780665377,27310.021177289083,3258.559222788557,12746.544089294146,43315.12448937178
Nova Scotia,2047,25906.095469283606,12471,2489,14960,3042.264123122293,27983.928739595452,3252.168123071626,12672.262729738815,43908.3595924059
Nova Scotia,2048,24803.853415719223,13778,2683,16461,3096.590268178048,28563.409959700293,3236.5844085904428,12561.449315606536,44361.443683897276
Nova Scotia,2049,23669.118042597936,15024,2842,17866,3150.9164132338033,29052.025393851978,3215.0549811958604,12418.954080783904,44686.034455831745
Nova Scotia,2050,22532.47262113972,16194,2964,19158,3150.9164132338033,29399.9244940048,3177.529758465722,12263.934781903004,44841.389034373526
Nunavut,2020,0,0,0,0,0,0,0,0,0
Nunavut,2021,0,0,0,0,0,0,0.28473409801877,0,0.28473409801877
Nunavut,2022,0,0,0,0,0,0.445089628392107,0.435527404300123,0,0.88061703269223
Nunavut,2023,0,0,0,0,0,0,0.592863841994924,0,0.592863841994924
Nunavut,2024,0,0,0,0,0,0,0.945986709248359,0,0.945986709248359
Nunavut,2025,0,0,0,0,0,0,0,0,0
Nunavut,2026,0,0,0,0,0,0,0,0,0
Nunavut,2027,0,0,0,0,0,0,0,0,0
Nunavut,2028,0,0,0,0,0,0,0,0,0
Nunavut,2029,0,0,0,0,0,0,0,0,0
Nunavut,2030,0,0,0,0,0,0,0,0,0
Nunavut,2031,0,0,0,0,0,0,0,0,0
Nunavut,2032,0,0,0,0,0,0,0,0,0
Nunavut,2033,0,0,0,0,0,0,0,0,0
Nunavut,2034,0,0,0,0,0,0,0,0,0
Nunavut,2035,0,0,0,0,0,0,0,0,0
Nunavut,2036,0,0,0,0,0,0,0,0,0
Nunavut,2037,0,0,0,0,0,0,0,0,0
Nunavut,2038,0,0,0,0,0,0,0,0,0
Nunavut,2039,0,0,0,0,0,0,0,0,0
Nunavut,2040,0,0,0,0,0,0,0,0,0
Nunavut,2041,0,0,0,0,0,0,0,0,0
Nunavut,2042,0,0,0,0,0,0,0,0,0
Nunavut,2043,0,0,0,0,0,0,0,0,0
Nunavut,2044,0,0,0,0,0,0,0,0,0
Nunavut,2045,0,0,0,0,0,0,0,0,0
Nunavut,2046,0,0,0,0,0,0,0,0,0
Nunavut,2047,0,0,0,0,0,0,0,0,0
Nunavut,2048,0,0,0,0,0,0,0,0,0
Nunavut,2049,0,0,0,0,0,0,0,0,0
Nunavut,2050,0,0,0,0,0,0,0,0,0
Ontario,2020,456865.48914946953,10,12,22,0,8293.47480898266,3390.1503082214012,553998,565681.625117204
Ontario,2021,456053.6135898013,24,19,43,0,13819.08093458066,6944.94938477581,576460,597224.0303193565
Ontario,2022,455567.8924559484,40,33,73,0,24395.80762179983,6067.11450560287,512172,542634.9221274027
Ontario,2023,455076.1738812532,65,53,118,0,36583.5081441971,9705.477525377919,563221,609509.9856695749
Ontario,2024,454980.1428202511,113,78,191,0,48143.7570967437,14999.88059074506,590131,653274.6376874888
Ontario,2025,455275.51263296057,187,130,317,0,41779.09024154077,8316.134474674336,405497.2879167455,455592.51263296057
Ontario,2026,455468.10644613544,351,249,600,0,54855.90279695446,11017.7964537071,390194.4071954739,456068.10644613544
Ontario,2027,455876.7419790802,622,417,1039,12633.646243261157,74540.04705382828,16535.236616654685,378474.1045518583,469549.3882223413
Ontario,2028,456465.3725924796,995,707,1702,68824.29878128043,104320.62418799258,19465.164797903453,403205.88238786394,526991.67137376
Ontario,2029,457305.05095871433,1579,1142,2721,69405.76367113765,124955.52402286317,25279.213748140974,379197.0768588478,529431.814629852
Ontario,2030,458126.05342547665,2585,1959,4544,69617.20544926755,146370.58364516433,28523.958205445306,357392.7170241346,532287.2588747442
Ontario,2031,458831.5310189967,3942,2787,6729,70780.13522898196,170061.6586734425,35558.02730971908,330720.98026481713,536340.6662479787
Ontario,2032,459315.9568516681,5562,3498,9060,72154.50678682627,192304.7407441563,42272.03097846709,305953.69191587094,540530.4636384944
Ontario,2033,459527.48499508714,7816,4370,12186,73634.59923373553,227250.45150578493,46967.516545111524,271130.1161779262,545348.0842288226
Ontario,2034,459393.14220948005,11117,5119,16236,75167.55212517726,247664.8598601732,48872.690345651405,254259.14412883268,550796.6943346573
Ontario,2035,458957.0649890582,15689,6036,21725,75114.69168064478,265553.95659092814,49648.718624555564,240594.08145421924,555796.7566697029
Ontario,2036,458200.8777955917,21653,7296,28949,75220.41256970973,282478.5957731143,50158.34994970505,229733.34464248214,562370.2903653015
Ontario,2037,457061.0737361533,27921,8264,36185,75537.57523690458,298002.35255686124,50234.75109378855,220546.5453224081,568783.648973058
Ontario,2038,455401.7087785525,35438,9424,44862,76013.31923769685,312712.957463204,50120.54520508624,213443.52534795908,576277.0280162493
Ontario,2039,455093.3485312839,44500,10970,55470,76647.64457208652,327994.9293430079,50151.43521512055,209064.62854524195,587210.9931033704
Ontario,2040,449403.672096402,55939,12766,68705,77387.69079554114,340583.78072067554,49864.20156307999,205048.38060818758,595496.3628919431
Ontario,2041,444735.4580376205,69537,15095,84632,78286.3183525932,354526.4213926209,49904.041050573025,203223.31394701978,607653.7763902138
Ontario,2042,438509.0106645155,85462,17856,103318,79184.94590964523,368714.5306215249,50053.06425200732,202244.36170062848,621011.9565741607
Ontario,2043,430530.52005643793,103649,21277,124926,80189.29435576225,383198.33293160156,50332.80203021506,202114.67945038353,635645.8144122001
Ontario,2044,420690.6809824754,123549,25274,148823,81087.92191281429,397302.77618765895,50614.41150287147,202684.41520475928,650601.6028952897
Ontario,2045,409078.8531474353,145440,29602,175042,82039.4099143988,411690.0506456503,50962.04414337067,203508.1682728131,666160.263061834
Ontario,2046,396046.5486485305,168018,33919,201937,82938.03747145087,429318.469154414,51225.139962174406,200377.977003393,680921.5861199814
Ontario,2047,381754.91215035925,190730,37950,228680,83783.80458397043,442443.47270370007,51418.81869332139,200356.42533730826,694218.7167343297
Ontario,2048,366744.78017810144,213003,41457,254460,84365.26947382765,454301.86463497893,51477.96898009327,199790.21603685681,705570.0496519291
Ontario,2049,351346.105184388,234346,44294,278640,84893.87391915238,464769.6211889308,51433.931557426,198676.4263571836,714879.9791035404
Ontario,2050,335957.6901479701,254410,46407,300817,84893.87391915238,473156.6472440496,51138.54381974421,197373.37300332868,721668.5640671225
Prince Edward Island,2020,5212.559296371166,0,0,0,0,24.299266958848808,11.753941989488029,6207,6243.053208948337
Prince Edward Island,2021,5201.3728563008335,0,0,0,0,86.5014107742565,37.3001668404588,6450,6573.801577614715
Prince Edward Island,2022,5193.911890392602,0,0,0,0,220.3193660540926,40.0685211956113,5720,5980.387887249704
Prince Edward Island,2023,5186.366451751916,0,0,0,0,318.983790942213,92.1903274302107,6278,6689.174118372423
Prince Edward Island,2024,5183.1573602391745,0,0,0,0,401.194754910606,178.7914880479397,6573,7152.9862429585455
Prince Edward Island,2025,5184.181667500682,0,0,0,0,475.40376039837213,94.62919317730262,4614.1487139250075,5184.181667500682
Prince Edward Island,2026,5184.328321198909,0,0,0,696.7755666113875,707.3795747798366,142.07703771246332,5031.647275317996,5881.103887810295
Prince Edward Island,2027,5189.186097781472,0,0,0,1018.3642896627971,985.4364835206699,218.59961282197168,5003.514291101628,6207.550387444269
Prince Edward Island,2028,5196.847128346382,0,0,0,1500.7473742399116,1325.822165740321,247.38489775849197,5124.387439087481,6697.594502586295
Prince Edward Island,2029,5207.211824942761,1,2,3,1447.1492537313434,1571.258128446124,317.8744628786951,4768.228487349286,6657.361078674105
Prince Edward Island,2030,5217.548172488321,6,4,10,1179.158651188502,1761.7431215758293,343.31957909235194,4301.644123008642,6406.706823676823
Prince Edward Island,2031,5226.321052462101,15,7,22,1125.5605306799337,2021.0156388105638,422.5722002170372,3930.293744114434,6373.881583142034
Prince Edward Island,2032,5233.024549081667,25,9,34,1071.9624101713655,2255.2239434834482,495.7386699537723,3588.024345815811,6338.986959253032
Prince Edward Island,2033,5237.339818798295,40,12,52,964.7661691542289,2606.1307459015525,538.6281440401849,3109.347098010786,6254.105987952524
Prince Edward Island,2034,5238.614848474405,74,20,94,911.1680486456607,2807.5070749662755,554.0165205331052,2882.259301620685,6243.782897120065
Prince Edward Island,2035,5237.797683084967,118,35,153,911.1680486456607,3011.014213881138,562.947731597191,2728.003786252298,6301.965731730627
Prince Edward Island,2036,5235.064179908991,178,51,229,911.1680486456607,3202.2791361894715,568.6131266336403,2604.3399657315395,6375.232228554652
Prince Edward Island,2037,5229.852785051871,257,68,325,964.7661691542289,3415.8186326832165,575.8102153291734,2527.9901061937103,6519.6189542061
Prince Edward Island,2038,5220.744157310337,354,85,439,911.1680486456607,3565.6625012955164,571.4919843169321,2433.75772034355,6570.912205955998
Prince Edward Island,2039,5228.456549235746,481,111,592,911.1680486456607,3760.043255792878,574.9221981164977,2396.659143972031,6731.624597881406
Prince Edward Island,2040,5176.764105241147,639,146,785,911.1680486456607,3930.8539287119384,575.508593514236,2366.5696316606336,6872.932153886808
Prince Edward Island,2041,5137.188934546057,826,177,1003,911.1680486456607,4114.007769462926,579.0982003631492,2358.251013365642,7051.3569831917175
Prince Edward Island,2042,5079.798181670892,1032,212,1244,911.1680486456607,4295.629334401042,583.1324594535274,2356.204436461982,7234.966230316551
Prince Edward Island,2043,5001.479098923566,1253,254,1507,964.7661691542289,4505.237135816852,591.7593824624445,2376.248749798499,7473.245268077795
Prince Edward Island,2044,4900.191239200665,1490,300,1790,964.7661691542289,4674.651609223241,595.5275280282195,2384.7782711034333,7654.957408354894
Prince Edward Island,2045,4776.1665305153165,1735,349,2084,911.1680486456607,4802.71986169506,594.5162415659479,2374.0984758999703,7771.334579160978
Prince Edward Island,2046,4632.828628953347,1982,398,2380,964.7661691542289,5029.843165603907,600.1475330267597,2347.604099476909,7977.594798107576
Prince Edward Island,2047,4472.001550522466,2226,438,2664,964.7661691542289,5162.827960501964,600.0009746412079,2337.9387845335223,8100.7677196766945
Prince Edward Island,2048,4299.89336239422,2467,479,2946,1018.3642896627971,5321.183436011131,602.9552973031675,2340.1189187427185,8264.257652057016
Prince Edward Island,2049,4120.778117048995,2702,508,3210,964.7661691542289,5393.23675043955,596.84488238602,2305.462653377654,8295.544286203225
Prince Edward Island,2050,3939.6713712639494,2917,530,3447,964.7661691542289,5475.558148220551,591.7957021872011,2284.083690010427,8351.43754041818
Quebec,2020,292082.53053305496,14,16,30,0,14351.41705775125,6069.57892414509,318939,339359.99598189635
Quebec,2021,290970.00190305954,31,26,57,0,23745.59838431975,13908.40648592283,329455,367109.00487024256
Quebec,2022,290068.021403774,53,46,99,0,38122.3717614124,13335.849119669761,289377,340835.2208810822
Quebec,2023,289157.08997457917,91,75,166,0,55071.45909593,21513.8430983119,314518,391103.3021942419
Quebec,2024,288444.53413859825,157,123,280,0,77129.11187035759,29501.2261857162,327999,434629.3380560738
Quebec,2025,287910.3504959472,264,198,462,0,26444.54006697338,5263.78985388251,256664.0205750913,288372.3504959472
Quebec,2026,287407.04734141903,481,372,853,0,34671.93805860652,6963.851412659202,246624.2578701533,288260.04734141903
Quebec,2027,286961.89243394765,834,618,1452,0,45785.141355192856,10156.528949980231,232472.2221287745,288413.89243394765
Quebec,2028,286501.66817933327,1320,1044,2364,21233.717024260426,61385.71666687332,11453.948828036537,237259.7197086838,310099.38520359364
Quebec,2029,286032.47950342763,2085,1686,3771,20177.896840733665,73161.2348334101,14800.934235555,222019.20727519624,309981.37634416134
Quebec,2030,285408.3696168857,3331,2785,6116,19239.390010932097,85455.12242515088,16653.061563280477,208655.5756393865,310763.75962781784
Quebec,2031,284574.07169610023,5170,3992,9162,18418.196534855728,98977.15380919265,20695.037115589104,192482.07730617424,312154.26823095593
Quebec,2032,283482.94143454736,7494,5121,12615,17890.28644309235,111707.71828895391,24555.359944697717,177725.14964398806,313988.2278776397
Quebec,2033,282137.1407794112,10790,6701,17491,17421.033028191567,132116.66086477443,27305.51870825753,157626.99423457077,317049.1738076027
Quebec,2034,280539.86902784824,15421,8226,23647,16951.779613290782,144399.4839283998,28494.923616087093,148244.24109665205,321138.648641139
Quebec,2035,278771.20744227606,21580,10200,31780,16599.839552115198,156309.39527747873,29224.046533265217,141617.6051836473,327151.04699439125
Quebec,2036,276877.75007400254,29483,12614,42097,16482.52619839,168500.1892289611,29919.758822102463,137037.32822132896,335457.27627239254
Quebec,2037,274872.08347873914,34539,13520,48059,16482.52619839,177828.69524505583,29976.878257241402,131608.0361748319,339413.60967712913
Quebec,2038,272703.78540398803,39089,13966,53055,16599.839552115198,185778.66706156495,29775.95861756214,126803.99927697613,342358.6249561032
Quebec,2039,271506.08325928083,43147,14033,57180,16893.122936428183,193028.1085501084,29514.592497020836,123036.50514857977,345579.206195709
Quebec,2040,267265.75924020214,47128,13753,60881,17069.092967015975,197440.19852356194,28906.831191435398,118868.82249222082,345215.8522072181
Quebec,2041,263792.09932766523,51714,13541,65255,17479.689705054163,202175.82315090217,28458.783236306394,115892.1826455108,346526.7890327194
Quebec,2042,259519.25162571878,57724,13685,71409,17831.62976622975,207069.82306176348,28109.765950615823,113580.29237956923,348759.88139194855
Quebec,2043,254302.4070848097,65637,14508,80145,18242.226504267936,212618.5315301243,27927.278215406455,112143.82384354685,352689.6335890776
Quebec,2044,248051.22058502916,75291,16022,91313,18594.16656544352,218594.39070184506,27847.845789974424,111516.15065865318,357958.38715047267
Quebec,2045,240792.25574341873,86756,18016,104772,18946.106626619112,225269.04990587215,27885.47172183045,111355.84074233525,364510.3623700378
Quebec,2046,232714.03884290287,99134,20217,119351,19239.390010932097,234106.02958575333,27932.909933129216,109265.48933495242,371304.428853835
Quebec,2047,223908.3076083465,112000,22391,134391,19474.016718382492,240764.6718259012,27980.602658056814,109028.04984277098,377773.324326729
Quebec,2048,214685.25185756036,124989,24366,149355,19649.986748970285,247050.15600814953,27993.81041003002,108646.27218835111,383690.23860653065
Quebec,2049,205244.7151246597,137616,25999,163615,19767.30010269548,252660.6366533061,27960.79885694416,108005.57971710488,388627.0152273552
Quebec,2050,195820.93851922723,149546,27240,176786,19767.30010269548,257257.26248208567,27804.24171786382,107312.73442197317,392374.2386219227
Saskatchewan,2020,38760.199855856205,0,0,0,0,105.97180312609089,47.485925637531594,56145,56298.45772876363
Saskatchewan,2021,38845.297025637614,0,0,0,0,207.9878365727674,121.5814598540146,59047,59376.56929642678
Saskatchewan,2022,38957.534441441225,0,0,0,0,415.713712918229,136.3200775459385,53328,53880.03379046417
Saskatchewan,2023,39070.59269050213,0,0,0,0,644.959007439323,280.424597263599,59603,60528.38360470292
Saskatchewan,2024,39231.3827015616,0,0,0,0,821.71488337182,479.61526158891803,62852,64153.33014496074
Saskatchewan,2025,39444.022431341444,0,0,0,0,3617.1256703158338,719.9894328056505,35106.90732821996,39444.022431341444
Saskatchewan,2026,39623.061140287544,1,1,2,1286.4207145724608,4920.835814189137,988.3488306359259,35002.29721003494,40911.48185486
Saskatchewan,2027,39845.75638344249,3,5,8,3124.164592533119,6822.660900386427,1513.4725131260013,34641.78756246317,42977.920975975605
Saskatchewan,2028,40113.78303883328,15,8,23,5268.199116820553,8988.142198480902,1677.0956892008187,34739.74426797211,45404.98215565383
Saskatchewan,2029,40427.01416445282,25,14,39,5390.715375351264,10823.021041202537,2189.558760532475,32844.14973806907,45856.72953980408
Saskatchewan,2030,40771.60539525063,41,26,67,5574.48976314733,12762.867631802328,2487.1630203627155,31163.064506232917,46413.09515839796
Saskatchewan,2031,41137.25633325671,72,42,114,5819.522280208751,14925.093676106288,3120.6733644423766,29025.0115729168,47070.77861346546
Saskatchewan,2032,41508.736069278224,111,59,170,6125.812926535527,17007.44364924373,3738.5411406047792,27058.564205965242,47804.548995813755
Saskatchewan,2033,41871.56419939349,178,78,256,6309.587314331594,20184.10785601946,4171.59751892408,24081.446138781546,48437.15151372509
Saskatchewan,2034,42205.88836273999,284,105,389,6615.87796065837,22127.54301261482,4366.51593761086,22716.70737317268,49210.76632339836
Saskatchewan,2035,42500.26717627772,439,150,589,6615.87796065837,23748.605575048008,4440.1064516520555,21516.433110236023,49705.14513693609
Saskatchewan,2036,42736.94859317946,671,218,889,6677.136089923725,25267.23933995319,4486.580760597761,20549.26458255224,50303.084683103196
Saskatchewan,2037,42895.708072180045,1145,319,1464,6799.652348454435,26803.881912181336,4518.3748539327735,19837.10365452036,51159.360420634475
Saskatchewan,2038,42953.08036479587,1825,456,2281,6922.168606985146,28302.24713675892,4536.185735732942,19317.81609928915,52156.24897178101
Saskatchewan,2039,43082.677846576706,2757,641,3398,6983.426736250502,29863.124857992283,4566.1637959970585,19034.815928837867,53464.1045828272
Saskatchewan,2040,42637.18254885188,3968,872,4840,7044.684865515856,31182.833167540753,4565.417281715422,18773.616965111563,54521.867414367734
Saskatchewan,2041,42233.81371531171,5408,1140,6548,7167.201124046567,32642.607981922163,4594.856547866625,18711.5503095695,55949.014839358286
Saskatchewan,2042,41634.09702562997,7032,1447,8479,7289.717382577277,34081.87482836187,4626.620675180085,18694.31890466529,57402.81440820725
Saskatchewan,2043,40830.5522237203,8800,1793,10593,7289.717382577277,35395.225649211905,4649.135270989206,18668.908686096456,58713.26960629757
Saskatchewan,2044,39823.91985433181,10677,2177,12854,7473.491770373343,36732.65286121385,4679.558560727112,18739.200202764197,60151.41162470516
Saskatchewan,2045,38635.60469114598,12708,2586,15294,7473.491770373343,37947.39088136844,4697.409146004758,18758.29643414613,61403.09646151932
Saskatchewan,2046,37310.34972659947,14783,2987,17770,7596.008028904054,39517.20508244517,4715.087998075685,18444.064674982666,62676.35775550352
Saskatchewan,2047,35870.19182019729,16872,3357,20229,7596.008028904054,40594.59178565674,4717.723469171708,18382.88459427288,63695.19984910134
Saskatchewan,2048,34373.60486004848,18927,3685,22612,7596.008028904054,41582.755916381764,4711.835864662826,18287.021107907945,64581.61288895253
Saskatchewan,2049,32853.42293768676,20908,3951,24859,7657.266158169409,42499.22578111377,4703.1952399935835,18167.268074748827,65369.68909585618
Saskatchewan,2050,31348.834806805527,22794,4153,26947,7657.266158169409,43241.66200626323,4673.538119406965,18037.90083930474,65953.10096497493
Yukon,2020,1662.090687321998,0,0,0,0,7.08728619633092,3.134384530530145,2437,2447.2216707268612
Yukon,2021,1666.2420421724755,0,0,0,0,18.06918358395576,15.09090719499479,2565,2598.1600907789507
Yukon,2022,1671.5560250012002,0,0,0,0,35.60717027136863,18.50991468275524,2319,2373.117084954124
Yukon,2023,1676.9091080246922,0,0,0,0,64.2337222856236,35.86826244069289,2594,2694.1019847263165
Yukon,2024,1684.3534763866091,0,0,0,0,108.22209188340051,53.9212424271565,2737,2899.143334310557
Yukon,2025,1694.0832895748176,0,0,0,0,155.3521110845228,30.92286211198725,1507.8083163783076,1694.0832895748176
Yukon,2026,1702.2909326312385,0,0,0,139.46072186836517,221.52601400399112,44.49345297499232,1575.73218752062,1841.7516544996038
Yukon,2027,1712.7250973235266,0,0,0,278.92144373673034,316.16999320831457,70.13606585209534,1605.340481999847,1991.646541060257
Yukon,2028,1725.439479284351,0,0,0,278.92144373673034,396.77322042397554,74.03383734581327,1533.5538652512926,2004.3609230210814
Yukon,2029,1740.0209794028956,0,0,0,348.65180467091295,492.9647124223263,99.72956724453972,1495.9785044069426,2088.6727840738085
Yukon,2030,1756.3133216969097,0,0,0,278.92144373673034,559.6573945827836,109.06319927743984,1366.5141715734167,2035.23476543364
Yukon,2031,1773.526409255114,0,0,0,278.92144373673034,650.7854208824024,136.07209261047404,1265.5903394989682,2052.4478529918442
Yukon,2032,1791.1523853877945,1,0,1,278.92144373673034,736.8267703005281,161.96773901349735,1172.2793198104994,2071.0738291245248
Yukon,2033,1808.5513030040697,8,0,8,278.92144373673034,873.1984975949904,180.47033399146062,1041.8039151543492,2095.4727467408
Yukon,2034,1824.8657297400782,15,4,19,209.19108280254778,923.1537389264054,182.16959341528195,947.7334802009386,2053.056812542626
Yukon,2035,1839.4379945091237,26,7,33,209.19108280254778,994.5808985052148,185.94965713619484,901.0985216702618,2081.6290773116716
Yukon,2036,1851.594127767486,38,11,49,278.92144373673034,1094.7706673911,194.39310118130138,890.3518029318152,2179.5155715042165
Yukon,2037,1860.5212086170834,62,18,80,209.19108280254778,1126.2970047048518,189.8617551290373,833.5535315857421,2149.712291419631
Yukon,2038,1864.9590075241472,95,25,120,209.19108280254778,1190.641185587689,190.83182817043036,812.6770765685756,2194.150090326695
Yukon,2039,1872.4582583247309,140,34,174,209.19108280254778,1259.9245500422796,192.64634539915733,803.0784456858419,2255.6493411272786
Yukon,2040,1854.9619952706978,190,42,232,209.19108280254778,1313.244790691539,192.2695872544009,790.6387001273058,2296.1530780732455
Yukon,2041,1839.091341980924,249,51,300,278.92144373673034,1410.7530523295673,198.58118884095467,808.6785445471326,2418.0127857176544
Yukon,2042,1814.5475111197243,318,62,380,209.19108280254778,1427.1759794838258,193.73939746722635,782.8232169712201,2403.7385939222722
Yukon,2043,1780.7718588407774,391,76,467,209.19108280254778,1481.1772247459567,194.55147274377265,781.2342441535959,2456.9629416433254
Yukon,2044,1737.8000222872038,469,89,558,209.19108280254778,1529.7225152052506,194.8790935033268,780.3894963811746,2504.9911050897517
Yukon,2045,1686.48705472362,551,109,660,209.19108280254778,1579.420629258499,195.5123853563847,780.745122911284,2555.678137526168
Yukon,2046,1628.743335786354,642,123,765,209.19108280254778,1641.1402468022445,195.81649726270132,765.9776745239561,2602.9344185889017
Yukon,2047,1565.5020500942867,727,136,863,278.92144373673034,1725.5107415212442,200.53120781618304,781.3815444935897,2707.423493831017
Yukon,2048,1499.3920683900367,809,152,961,209.19108280254778,1718.889008941365,194.77119063467288,755.9229516165464,2669.5831511925844
Yukon,2049,1431.7438117338302,892,164,1056,209.19108280254778,1753.3760154770484,194.0381166561208,749.5207624032086,2696.9348945363777
Yukon,2050,1364.3898059352593,974,170,1144,209.19108280254778,1781.761775354384,192.5719593205003,743.2471540629226,2717.580888737807
