State,Year,ret_ICE,ret_BEV,ret_PHEV,ret_EV,Growth_seg,add_BEV,add_PHEV,add_ICE,Demand_total
Alberta,2020,152434.69243771298,0,0,0,0,13571.418751346366,4718.538227280448,134144.73545908614,152434.69243771298
Alberta,2021,152400.6026235769,12,7,19,0,13568.739823988952,4717.606812416927,134118.25598717103,152404.6026235769
Alberta,2022,152381.38497942494,42,25,67,0,17726.19707689262,4371.443001281737,130309.74490125058,152407.38497942494
Alberta,2023,152361.73471805418,130,71,201,0,20499.151260341834,5414.15950114301,126526.42395656931,152439.73471805418
Alberta,2024,152349.54246838373,310,162,472,0,25318.78605118412,4425.096805035764,122794.65961216386,152538.54246838373
Alberta,2025,152358.1158262968,717,336,1053,0,14010.633200710836,2788.8187392026684,135983.6638863833,152783.1158262968
Alberta,2026,152467.6849421766,1555,635,2190,27000.872515753756,21694.98289289674,4357.432717229195,154318.14184780442,180370.55745793035
Alberta,2027,152714.4948322471,3004,1079,4083,36001.16335433834,30236.84447200008,6707.4465022065015,153526.36721237883,190470.6581865854
Alberta,2028,153029.89646169296,4929,1591,6520,45901.483276781386,39962.43410874231,7456.582739097157,154457.36289063486,201876.37973847432
Alberta,2029,153396.79551995272,6821,1988,8809,45001.45419292292,47805.065701389845,9671.236894562913,145071.94711692288,202548.24971287567
Alberta,2030,153735.74990729924,8358,2184,10542,47101.52205525933,56625.64527093873,11034.919031136824,138262.707660483,205923.27196255856
Alberta,2031,153999.57752881024,9511,2226,11737,46441.50072709646,65378.59047155037,13669.946086568232,127142.54169778811,206191.0782559067
Alberta,2032,154111.30454925972,10309,2208,12517,45841.48133785749,73332.38654980855,16119.773771373495,116670.62556593513,206122.78588711718
Alberta,2033,154013.26614531397,11161,2284,13445,45241.46194861852,85762.38733792749,17725.14122437215,102322.19953163285,205809.7280939325
Alberta,2034,153639.08812284988,12932,2617,15549,44461.43674260785,92403.88431015477,18234.425453716976,94864.215101586,205502.52486545773
Alberta,2035,152976.03172080935,15961,3220,19181,44581.44062045564,98717.78560561014,18456.556338650968,89439.13039700384,206613.47234126498
Alberta,2036,152013.6810045986,19775,3968,23743,44881.45031507513,104557.32666308925,18565.73580812175,85034.06884846272,208157.13131967373
Alberta,2037,150755.87619582596,23887,4801,28688,45241.46194861852,109866.55506849164,18520.387507157684,81310.39556879515,209697.33814444448
Alberta,2038,149220.09522251502,28096,5711,33807,45601.473582161896,114534.43475386582,18357.18085105445,78175.95319975665,211067.56880467694
Alberta,2039,148202.11671777634,32365,6654,39019,46021.487154629176,119010.7789335149,18197.114758879252,75857.71018001135,213065.60387240548
Alberta,2040,145349.51919245016,36641,7518,44159,46441.50072709646,121949.76723617257,17854.425601735787,73419.82708163824,213224.0199195466
Alberta,2041,143155.10378836686,40772,8180,48952,46921.51623848764,124837.34426122671,17572.4221855879,71559.85358003987,213969.6200268545
Alberta,2042,140784.88087864764,44496,8595,53091,47401.53174987881,127203.71516901368,17267.927352134004,69772.77010737876,214244.41262852645
Alberta,2043,138238.38917061427,47709,8797,56506,47821.54532234609,128951.73577287019,16937.70987585948,68014.4888442307,213903.93449296037
Alberta,2044,135484.88922968807,50515,8866,59381,48241.55889481338,130112.64293358373,16575.708114498575,66377.09707641916,213065.44812450145
Alberta,2045,132511.96420500704,52992,8847,61839,48661.57246728066,130883.18198054394,16201.689808283372,64698.66488346037,211783.53667228768
Alberta,2046,129354.50088082257,55174,8775,63949,48961.58216190014,132418.12422823563,15799.779032288174,61804.17978219894,210022.08304272272
Alberta,2047,125939.67672069592,57068,8670,65738,49201.58991759573,132426.2660867138,15389.993493488204,59968.00705808966,207784.26663829165
Alberta,2048,122333.85181166703,58656,8538,67194,49441.59767329132,132115.28273462428,14970.280678626992,58100.88607170708,205186.44948495834
Alberta,2049,118526.3498521852,59964,8400,68364,49621.60349006302,131442.63200074766,14546.155836863898,56188.16550463666,202176.95334224822
Alberta,2050,114560.29311105816,61028,8252,69280,49621.60349006302,130276.1150543636,14080.180120427112,54343.60142633045,198699.89660112117
British Columbia,2020,154855.673921684,31,11,42,0,13788.296709118387,4793.942792797982,136288.43441976764,154870.673921684
British Columbia,2021,154543.10400158312,85,33,118,0,13763.406309201586,4785.288848383507,136042.40884399804,154591.10400158312
British Columbia,2022,154276.62757513797,217,85,302,0,17957.56189094096,4428.499689342198,132010.5659948548,154396.62757513797
British Columbia,2023,154034.268936769,516,197,713,0,20751.630431977028,5480.843359834952,128084.795144957,154317.268936769
British Columbia,2024,153817.7602454172,1139,436,1575,0,25638.339235644038,4480.946788235352,124344.47422153782,154463.7602454172
British Columbia,2025,153633.55950986387,2215,839,3054,0,14208.385035427957,2828.1812729633,137902.99320147262,154939.55950986387
British Columbia,2026,153557.50183289745,3653,1348,5001,0,18739.09353439416,3763.742965878163,133292.66533262513,155795.50183289745
British Columbia,2027,153521.5174458378,5154,1801,6955,5381.583698126423,25741.487673862914,5710.240419417107,130701.3730506842,162153.10114396422
British Columbia,2028,153511.9099795287,6437,2079,8516,26702.905778322536,36483.65965508306,6807.478896378702,141011.67720638946,184302.81575785123
British Columbia,2029,153546.9060191029,7538,2222,9760,26959.171668709503,43720.25876311093,8844.857200506742,132675.96172419473,185241.0776878124
British Columbia,2030,153514.86459304547,8609,2266,10875,25831.601751006827,50775.134979775365,9894.801209169083,123977.53015510783,184647.46634405229
British Columbia,2031,153358.7431442283,9516,2233,11749,26190.373997548588,58767.85007498365,12287.712787233188,114286.55427956006,185342.1171417769
British Columbia,2032,153018.93565691836,10046,2152,12198,26600.399422167742,66059.21182235485,14520.999522746088,105099.12373398515,185679.3350790861
British Columbia,2033,152447.25728339475,10498,2131,12629,27061.678024864297,77393.74378709313,15995.532320057395,92337.65920110853,185726.93530825904
British Columbia,2034,151588.53333190497,11764,2372,14136,27471.70344948345,83561.41871886389,16489.50660257587,85786.31145994866,185837.2367813884
British Columbia,2035,150436.40289357182,14312,2880,17192,27266.690737173874,88783.87934706768,16599.28513469431,80438.92914898373,185822.09363074572
British Columbia,2036,148980.71403898502,17768,3560,21328,27215.437559096477,93578.06349080853,16616.20146242043,76104.88664485257,186299.15159808152
British Columbia,2037,147222.8690033969,21529,4332,25861,27164.184381019084,97833.848255741,16492.014151924766,72405.1909767502,186731.05338441598
British Columbia,2038,145173.38486525955,25320,5151,30471,27215.437559096477,101492.67958381801,16266.89369168414,69274.24914885391,187033.82242435607
British Columbia,2039,143575.86745828792,29153,5991,35144,27317.943915251264,104935.08168465718,16044.897283756301,66885.83240512571,187865.81137353918
British Columbia,2040,140202.874325998,33009,6774,39783,27522.956627560845,106969.02867406997,15661.12512910661,64400.67715038231,187030.83095355888
British Columbia,2041,137409.9096352018,36731,7371,44102,27727.969339870426,108906.80534538816,15329.998997801462,62428.074631882584,186664.87897507224
British Columbia,2042,134411.93404895294,40031,7738,47769,28086.741586412187,110408.3869030062,14987.958500852308,60560.33023150665,185956.67563536513
British Columbia,2043,131219.59632606598,42797,7895,50692,28343.00747679916,111265.76041015435,14614.670811903718,58686.17258080705,184566.60380286514
British Columbia,2044,127822.21478171881,45122,7925,53047,28753.032901418315,111639.14722610735,14222.27599754529,56952.82445948449,182814.24768313713
British Columbia,2045,124226.85840666865,47115,7875,54990,29060.551969882683,111575.40685470216,13811.630377091675,55154.373144757505,180541.41037655133
British Columbia,2046,120485.51579231465,48821,7765,56586,29470.577394501837,112259.27578073082,13394.478754306696,52395.33865177895,178049.0931868165
British Columbia,2047,116552.7113202729,50234,7635,57869,29778.096462966205,111596.89308976103,12969.296116982596,50535.61857649547,175101.8077832391
British Columbia,2048,112502.81838356901,51365,7482,58847,30085.615531430572,110671.52051607688,12540.43961427252,48670.47378465017,171882.4339149996
British Columbia,2049,108338.89050503325,52240,7324,59564,30444.387777972333,109529.3398578543,12121.111864772414,46820.82656037889,168471.27828300558
British Columbia,2050,104105.04382353896,52877,7149,60026,30444.387777972333,107851.52228078648,11656.540873528815,44989.368447195986,164497.43160151129
Manitoba,2020,39854.38384975268,0,0,0,0,3548.27712545096,1233.6721432137788,35072.434581087946,39854.38384975268
Manitoba,2021,39821.9801843435,3,0,3,0,3545.481224552158,1232.7000587536056,35044.798901037735,39822.9801843435
Manitoba,2022,39796.07095665096,8,2,10,0,4628.950069250706,1141.5416005888062,34028.579286811444,39799.07095665096
Manitoba,2023,39772.0871423148,32,16,48,0,5350.724445310196,1413.213416773006,33026.14928023159,39790.0871423148
Manitoba,2024,39751.5561401029,77,36,113,0,6605.546861666426,1154.4860110584596,32036.52326737801,39796.5561401029
Manitoba,2025,39737.29055544631,181,83,264,0,3653.8313615071675,727.2957064025201,35463.16348753662,39844.29055544631
Manitoba,2026,39749.67893482444,395,162,557,0,4808.638215657371,965.8139667436417,34204.226752423434,39978.67893482444
Manitoba,2027,39772.90483763987,768,274,1042,1642.3769353977577,6645.396610799636,1474.1499330116617,33741.73522922633,41861.28177303763
Manitoba,2028,39805.70358206835,1279,416,1695,4978.455085424453,9016.28674661247,1682.3471749142882,34848.524745966046,45547.15866749281
Manitoba,2029,39846.14747811325,1769,519,2288,4978.455085424453,10833.847907969423,2191.7490973052027,32877.005558263074,45902.6025635377
Manitoba,2030,39871.011951149594,2165,565,2730,5183.752202349173,12751.227274476325,2484.894606467009,31134.64227255543,46370.76415349876
Manitoba,2031,39865.365850173956,2440,570,3010,5286.400760811533,14785.258609783039,3091.435386017585,28753.072615184865,46629.76661098549
Manitoba,2032,39810.0712290166,2589,556,3145,5389.049319273892,16636.93423103915,3657.0965254405855,26469.08979181075,46763.12054829049
Manitoba,2033,39689.36559806014,2700,551,3251,5594.346436198612,19538.44533061143,4038.153712129759,23311.112991517566,46887.71203425875
Manitoba,2034,39485.9469476812,3002,606,3608,5645.670715429792,21072.60098929149,4158.340038665792,21633.67663515371,46864.617663111
Manitoba,2035,39194.75494743799,3614,729,4343,5748.319273892152,22457.106177163616,4198.644072282877,20346.323971883656,47002.07422133014
Manitoba,2036,38811.565168369525,4455,889,5344,5799.643553123333,23682.042850482278,4205.105132186648,19260.060738823933,47147.20872149286
Manitoba,2037,38336.00275920024,5385,1082,6467,5850.967832354511,24767.164934710265,4175.042093188107,18329.763563656372,47271.970591554746
Manitoba,2038,37771.65400193607,6344,1290,7634,5953.616390816871,25716.020054647775,4121.674253921951,17552.576084183213,47390.27039275294
Manitoba,2039,37321.721489224234,7328,1507,8835,5953.616390816871,26552.646258742672,4059.981418928402,16924.710202370035,47537.3378800411
Manitoba,2040,36386.42650258899,8316,1707,10023,6107.589228510411,27084.44901197874,3965.3809171432576,16306.185801977408,47356.01573109941
Manitoba,2041,35605.73720690205,9266,1861,11127,6158.913507741592,27535.00640797922,3875.897555713706,15783.746750950715,47194.65071464365
Manitoba,2042,34770.93325972864,10112,1954,12066,6261.562066203951,27877.782073063456,3784.4139609968597,15291.299291872278,46953.4953259326
Manitoba,2043,33888.054976916,10818,1996,12814,6364.210624666312,28075.432790419487,3687.6861904433817,14808.14662071945,46571.265601582316
Manitoba,2044,32956.51573705282,11417,2005,13422,6466.85918312867,28128.29241331279,3583.405534543894,14349.676972324814,46061.37492018149
Manitoba,2045,31980.312166772455,11926,1993,13919,6518.183462359852,28056.47529753507,3473.038346149009,13868.981985448227,45398.4956291323
Manitoba,2046,30974.847844142434,12356,1965,14321,6620.83202082221,28187.39154675752,3363.2447259843684,13156.043592222759,44706.679864964644
Manitoba,2047,29927.462206294113,12707,1931,14638,6672.156300053391,27964.97397925774,3249.9652848667256,12663.679242223036,43878.6185063475
Manitoba,2048,28858.177239704783,12989,1888,14877,6774.80485851575,27713.192237380958,3140.244320770098,12187.545540069477,43040.98209822053
Manitoba,2049,27766.062167178345,13199,1849,15048,6826.12913774693,27367.62350121997,3028.6499157373846,11698.91788796792,42095.191304925276
Manitoba,2050,26661.501126254912,13348,1802,15150,6826.12913774693,26912.57466387583,2908.698180120643,11226.357420005366,41047.63026400184
New Brunswick,2020,28322.672535660524,0,0,0,0,2521.5969081039,876.7138957745341,24924.36173178209,28322.672535660524
New Brunswick,2021,28254.868388367166,2,0,2,0,2515.5602345535394,874.6150529464646,24864.69310086716,28254.868388367166
New Brunswick,2022,28196.64573013501,5,0,5,0,3279.7278923283825,808.8110201435659,24110.10681766306,28198.64573013501
New Brunswick,2023,28143.708033309427,16,12,28,0,3786.070736301386,999.9629052253667,23368.67439178267,28154.708033309427
New Brunswick,2024,28096.069008670813,47,29,76,0,4668.279854928593,815.8997129363244,22640.8894408059,28125.069008670813
New Brunswick,2025,28054.48607967196,115,62,177,0,2579.1846626691076,513.3871122078042,25032.91430479505,28125.48607967196
New Brunswick,2026,28032.310501961336,260,117,377,2530.69490541952,3694.8840553169134,742.116679625401,26282.00467243854,30719.005407380857
New Brunswick,2027,28025.696456275706,532,200,732,3641.7316931646747,5077.147918732052,1126.2649473962022,25779.01528331213,31982.428149440384
New Brunswick,2028,28025.15187790067,899,291,1190,4937.941278867355,6631.114260519533,1237.2983087422626,25629.680587506227,33498.09315676802
New Brunswick,2029,28025.96304207729,1252,367,1619,4505.871416966462,7857.949629394441,1589.707936939558,23846.17689270975,33293.83445904375
New Brunswick,2030,28013.56989226975,1536,402,1938,4197.250087037252,9115.40159307365,1776.3633073773854,22257.055078855963,33148.819979306994
New Brunswick,2031,27978.77734400436,1738,408,2146,3765.180225136359,10399.183494081371,2174.355193085452,20223.4188819739,32796.95756914072
New Brunswick,2032,27910.160537910586,1862,402,2264,3394.8346292213073,11536.565130393541,2535.9439225988936,18354.486114139458,32426.995167131892
New Brunswick,2033,27799.655378547548,1968,402,2370,3024.489033306256,13329.272111139358,2754.8583699878573,15903.013930726589,31987.144411853806
New Brunswick,2034,27637.89481491394,2211,445,2656,2592.4191714053613,14164.96551076346,2795.2288974512667,14542.119578104575,31502.313986319303
New Brunswick,2035,27423.842507137717,2667,537,3204,2530.69490541952,15038.209276094865,2811.58612942889,13624.742007033477,31474.537412557234
New Brunswick,2036,27156.450780703424,3252,650,3902,2530.69490541952,15843.619717711805,2813.2744716322773,12885.25149677886,31542.145686122945
New Brunswick,2037,26835.539806064047,3874,776,4650,2468.9706394336777,16521.32636741778,2785.027402252195,12227.156675827753,31533.510445497726
New Brunswick,2038,26461.959203484268,4497,913,5410,2468.9706394336777,17114.93649731728,2743.1224959615147,11681.870849639152,31539.929842917947
New Brunswick,2039,26168.162269231303,5121,1055,6176,2530.69490541952,17700.255260940907,2706.423562060162,11282.178351649756,31688.857174650824
New Brunswick,2040,25551.46263250684,5733,1178,6911,2530.69490541952,17985.08251401082,2633.160562460157,10827.914461455377,31446.157537926352
New Brunswick,2041,25033.84531344213,6309,1268,7577,2530.69490541952,18244.907998578823,2568.1996680204466,10458.43255226238,31271.54021886165
New Brunswick,2042,24471.924086628598,6829,1321,8150,2592.4191714053613,18450.418678727103,2504.6476743025632,10120.276905004292,31075.343258033958
New Brunswick,2043,23866.016979266846,7257,1340,8597,2654.1434373912034,18546.740837015393,2436.099937370622,9782.319642272036,30765.16041665805
New Brunswick,2044,23213.243653026275,7631,1340,8971,2654.1434373912034,18508.41786925491,2357.881027891661,9442.088193270909,30308.38709041748
New Brunswick,2045,22514.46845493184,7955,1333,9288,2715.8677033770455,18438.37246849422,2282.438329995238,9114.525359819432,29835.33615830889
New Brunswick,2046,21779.70204158106,8226,1313,9539,2777.5919693628875,18471.832398230006,2204.0100017612563,8621.451610952681,29297.294010943944
New Brunswick,2047,21002.41274337558,8451,1283,9734,2839.316235348729,18282.791408393914,2124.7449553077313,8279.192615022665,28686.72897872431
New Brunswick,2048,20197.962113327445,8622,1254,9876,2839.316235348729,18001.753322796558,2039.819272770956,7916.705753108659,27958.278348676176
New Brunswick,2049,19369.496175190805,8745,1227,9972,2839.316235348729,17673.19069749403,1955.8113080001258,7554.81040504538,27183.812410539533
New Brunswick,2050,18527.547185550502,8829,1193,10022,2839.316235348729,17289.2055796346,1868.6090585274537,7212.048782737177,26369.86342089923
Newfoundland and Labrador,2020,17779.517534047547,0,0,0,0,1582.9288844470911,550.3559052430692,15646.232744357387,17779.517534047547
Newfoundland and Labrador,2021,17760.236473700326,0,0,0,0,1581.2122716488002,549.7590698451952,15629.265132206332,17760.236473700326
Newfoundland and Labrador,2022,17744.386684046687,3,0,3,0,2063.9303115760636,508.984170520913,15172.472201949713,17745.386684046687
Newfoundland and Labrador,2023,17729.817208292043,9,2,11,0,2384.599414956337,629.8115182887149,14718.40627504699,17732.817208292043
Newfoundland and Labrador,2024,17717.076148453976,26,14,40,0,2943.3869877517764,514.4311551570254,14275.258005545176,17733.076148453976
Newfoundland and Labrador,2025,17707.30286369479,70,29,99,0,1627.2932261796348,323.9129722643144,15794.096665250841,17745.30286369479
Newfoundland and Labrador,2026,17709.440145758985,163,63,226,0,2141.2787089940784,430.0753749998129,15231.086061765094,17802.440145758985
Newfoundland and Labrador,2027,17716.270798103447,329,117,446,0,2842.5854688095096,630.5714201640757,14433.113909129865,17906.270798103447
Newfoundland and Labrador,2028,17724.682480716732,563,174,737,0,3574.2122102583944,666.9115549959129,13814.558715462425,18055.682480716732
Newfoundland and Labrador,2029,17731.012936310886,786,226,1012,0,4297.42175479666,869.3928816267359,13041.19829988749,18208.012936310886
Newfoundland and Labrador,2030,17728.59807431073,963,250,1213,0,5035.675048586728,981.3268557451499,12295.59616997885,18312.59807431073
Newfoundland and Labrador,2031,17710.259954272733,1085,251,1336,0,5824.482484762619,1217.8353949602651,11326.94207454985,18369.259954272733
Newfoundland and Labrador,2032,17667.46075594271,1145,247,1392,0,6533.175828918369,1436.109218936153,10394.175708088185,18363.46075594271
Newfoundland and Labrador,2033,17592.93510249866,1181,236,1417,0,7623.2137456560395,1575.5454625220282,9095.175894320591,18293.93510249866
Newfoundland and Labrador,2034,17478.792612055553,1281,259,1540,0,8194.749087406515,1617.1023811583216,8412.941143490716,18224.792612055553
Newfoundland and Labrador,2035,17322.278750149664,1498,299,1797,0,8685.871844589667,1623.93516088818,7869.471744671819,18179.278750149664
Newfoundland and Labrador,2036,17120.888344630064,1796,358,2154,0,9116.18658073844,1618.7168994947406,7413.9848643968835,18148.888344630064
Newfoundland and Labrador,2037,16873.83657990416,2141,431,2572,0,9486.176168325632,1599.1004586339304,7020.559952944597,18105.83657990416
Newfoundland and Labrador,2038,16582.04985065526,2504,511,3015,0,9784.431186463811,1568.214600269383,6678.4040639220675,18031.04985065526
Newfoundland and Labrador,2039,16334.573584186906,2874,594,3468,0,10059.499710699782,1538.1284980478886,6411.945375439237,18009.573584186906
Newfoundland and Labrador,2040,15866.477183626565,3249,669,3918,0,10162.943214696834,1487.9365302113315,6118.597438718398,17769.477183626565
Newfoundland and Labrador,2041,15460.141208112254,3611,727,4338,0,10256.867960426553,1443.7828293214138,5879.490418364287,17580.141208112254
Newfoundland and Labrador,2042,15024.013693762547,3919,756,4675,0,10285.223650574184,1396.2209717112823,5641.56907147708,17323.013693762547
Newfoundland and Labrador,2043,14561.791489025749,4181,767,4948,0,10249.510038023327,1346.2651460506554,5406.016304951767,17001.79148902575
Newfoundland and Labrador,2044,14074.816808352123,4386,768,5154,0,10154.106215691812,1293.5829831758788,5180.1276094844325,16627.816808352123
Newfoundland and Labrador,2045,13566.778174658977,4553,759,5312,0,10012.154067204108,1239.378597425123,4949.245510029747,16200.778174658977
Newfoundland and Labrador,2046,13046.59951773327,4689,746,5435,0,9929.432072796475,1184.753473745758,4634.4139711910375,15748.59951773327
Newfoundland and Labrador,2047,12510.933864608323,4792,729,5521,0,9726.186305551257,1130.3342485007647,4404.413310556301,15260.933864608323
Newfoundland and Labrador,2048,11970.363830085029,4864,706,5570,0,9494.876643216829,1075.8858885645318,4175.601298303669,14746.363830085029
Newfoundland and Labrador,2049,11425.922385831353,4898,688,5586,0,9242.941227730551,1022.8740968058062,3951.107061294996,14216.922385831353
Newfoundland and Labrador,2050,10883.087536731611,4905,664,5569,0,8963.347255428185,968.7542784469731,3738.986002856453,13671.087536731611
Northwest Territories,2020,1055.838158967008,0,0,0,0,94.0023662582388,32.68293218056618,929.1528605282031,1055.838158967008
Northwest Territories,2021,1058.79593826425,0,0,0,0,94.26570041646093,32.77448873149765,931.7557491162913,1058.79593826425
Northwest Territories,2022,1061.502234204356,0,0,0,0,123.46119450582043,30.446664465662227,907.5943752328733,1061.502234204356
Northwest Territories,2023,1063.9256550720452,0,0,0,0,143.07013176989685,37.78715047341196,883.0683728287364,1063.9256550720452
Northwest Territories,2024,1066.1958474848689,0,0,0,0,176.97025364409436,30.930017829595975,858.2955760111785,1066.1958474848689
Northwest Territories,2025,1068.491846354805,2,0,2,0,98.07535269449647,19.521914358192305,951.8945793021162,1069.491846354805
Northwest Territories,2026,1071.4486565665788,8,2,10,0,129.35503740316724,25.98093185422684,920.1126873091847,1075.4486565665788
Northwest Territories,2027,1074.7916143547095,17,4,21,0,172.0497991412371,38.165848441091875,873.5759667723805,1083.7916143547095
Northwest Territories,2028,1078.4501213543274,33,7,40,0,217.04775855852165,40.49889868127793,838.9034641145278,1096.4501213543274
Northwest Territories,2029,1082.2712055281033,43,10,53,0,261.10009708202824,52.82203580362939,792.3490726424457,1106.2712055281033
Northwest Territories,2030,1085.836622504004,56,11,67,0,307.3874043157444,59.90210092239582,750.5471172658639,1117.836622504004
Northwest Territories,2031,1088.6257729411084,61,10,71,0,356.59374045084917,74.55983941550427,693.4721930747551,1124.6257729411084
Northwest Territories,2032,1089.939065691938,66,10,76,48.47982062780269,418.1792505790696,91.9232992729419,665.3163364677289,1175.4188863197405
Northwest Territories,2033,1089.206333792789,68,10,78,0,470.1316574874423,97.1655556902603,560.9091206150866,1128.206333792789
Northwest Territories,2034,1085.5277422703793,73,12,85,48.47982062780269,527.4409898756393,104.08202515427271,541.48454786827,1173.007562898182
Northwest Territories,2035,1078.6862104547258,86,12,98,48.47982062780269,561.0044166449323,104.88697207416678,508.2746423634292,1174.1660310825284
Northwest Territories,2036,1068.3385043560506,109,16,125,0,567.2667285744824,100.72679315326496,461.3449826283033,1129.3385043560506
Northwest Territories,2037,1054.3440144096846,129,24,153,48.47982062780269,615.5244921564695,103.75998508169808,455.53935779931976,1174.8238350374872
Northwest Territories,2038,1036.9727305320203,153,30,183,48.47982062780269,636.7663465245449,102.05869534464819,434.62750929062975,1173.4525511598229
Northwest Territories,2039,1022.4536986645355,179,35,214,0,628.6379354402153,96.12067709750154,400.69508612681875,1125.4536986645355
Northwest Territories,2040,992.6979651060916,204,41,245,48.47982062780269,662.9715601878655,97.06436236583383,399.1418631801949,1159.1777857338943
Northwest Territories,2041,967.3898414744796,227,45,272,48.47982062780269,669.7072236558439,94.2696926505635,383.89274579587476,1147.8696621022823
Northwest Territories,2042,940.3785348887942,247,46,293,48.47982062780269,672.0202692820708,91.22687315937068,368.6112130751555,1131.858355516597
Northwest Territories,2043,912.0388767070841,265,48,313,0,642.6602852284764,84.41292701255088,338.96566446605686,1066.0388767070842
Northwest Territories,2044,882.432885950551,279,50,329,48.47982062780269,667.40882672592,85.02458835223123,340.4792915002024,1092.9127065783537
Northwest Territories,2045,851.9305317254232,293,48,341,48.47982062780269,660.9004267197129,81.811150568349,326.69877506516406,1069.4103523532258
Northwest Territories,2046,821.0631336872465,301,48,349,48.47982062780269,656.6888696436658,78.35437251361269,306.4997121577706,1041.5429543150492
Northwest Territories,2047,789.4419667515414,305,46,351,0,614.0263856947597,71.35942407743028,278.05615697935133,963.4419667515414
Northwest Territories,2048,757.6612942244947,311,44,355,48.47982062780269,631.7363359843998,71.5834691401326,277.82130972776486,981.1411148522973
Northwest Territories,2049,725.7030361527987,313,42,355,0,586.2301236400223,64.87541070147812,250.59750181129834,901.7030361527987
Northwest Territories,2050,693.7344226489581,316,41,357,0,571.5462155968937,61.77244124446419,238.4157658076002,871.7344226489581
Nova Scotia,2020,31796.65731125766,0,0,0,0,2830.889375399005,984.2493242423247,27981.518611616328,31796.65731125766
Nova Scotia,2021,31697.227839243744,2,0,2,0,2822.0370663914773,981.1715356030511,27894.019237249213,31697.227839243744
Nova Scotia,2022,31611.141449214905,6,1,7,0,3676.861036780585,906.7477009421593,27029.532711492164,31613.141449214905
Nova Scotia,2023,31533.025328401498,17,14,31,0,4241.979605345188,1120.3758581149932,26182.669864941316,31545.025328401498
Nova Scotia,2024,31462.342346692734,53,30,83,0,5227.687518057886,913.6703192292823,25353.984509405564,31495.342346692734
Nova Scotia,2025,31399.300398903764,131,67,198,0,2886.6469850781823,574.5875357753625,28017.06587805022,31478.300398903764
Nova Scotia,2026,31358.291964944736,295,129,424,2118.719657174454,4047.3054016869028,812.9004323715419,28788.80578806075,33649.01162211919
Nova Scotia,2027,31331.62398486663,596,218,814,3748.5040088471105,5624.146030044434,1247.6056703619643,28556.376293307345,35428.127993713744
Nova Scotia,2028,31311.34973260309,1005,326,1331,5704.245230854299,7445.798326021868,1389.310048670619,28778.4865887649,37613.594963457384
Nova Scotia,2029,31292.323599520525,1403,409,1812,5378.288360519768,8856.253942682943,1791.6705817978489,26875.687435559506,37523.611960040296
Nova Scotia,2030,31257.307718326483,1719,450,2169,4563.396184683439,10138.035896911282,1975.649102485185,24754.018903613454,36867.70390300992
Nova Scotia,2031,31194.841035245572,1947,455,2402,4183.113169293152,11591.394535797728,2423.6334437563014,22541.926224984694,36556.95420453872
Nova Scotia,2032,31094.546482892834,2077,446,2523,3802.830153902866,12860.878285023242,2827.0517053871313,20461.446646385324,36149.3766367957
Nova Scotia,2033,30948.565687308925,2194,449,2643,3313.894848401069,14819.131939969924,3062.778621396975,17680.549974343092,35562.46053570999
Nova Scotia,2034,30747.5818604412,2459,497,2956,2879.285687955027,15756.969803451615,3109.3854268411183,16176.512318103498,35042.86754839623
Nova Scotia,2035,30491.877172717144,2973,598,3571,2824.9595428992716,16727.338812016988,3127.390563774451,15155.107339824975,35009.83671561642
Nova Scotia,2036,30181.001295134527,3630,729,4359,2770.6333978435164,17592.873939183446,3123.881033348711,14307.879720445884,35024.63469297804
Nova Scotia,2037,29814.833428105056,4330,870,5200,2716.307252787761,18349.12155672354,3093.1418704682787,13579.877253700995,35022.140680892815
Nova Scotia,2038,29394.014847376537,5019,1019,6038,2716.307252787761,19004.091219657363,3045.909644369299,12971.321236137637,35021.3221001643
Nova Scotia,2039,29061.677886412726,5708,1176,6884,2716.307252787761,19610.057101026265,2998.438147311862,12499.489890862358,35107.985139200486
Nova Scotia,2040,28378.764130623058,6386,1315,7701,2716.307252787761,19927.316335356016,2917.519196759353,11997.235851295445,34842.07138341082
Nova Scotia,2041,27803.331284499436,7023,1415,8438,2770.6333978435164,20247.504228569287,2850.090208298376,11606.370245475282,34703.96468234295
Nova Scotia,2042,27178.32793693154,7590,1470,9060,2770.6333978435164,20426.724994235785,2772.9316142521466,11204.304726287124,34403.96133477506
Nova Scotia,2043,26503.115828581664,8068,1491,9559,2824.9595428992716,20526.445112014757,2696.132549176632,10826.497710289545,34049.07537148093
Nova Scotia,2044,25774.339272941652,8476,1486,9962,2933.611833010782,20544.12487040178,2617.2200459675296,10480.606189583123,33641.95110595243
Nova Scotia,2045,24992.829250797724,8827,1476,10303,2933.611833010782,20416.669767170904,2527.3266242490336,10092.444692388564,33036.4410838085
Nova Scotia,2046,24169.313638051004,9129,1453,10582,2987.9379780665377,20434.540323544967,2438.1951007092503,9537.516191863328,32410.251616117544
Nova Scotia,2047,23297.52976618447,9371,1425,10796,3042.264123122293,20208.831230633088,2348.5807637798243,9151.381894893848,31708.793889306762
Nova Scotia,2048,22394.578370196992,9561,1393,10954,3096.590268178048,19926.881429260677,2257.9598807274997,8763.327328386864,30948.168638375042
Nova Scotia,2049,21465.021998424858,9691,1354,11045,3150.9164132338033,19584.674146088335,2167.346452265045,8371.917813305281,30123.938411658663
Nova Scotia,2050,20520.99298463956,9777,1323,11100,3150.9164132338033,19155.19453830323,2070.2842514806575,7990.430608089475,29215.909397873365
Nunavut,2020,0,0,0,0,0,0,0,0,0
Nunavut,2021,0,0,0,0,0,0,0,0,0
Nunavut,2022,0,0,0,0,0,0,0,0,0
Nunavut,2023,0,0,0,0,0,0,0,0,0
Nunavut,2024,0,0,0,0,0,0,0,0,0
Nunavut,2025,0,0,0,0,0,0,0,0,0
Nunavut,2026,0,0,0,0,0,0,0,0,0
Nunavut,2027,0,0,0,0,0,0,0,0,0
Nunavut,2028,0,0,0,0,0,0,0,0,0
Nunavut,2029,0,0,0,0,0,0,0,0,0
Nunavut,2030,0,0,0,0,0,0,0,0,0
Nunavut,2031,0,0,0,0,0,0,0,0,0
Nunavut,2032,0,0,0,0,0,0,0,0,0
Nunavut,2033,0,0,0,0,0,0,0,0,0
Nunavut,2034,0,0,0,0,0,0,0,0,0
Nunavut,2035,0,0,0,0,0,0,0,0,0
Nunavut,2036,0,0,0,0,0,0,0,0,0
Nunavut,2037,0,0,0,0,0,0,0,0,0
Nunavut,2038,0,0,0,0,0,0,0,0,0
Nunavut,2039,0,0,0,0,0,0,0,0,0
Nunavut,2040,0,0,0,0,0,0,0,0,0
Nunavut,2041,0,0,0,0,0,0,0,0,0
Nunavut,2042,0,0,0,0,0,0,0,0,0
Nunavut,2043,0,0,0,0,0,0,0,0,0
Nunavut,2044,0,0,0,0,0,0,0,0,0
Nunavut,2045,0,0,0,0,0,0,0,0,0
Nunavut,2046,0,0,0,0,0,0,0,0,0
Nunavut,2047,0,0,0,0,0,0,0,0,0
Nunavut,2048,0,0,0,0,0,0,0,0,0
Nunavut,2049,0,0,0,0,0,0,0,0,0
Nunavut,2050,0,0,0,0,0,0,0,0,0
Ontario,2020,456865.48914946953,32,30,62,0,40677.166977801535,14142.719407518476,402067.60276414955,456887.48914946953
Ontario,2021,455651.73038306786,106,85,191,0,40573.91245209169,14106.819665890263,401046.998265086,455727.73038306786
Ontario,2022,454606.10154800245,286,207,493,0,52896.53813775354,13044.772120679274,388855.7912895697,454797.10154800245
Ontario,2023,453656.65244094806,717,503,1220,0,61070.021835683205,16129.586769592024,376941.0438356728,454140.65244094806
Ontario,2024,452801.09466018336,1642,1111,2753,0,75343.29496421275,13168.142151563083,365410.6575444075,453922.09466018336
Ontario,2025,452049.2682920719,3426,2159,5585,0,41669.574740945536,8294.33539707964,404434.3581540467,454398.2682920719
Ontario,2026,451615.2338350721,6425,3516,9941,0,54839.80059020975,11014.562328894217,390079.87091596815,455934.2338350721
Ontario,2027,451286.48620585416,10759,4833,15592,12633.646243261157,74762.5712083517,16584.599203524383,379603.9620372392,470951.1324491153
Ontario,2028,451005.04259653424,15905,5796,21701,68824.29878128043,104900.56694627399,19573.37620337736,405447.3982281633,529921.3413778146
Ontario,2029,450811.3077908263,20810,6379,27189,69405.76367113765,125841.36080351988,25458.42357099033,381885.28708745376,533185.0714619639
Ontario,2030,450392.82392313704,24899,6610,31509,69617.20544926755,147195.47312208381,28684.70848994785,359406.8477603729,535287.0293724046
Ontario,2031,449596.11872780515,27897,6559,34456,70780.13522898196,170377.02024510817,35623.96595494456,331334.2677567344,537335.253956787
Ontario,2032,448247.77753050276,29536,6312,35848,72154.50678682627,191483.91462786228,42091.59867668584,304647.77101278084,538223.2843173291
Ontario,2033,446220.6603660018,30789,6256,37045,73634.59923373553,224236.06498713064,46344.51118802578,267533.68342458084,538114.2595997372
Ontario,2034,443368.03480547416,34302,6903,41205,75167.55212517726,242053.199363578,47765.31909431658,248498.06847275683,538316.5869306515
Ontario,2035,439684.37893480004,41506,8349,49855,75114.69168064478,257232.9214590119,48092.99436710849,233055.15478932438,538381.0706154448
Ontario,2036,435148.09956008487,51349,10295,61644,75220.41256970973,271032.29480907554,48125.88597553179,220424.33134518727,539582.5121297946
Ontario,2037,429764.0238587506,62205,12514,74719,75537.57523690458,283428.71226802503,47778.04836591193,209760.83846171817,540967.5990956551
Ontario,2038,423558.33069155354,73256,14901,88157,76013.31923769685,294070.77904707665,47132.64168613232,200719.22919604136,541922.6499292504
Ontario,2039,418656.3766875909,84430,17358,101788,76647.64457208652,304107.3964495495,46498.95784068374,193838.66696944422,544445.0212596775
Ontario,2040,408653.1682110737,95644,19626,115270,77387.69079554114,309977.0915913859,45383.13639699358,186621.6310182354,541981.8590066148
Ontario,2041,400304.47304568806,106428,21363,127791,78286.3183525932,315624.1577626809,44428.05944806573,180923.5741875346,540975.7913982812
Ontario,2042,391348.0042088748,115991,22417,138408,79184.94590964523,319725.71811991325,43402.82409022303,175373.4079083837,538501.9501185201
Ontario,2043,381811.1731656591,123999,22877,146876,80189.29435576225,322187.4112285456,42319.06506985884,169934.99122301687,534441.4675214214
Ontario,2044,371667.84502068197,130730,22961,153691,81087.92191281429,322908.02320698334,41136.887391034295,164731.85633547866,528776.7669334962
Ontario,2045,360941.91164804,136508,22810,159318,82039.4099143988,322563.3295816295,39929.27838647369,159450.71359433566,521943.3215624388
Ontario,2046,349789.51196085295,141448,22516,163964,82938.03747145087,324156.09416730027,38677.44456933532,151295.01069566823,514128.5494323039
Ontario,2047,338093.36811926356,145555,22129,167684,83783.80458397043,322008.9513669958,37422.452605723876,145818.76873051422,505250.17270323395
Ontario,2048,326073.5644943652,148822,21689,170511,84365.26947382765,318933.8548253649,36139.11445992686,140258.86468290113,495331.8339681928
Ontario,2049,313750.84718192223,151318,21203,172521,84893.87391915238,315080.7081385469,34868.54312036802,134688.46984215968,484637.7211010746
Ontario,2050,301257.21803295787,153111,20706,173817,84893.87391915238,310040.3287563842,33509.01024078479,129330.75295494127,472880.09195211023
Prince Edward Island,2020,5212.559296371166,0,0,0,0,464.07955988222693,161.35211682172394,4587.127619667215,5212.559296371166
Prince Edward Island,2021,5197.240643807878,0,0,0,0,462.7157243581863,160.8779357376519,4573.64698371204,5197.240643807878
Prince Edward Island,2022,5184.000499419966,0,0,0,0,602.9406941916471,148.6907127557485,4432.369092472571,5184.000499419966
Prince Edward Island,2023,5171.979946017718,2,0,2,0,695.4958261044205,183.69176787301598,4292.792352040282,5171.979946017718
Prince Edward Island,2024,5161.108849733839,6,0,6,0,856.9876583977531,149.78022016792627,4156.340971168159,5163.108849733839
Prince Edward Island,2025,5151.447743977578,17,7,24,0,473.22729413704786,94.1959672261361,4593.024482614395,5160.447743977578
Prince Edward Island,2026,5145.380213018871,49,19,68,696.7755666113875,706.1830156527576,141.83670906532063,5023.136054912179,5871.155779630257
Prince Edward Island,2027,5142.966622751635,98,37,135,1018.3642896627971,987.3066188197897,219.01446538644313,5013.0098282082,6219.3309124144325
Prince Edward Island,2028,5142.089049365779,166,51,217,1500.7473742399116,1334.5800741983198,249.0190341792317,5158.237315228138,6741.83642360569
Prince Edward Island,2029,5142.366466983745,232,64,296,1447.1492537313434,1588.5239526341302,321.3674373878218,4820.624330693136,6730.515720715088
Prince Edward Island,2030,5140.618606556682,279,72,351,1179.158651188502,1784.0362096652161,347.6639432200069,4356.077104859961,6487.777257745184
Prince Edward Island,2031,5134.674980898848,323,75,398,1125.5605306799337,2046.1769990083885,427.8331646227881,3979.2253479476053,6453.235511578781
Prince Edward Island,2032,5123.260103614382,347,71,418,1071.9624101713655,2277.721282187303,500.68398848800246,3623.8172431104417,6402.222513785748
Prince Edward Island,2033,5105.1667467017805,369,75,444,964.7661691542289,2618.9765474862593,541.2830800126645,3124.6732883570858,6284.9329158560095
Prince Edward Island,2034,5078.837750550994,427,86,513,911.1680486456607,2804.010115222087,553.3264515793369,2878.6692323952316,6236.005799196655
Prince Edward Island,2035,5044.566495056466,526,104,630,911.1680486456607,2987.4920601230338,558.549963217567,2706.6925203615256,6252.734543702127
Prince Edward Island,2036,5002.366998138644,641,127,768,911.1680486456607,3153.2058419733926,559.8994205287999,2564.4297842821125,6277.5350467843045
Prince Edward Island,2037,4952.31889663819,768,151,919,964.7661691542289,3329.614526937329,561.2786461712387,2464.191892683851,6355.085065792419
Prince Edward Island,2038,4894.680674140744,893,179,1072,911.1680486456607,3430.5098322985245,549.8301845917036,2341.508705896177,6321.848722786404
Prince Edward Island,2039,4852.950033446383,1014,204,1218,911.1680486456607,3546.947444985736,542.339192117854,2260.8314449884524,6350.118082092044
Prince Edward Island,2040,4754.5065782422935,1134,231,1365,911.1680486456607,3618.431443226237,529.7674318061449,2178.4757518555725,6326.674626887954
Prince Edward Island,2041,4674.839044303639,1247,252,1499,911.1680486456607,3687.3127180245747,519.0355193381038,2113.65885558662,6320.0070929492995
Prince Edward Island,2042,4587.637436129187,1353,261,1614,911.1680486456607,3736.8322953775705,507.2756602898862,2049.6975291073913,6293.805484774848
Prince Edward Island,2043,4492.353175976868,1445,269,1714,964.7661691542289,3798.62239931546,498.9460881773009,2003.5508576383363,6301.119345131097
Prince Edward Island,2044,4387.970356078659,1525,267,1792,964.7661691542289,3808.5868906548,485.1951601692121,1942.954474408877,6236.736525232889
Prince Edward Island,2045,4274.050622567856,1594,266,1860,911.1680486456607,3774.2887162012757,467.2094160721673,1865.720538940074,6107.218671213517
Prince Edward Island,2046,4151.879231345389,1655,263,1918,964.7661691542289,3826.257833929782,456.5389265932637,1785.848639976572,6068.645400499618
Prince Edward Island,2047,4020.153237098999,1700,259,1959,964.7661691542289,3797.135526094193,441.2862551166167,1719.4976250424174,5957.919406253228
Prince Edward Island,2048,3881.4522028344845,1738,254,1992,1018.3642896627971,3792.33021047218,429.7174899200852,1667.7687921050165,5889.816492497282
Prince Edward Island,2049,3736.5110084602006,1771,246,2017,964.7661691542289,3708.5592274119845,410.4093141703635,1585.3086360320813,5704.277177614429
Prince Edward Island,2050,3587.28497871154,1793,240,2033,964.7661691542289,3650.651481838009,394.5606637082598,1522.8390023194997,5568.051147865769
Quebec,2020,292082.53053305496,41,41,82,0,26007.081530993637,9042.194528985312,257063.25447307603,292112.53053305496
Quebec,2021,290853.9010222752,120,107,227,0,25902.948202675274,9005.989243494774,256033.96357610513,290942.9010222752
Quebec,2022,289783.123371556,309,268,577,0,33730.26280503397,8318.192595447963,247959.66797107406,290008.123371556
Quebec,2023,288813.7331732336,752,633,1385,0,38911.97689170504,10277.286445710579,240175.46983581793,289364.7331732336
Quebec,2024,287933.91804279306,1670,1374,3044,0,47999.08059648622,8389.050634686006,232792.7868116208,289180.91804279306
Quebec,2025,287138.171137881,3313,2568,5881,0,26562.45336700399,5287.260514773832,257808.45725610317,289658.171137881
Quebec,2026,286553.5376926705,5693,3869,9562,0,34982.80073346594,7026.288115038042,248835.4488441665,290844.5376926705
Quebec,2027,286027.5255921429,8505,4669,13174,0,46386.89695548316,10290.01653993321,235527.61209672652,292204.5255921429
Quebec,2028,285481.9817545245,11279,4741,16020,21233.717024260426,62239.16264650653,11613.19314591688,240558.34298636153,314410.69877878495
Quebec,2029,284910.7955096627,13789,4528,18317,20177.896840733665,74103.02188473138,14991.463116624924,224877.2073490401,313971.6923503964
Quebec,2030,284146.43571292126,16027,4355,20382,19239.390010932097,86159.92509352762,16790.409938583813,210376.49069174193,313326.82572385337
Quebec,2031,283099.85549542046,17758,4190,21948,18418.196534855728,99037.64709527403,20707.68559811783,192599.7193368844,312345.0520302762
Quebec,2032,281676.6248110698,18681,3979,22660,17890.28644309235,110591.55389028334,24310.006991592745,175949.35037228605,310850.91125416214
Quebec,2033,279817.3019748001,19304,3904,23208,17421.033028191567,128640.97361272294,26587.172947293413,153480.18844297534,308708.3350029917
Quebec,2034,277451.9388670182,21189,4254,25443,16951.779613290782,137894.4517309627,27211.259779185377,141566.00697016093,306671.718480309
Quebec,2035,274590.2941357783,25168,5064,30232,16599.839552115198,145994.91300623858,27295.62176182928,132272.5989198256,305563.1336878935
Quebec,2036,271226.1012095163,30603,6144,36747,16482.52619839,153297.25156231385,27220.2471452612,124673.12870033126,305190.62740790634
Quebec,2037,267356.4425426778,36610,7373,43983,16482.52619839,159741.2761815915,26927.852010346905,118221.84054912937,304890.9687410678
Quebec,2038,262980.6445515873,42735,8696,51431,16599.839552115198,165145.65854320535,26468.971773938767,112720.85378655832,304335.4841037025
Quebec,2039,259341.55760900932,48918,10060,58978,16893.122936428183,170227.23189137,26028.26820874857,108503.18044531897,304758.6805454375
Quebec,2040,252593.75272437156,55072,11304,66376,17069.092967015975,172680.08885212603,25281.7522262306,103962.00461303093,301923.84569138754
Quebec,2041,246748.30242137224,60935,12233,73168,17479.689705054163,175028.13222444692,24637.405193168277,100330.4547088112,299995.9921264264
Quebec,2042,240438.36650213838,66079,12777,78856,17831.62976622975,176362.08391880087,23941.184805289893,96736.72754427735,297039.9962683681
Quebec,2043,233677.01652996114,70328,12988,83316,18242.226504267936,176668.61204735632,23205.28434219378,93182.34664467894,293056.24303422903
Quebec,2044,226461.61867634364,73856,12982,86838,18594.16656544352,175902.0946797258,22409.058123800878,89736.63243826048,288047.78524178715
Quebec,2045,218824.9961616504,76842,12848,89690,18946.106626619112,174439.8720935337,21593.459565157755,86229.77112957812,282263.1027882695
Quebec,2046,210886.78210537485,79323,12631,91954,19239.390010932097,173903.56902859983,20749.71216811928,81166.89091958781,275820.17211630696
Quebec,2047,202618.25787638116,81307,12367,93674,19474.016718382492,171261.07914510852,19903.20328147821,77553.99216817695,268718.27459476364
Quebec,2048,194179.0156910829,82763,12065,94828,19649.986748970285,168112.9920580404,19049.262316516906,73931.74806549589,261094.00244005318
Quebec,2049,185618.3263951578,83744,11743,95487,19767.30010269548,164512.2665339404,18205.82127467422,70324.53868923869,253042.62649785331
Quebec,2050,177038.00072423517,84278,11400,95678,19767.30010269548,160378.24272356468,17333.60366175375,66900.45444161221,244612.30082693064
Saskatchewan,2020,38760.199855856205,0,0,0,0,3450.860789742095,1199.802235253105,34109.536830861005,38760.199855856205
Saskatchewan,2021,38774.6708561952,2,0,2,0,3452.238188946601,1200.2811321849413,34123.151535063655,38775.6708561952
Saskatchewan,2022,38790.35552937371,7,1,8,0,4511.977326298686,1112.6950478679803,33168.68315520704,38793.35552937371
Saskatchewan,2023,38803.892302823086,23,10,33,0,5219.720757795776,1378.6132106262692,32217.558334401037,38815.892302823086
Saskatchewan,2024,38817.831765255105,65,29,94,0,6449.236741088879,1127.1668728594893,31278.42815130674,38854.831765255105
Saskatchewan,2025,38836.19950852532,159,65,224,0,3569.639879786826,710.5373787424244,34646.02224999607,38926.19950852532
Saskatchewan,2026,38879.9547735729,358,137,495,1286.4207145724608,4855.390663471877,975.2041859811125,34536.78063869237,40367.37548814536
Saskatchewan,2027,38939.84192832012,732,250,982,3124.164592533119,6743.935450525994,1496.0088275952583,34242.06224273198,42482.00652085323
Saskatchewan,2028,39013.09009452405,1231,388,1619,5268.199116820553,8909.614855812595,1662.4432877406289,34436.23106779138,45008.2892113446
Saskatchewan,2029,39094.62292963428,1721,496,2217,5390.715375351264,10745.278727238907,2173.8310479136867,32608.22852983295,45527.33830498555
Saskatchewan,2030,39165.18551206656,2113,546,2659,5574.48976314733,12655.50833432612,2466.2413840754602,30900.925556812304,46022.675275213885
Saskatchewan,2031,39208.90090170628,2393,559,2952,5819.522280208751,14736.636829755013,3081.2691051782126,28658.517246981806,46476.42318191503
Saskatchewan,2032,39205.62168364811,2546,545,3091,6125.812926535527,16672.62300523978,3664.9415580838504,26525.870046860004,46863.43461018364
Saskatchewan,2033,39137.63659271082,2674,545,3219,6309.587314331594,19598.247755575747,4050.513517645384,23382.462633821287,47031.22390704242
Saskatchewan,2034,38985.0486748869,2988,602,3590,6615.87796065837,21280.027836956557,4199.272402268091,21846.626396320622,47325.92663554527
Saskatchewan,2035,38741.30807775339,3610,730,4340,6615.87796065837,22653.053372543596,4235.278914006127,20523.85375186204,47412.18603841177
Saskatchewan,2036,38400.46040818366,4438,887,5325,6677.136089923725,23912.79332979567,4246.078372161826,19447.72479614989,47606.596498107385
Saskatchewan,2037,37962.15495016089,5361,1080,6441,6799.652348454435,25063.62329839833,4225.016571516093,18549.167428700894,47837.80729861532
Saskatchewan,2038,37430.94127750315,6326,1287,7613,6922.168606985146,26051.286611017746,4175.409611518293,17781.413661952265,48008.1098844883
Saskatchewan,2039,37015.386262999644,7320,1506,8826,6983.426736250502,26953.40204123687,4121.258212759029,17180.15274525425,48254.81299925015
Saskatchewan,2040,36106.29385498291,8335,1711,10046,7044.684865515856,27465.334953327194,4021.145678787968,16535.498088383607,48021.978720498766
Saskatchewan,2041,35356.7824776831,9308,1868,11176,7167.201124046567,27991.44671917751,3940.147255179546,16045.389627372606,47976.98360172966
Saskatchewan,2042,34556.07369272709,10180,1968,12148,7289.717382577277,28383.817140268817,3853.108312938736,15568.86562209682,47805.79107530437
Saskatchewan,2043,33711.05179233473,10922,2016,12938,7289.717382577277,28563.441069194927,3751.7856970795306,15065.54240863755,47380.769174912006
Saskatchewan,2044,32820.75351066596,11539,2026,13565,7473.491770373343,28702.242895395146,3656.5239913569585,14642.478394287205,47001.24528103931
Saskatchewan,2045,31889.140208690435,12068,2016,14084,7473.491770373343,28638.71981604727,3545.11288574043,14156.799277276079,46340.63197906378
Saskatchewan,2046,30931.037429203847,12516,1994,14510,7596.008028904054,28833.250155541915,3440.306860525001,13457.488442040984,45731.045458107896
Saskatchewan,2047,29931.68951252133,12896,1963,14859,7596.008028904054,28624.656514117873,3326.6306641700835,12962.410363137424,44913.69754142538
Saskatchewan,2048,28910.47255835161,13192,1925,15117,7596.008028904054,28351.59747095576,3212.5834577381975,12468.299658561706,44032.48058725566
Saskatchewan,2049,27864.363969593833,13419,1884,15303,7657.266158169409,28054.453019253746,3104.6582020186625,11992.518906490832,43151.630127763245
Saskatchewan,2050,26802.899549865546,13580,1836,15416,7657.266158169409,27637.410786929566,2987.0381211461317,11528.716799959255,42153.165708034954
Yukon,2020,1662.090687321998,0,0,0,0,147.97765757671618,51.449170263785575,1462.6638594814963,1662.090687321998
Yukon,2021,1663.0958311025001,0,0,0,0,148.06714656988666,51.48028397731342,1463.5484005553,1663.0958311025001
Yukon,2022,1664.110207146322,0,0,0,0,193.5493184501958,47.731039538362026,1422.8298491577643,1664.110207146322
Yukon,2023,1664.9985037616834,0,0,0,0,223.89868520816364,59.13528703787868,1381.964531515641,1664.9985037616834
Yukon,2024,1665.8781522242439,1,0,1,0,276.5072475518749,48.32661942154253,1341.0442852508265,1665.8781522242439
Yukon,2025,1666.9296715770624,4,0,4,0,152.95375216471479,30.445468392297613,1484.5304510200501,1667.9296715770624
Yukon,2026,1669.058252310326,12,3,15,139.46072186836517,218.130185298823,43.811401499079395,1551.5773873807889,1813.5189741786912
Yukon,2027,1672.169203760347,29,8,37,278.92144373673034,312.11304508638455,69.23611207169105,1584.7414903390018,1966.0906474970775
Yukon,2028,1676.1226034223394,50,14,64,278.92144373673034,392.55343875291794,73.24646911179764,1517.2441392943542,1983.0440471590698
Yukon,2029,1680.2818085262038,72,19,91,348.65180467091295,489.2499822337798,98.97805618340603,1484.7055747799309,2072.9336131971168
Yukon,2030,1684.26076701998,88,22,110,278.92144373673034,554.6932273586151,108.09580750444339,1354.3931758936517,2017.1822107567102
Yukon,2031,1687.0204671979159,101,20,121,278.92144373673034,642.0639003563791,134.248518340614,1248.6294922376533,2024.9419109346463
Yukon,2032,1687.8439607052073,109,19,128,278.92144373673034,721.774685011733,158.65902070964134,1148.3316987205635,2028.7654044419378
Yukon,2033,1685.9606169219828,115,19,134,278.92144373673034,846.2830962216103,174.907530701319,1009.6914337357839,2030.8820606587133
Yukon,2034,1680.528181247874,132,24,156,209.19108280254778,882.9832519660574,174.24259169466833,906.4934203896961,1963.7192640504218
Yukon,2035,1671.1234459633442,162,29,191,209.19108280254778,941.395955560268,176.00604981346774,852.9125233921563,1970.3145287658922
Yukon,2036,1657.615697092655,195,37,232,278.92144373673034,1027.9756019178894,182.53262637346947,836.0289125380265,2046.5371408293854
Yukon,2037,1640.089798116122,239,44,283,209.19108280254778,1039.0987317618958,175.162597556911,769.019551599863,1983.28088091867
Yukon,2038,1618.531366701025,275,55,330,209.19108280254778,1078.0819339293273,172.79122279622734,735.8492927780181,1986.722449503573
Yukon,2039,1602.0324912814174,318,62,380,209.19108280254778,1113.342960238827,170.2335687154377,709.6470451297005,1993.223574083965
Yukon,2040,1564.1983035732358,356,74,430,209.19108280254778,1132.0773101893337,165.74521270749256,681.5668634789572,1979.3893863757835
Yukon,2041,1533.2218783711432,400,79,479,278.92144373673034,1192.6245585202282,167.8768670964668,683.6418964911788,2044.1433221078737
Yukon,2042,1500.0010040748796,430,81,511,209.19108280254778,1162.6408614784418,157.82870732947552,637.72251806951,1958.1920868774273
Yukon,2043,1464.5651965816555,456,84,540,209.19108280254778,1168.7769468091408,153.51793999512017,616.4613925799424,1938.7562793842035
Yukon,2044,1426.8508493725353,486,82,568,209.19108280254778,1170.6796883559118,149.1388105894136,597.223433229758,1917.0419321750833
Yukon,2045,1386.9315515827964,504,83,587,209.19108280254778,1166.2503094282304,144.36710252795888,576.5052224291549,1887.122634385344
Yukon,2046,1345.3786646880612,520,82,602,209.19108280254778,1168.6686729936969,139.44244341833544,545.4586310785767,1853.569747490609
Yukon,2047,1301.5013533526546,536,81,617,278.92144373673034,1203.5404983135988,139.87014046040662,545.0121583153796,1888.422797089385
Yukon,2048,1256.2239546336416,545,76,621,209.19108280254778,1141.8650191804795,129.38730085128623,502.1627174044237,1773.4150374361896
Yukon,2049,1209.2971510965708,556,75,631,209.19108280254778,1126.3539667082352,124.64844988127297,481.4858173096104,1732.4882338991188
Yukon,2050,1161.2724659992846,558,74,632,209.19108280254778,1105.0616883028842,119.43453801178367,460.96732248716444,1685.4635488018323
