"State","Segment","Year","ret_ICE","ret_BEV","ret_PHEV","ret_EV","Growth_seg","add_BEV","add_PHEV","add_ICE","Demand_total"
"Alabama","Car",2020,126101.206954943,0,0,0,0,874.231828310107,355.080154355645,124871.894972278,126101.206954943
"Alabama","Car",2021,119720.02847139,0,1,1,6118.3933888168,872.416930042894,354.343010801735,124612.661919362,125839.421860207
"Alabama","Car",2022,114489.398119975,1,1,2,6118.3933888168,3344.70997602403,952.584775318215,116312.496757449,120609.791508792
"Alabama","Car",2023,110170.842889509,5,5,10,6118.3933888168,5648.36581139196,1708.50470330706,108942.365763626,116299.236278325
"Alabama","Car",2024,106597.708670818,9,6,15,6118.3933888168,9038.26914241469,1784.16661101904,101908.666306201,112731.102059635
"Alabama","SUV",2020,124419.284558572,0,0,0,0,862.571431656006,350.344138907901,123206.368988008,124419.284558572
"Alabama","SUV",2021,122969.776293814,0,0,0,8621.94893422943,912.296379349474,370.540546234379,130308.88830246,131591.725228043
"Alabama","SUV",2022,121554.487665531,0,0,0,8621.94893422943,3610.00894447896,1028.14282371983,125538.284831562,130176.436599761
"Alabama","SUV",2023,120153.35553857,2,0,2,8621.94893422943,6254.39467312252,1891.81491995738,120631.09487972,128777.3044728
"Alabama","SUV",2024,118789.037520139,5,0,5,8621.94893422943,10215.6366573232,2016.58055841306,115183.769238632,127415.986454368
"Arizona","Car",2020,153328.280888846,9,6,15,0,1198.36769297124,442.628990478357,151702.284205397,153343.280888846
"Arizona","Car",2021,149931.698822584,13,7,20,20156.8773589442,1329.38737720791,491.022410049511,168288.166394271,170108.576181528
"Arizona","Car",2022,147063.988296685,21,14,35,20156.8773589445,5145.59171107941,1348.80425983266,160761.469684718,167255.86565563
"Arizona","Car",2023,144618.261006619,34,20,54,20156.8773589442,8909.21518288243,2477.371840359,153442.551342321,164829.138365563
"Arizona","Car",2024,142600.990756276,55,34,89,20156.8773589442,14549.2769602195,2634.99071821521,145662.600436785,162846.86811522
"Arizona","SUV",2020,159720.544276452,1,0,1,0,1248.21340343643,461.03999791146,158012.290875104,159721.544276452
"Arizona","SUV",2021,157572.234919605,6,3,9,25896.361733872,1433.86539624722,529.612402391417,181514.118854839,183477.596653477
"Arizona","SUV",2022,155493.047915545,8,4,12,25896.3617338724,5580.77641230242,1462.87840558343,174357.754831532,181401.409649417
"Arizona","SUV",2023,153422.335121103,13,5,18,25896.361733872,9693.36634475875,2695.41955467951,166947.910955537,179336.696854975
"Arizona","SUV",2024,151409.645109765,22,12,34,25896.361733872,15844.1418343382,2869.50112955554,158626.363879744,177340.006843637
"Arkansas","Car",2020,48382.646536024,0,0,0,0,327.716995090301,130.429171959016,47924.5003689747,48382.646536024
"Arkansas","Car",2021,48127.4586974141,0,0,0,1771.61719547613,337.988439661422,134.517138193007,49426.5703150358,49899.0758928902
"Arkansas","Car",2022,47815.8337452386,0,1,1,1771.61719547613,1360.62385564793,375.029096346655,47852.7979887202,49588.4509407148
"Arkansas","Car",2023,47441.3685514474,0,1,1,1771.61719547613,2375.34908045257,696.146312904171,46142.4903535667,49213.9857469235
"Arkansas","Car",2024,47010.6156695738,3,3,6,1771.61719547613,3883.09592635823,744.223571004396,44160.9133676873,48788.23286505
"Arkansas","SUV",2020,68814.473523019,0,0,0,0,466.110766902626,185.508967429473,68162.8537886869,68814.473523019
"Arkansas","SUV",2021,69145.7237296332,0,0,0,3382.79653743799,491.267642884585,195.521235796875,71841.7313883897,72528.5202670712
"Arkansas","SUV",2022,69338.0367006906,0,0,0,3382.79653743799,1995.33759634247,549.97540470616,70175.5202370799,72720.8332381286
"Arkansas","SUV",2023,69406.554354738,1,0,1,3382.79653743799,3513.27961825077,1029.64093680945,68247.4303371158,72790.350892176
"Arkansas","SUV",2024,69386.4680444673,2,0,2,3382.79653743799,5791.92531599892,1110.06460396823,65869.2746619382,72771.2645819053
"California","Car",2020,932054.961184549,216,143,359,0,83013.7819316151,28862.3990322743,820537.78022066,932413.961184549
"California","Car",2021,927685.651182504,360,233,593,71697.2987013202,89028.8958512123,30953.7459644623,879993.30806815,999975.949883825
"California","Car",2022,924573.690333285,587,373,960,71697.2987013172,115985.934967642,28603.1968087707,852641.857258189,997230.989034602
"California","Car",2023,922423.358460425,943,589,1532,71697.2987013202,133889.201917528,35362.317466511,826401.137777707,995652.657161745
"California","Car",2024,921277.255746299,1502,925,2427,71697.2987013202,165219.613248232,28876.2968823225,801305.644317065,995401.55444762
"California","SUV",2020,726561.557813993,70,43,113,0,64696.589485841,22493.8406408929,639484.127687259,726674.557813993
"California","SUV",2021,731284.067047833,127,75,202,70652.8177978843,71415.2567823593,24829.8004293163,705893.827634042,802138.884845717
"California","SUV",2022,734417.250527483,216,122,338,70652.8177978813,93675.3960340057,23101.2130017983,688631.45928956,805408.068325364
"California","SUV",2023,735958.817455203,363,198,561,70652.8177978843,108543.576081821,28668.1251466424,669960.934024624,807172.635253088
"California","SUV",2024,736299.390926557,593,317,910,70652.8177978843,134091.293194116,23435.8374014005,650335.078128925,807862.208724441
"Colorado","Car",2020,110130.605280592,10,6,16,0,9720.65407073964,3495.66354887098,96930.287660981,110146.605280592
"Colorado","Car",2021,106551.465370435,18,8,26,15690.2687733124,10790.3674797498,3880.34529398845,107597.02137001,122267.734143748
"Colorado","Car",2022,103238.2119657,29,15,44,15690.2687733124,13754.0291362171,3495.78356110477,101722.668041691,118972.480739013
"Colorado","Car",2023,100140.386225442,48,23,71,15690.2687733124,15514.8301652259,4186.52196839258,96200.302865136,115901.654998754
"Colorado","Car",2024,97275.8682169777,79,36,115,15690.2687733124,18754.0203721293,3295.67064862765,91031.4459695332,113081.13699029
"Colorado","SUV",2020,136082.115308291,2,0,2,0,12009.6902311671,4318.82834928704,119755.596727837,136084.115308291
"Colorado","SUV",2021,136631.356449652,9,2,11,31012.8616645359,14795.9020097879,5320.78345262491,147538.532651775,167655.218114188
"Colorado","SUV",2022,137236.421164473,16,7,23,31012.8616645359,19453.4220558538,4944.36592772778,143874.494845428,168272.282829009
"Colorado","SUV",2023,137831.224301807,31,11,42,31012.8616645359,22607.4333543012,6100.390102812,140178.26250923,168886.085966343
"Colorado","SUV",2024,138446.626400378,52,20,72,31012.8616645359,28116.0683868944,4940.87664931844,136474.543028701,169531.488064913
"Connecticut","Car",2020,81826.0865122606,3,3,6,0,7131.79906765198,2686.60919755023,72013.6782470584,81832.0865122606
"Connecticut","Car",2021,80675.535252542,8,7,15,799.808230374411,7102.0156083522,2675.38951582187,71712.9383587423,81490.3434829164
"Connecticut","Car",2022,79500.1562046868,14,9,23,799.808230374256,9185.8612085131,2459.47564266677,68677.6275838812,80322.9644350611
"Connecticut","Car",2023,78289.6027028427,24,18,42,799.808230374411,10482.8439726403,2968.70752530827,65679.8594352686,79131.4109332172
"Connecticut","Car",2024,77049.3489214173,39,27,66,799.808230374411,12826.7519789316,2365.91004489439,62722.4951279658,77915.1571517917
"Connecticut","SUV",2020,51267.3102720626,0,0,0,0,4468.02924357233,1683.1445119018,45116.1365165885,51267.3102720626
"Connecticut","SUV",2021,53639.2844234095,1,0,1,960.876494204346,4758.57973469381,1792.59734622804,48049.983836692,54601.1609176138
"Connecticut","SUV",2022,55948.9193306164,5,4,9,960.87649420416,6509.32348276569,1742.84394165068,48666.6284004042,56918.7958248206
"Connecticut","SUV",2023,58173.7688093037,12,6,18,960.876494204346,7836.17964058457,2219.18074230496,49097.2849206185,59152.645303508
"Connecticut","SUV",2024,60305.0560584036,19,10,29,960.876494204346,10090.6540672948,1861.23344838822,49343.045036925,61294.932552608
"Delaware","Car",2020,22008.3070026645,0,0,0,0,1920.31421237962,719.594868255544,19368.3979220293,22008.3070026645
"Delaware","Car",2021,21874.9936137577,0,0,0,2575.74357929482,2133.42617082238,799.453815645858,21517.8572065843,24450.7371930525
"Delaware","Car",2022,21755.4438866975,2,1,3,2575.74357929482,2782.83635021698,744.370384479404,20806.9807312959,24334.1874659923
"Delaware","Car",2023,21636.3280815719,4,3,7,2575.74357929482,3207.88502021457,907.82685830319,20103.359782349,24219.0716608667
"Delaware","Car",2024,21515.2346851084,8,8,16,2575.74357929482,3970.07961230409,729.894361712264,19407.0042903868,24106.9782644032
"Delaware","SUV",2020,17164.3310544387,0,0,0,0,1497.65762835992,561.213751803719,15105.4596742751,17164.3310544387
"Delaware","SUV",2021,17837.8640481408,0,0,0,3373.20633077116,1850.75207754407,693.528011628715,18666.7902897392,21211.070378912
"Delaware","SUV",2022,18480.9611163732,1,0,1,3373.20633077116,2499.33779366945,668.538426369404,18687.2912271055,21855.1674471443
"Delaware","SUV",2023,19084.2937089076,3,0,3,3373.20633077116,2974.95720037172,841.908619473919,18643.6342198331,22460.5000396787
"Delaware","SUV",2024,19650.8009335808,4,1,5,3373.20633077116,3792.55297901892,697.25630370279,18539.1979816303,23029.007264352
"District of Columbia","Car",2020,9750.38015429833,0,0,0,0,770.006328163243,280.929723508542,8699.44410262654,9750.38015429833
"District of Columbia","Car",2021,9876.47683651707,0,0,0,1847.43902698203,925.86024984555,337.791592722492,10460.2640209311,11723.9158634991
"District of Columbia","Car",2022,10012.8844287793,1,1,2,1847.43902698206,1252.7926793001,324.472027682369,10285.0587487789,11862.3234557614
"District of Columbia","Car",2023,10147.7019668755,3,1,4,1847.43902698203,1496.83879957589,410.284808204774,10092.0173860768,11999.1409938575
"District of Columbia","Car",2024,10276.1636507648,9,5,14,1847.43902698206,1909.02763365686,340.994201774063,9887.58084231591,12137.6026777468
"District of Columbia","SUV",2020,3847.50484024426,0,0,0,0,303.844878634887,110.855008098439,3432.80495351093,3847.50484024426
"District of Columbia","SUV",2021,4018.58994627789,0,0,0,1220.52530456295,413.74303701847,150.950339941286,4674.42187388108,5239.11525084084
"District of Columbia","SUV",2022,4199.39071093573,0,0,0,1220.52530456297,572.403132654448,148.251828233774,4699.26105461048,5419.9160154987
"District of Columbia","SUV",2023,4385.1247401212,0,0,0,1220.52530456295,699.279597433091,191.673141821041,4714.69730543002,5605.65004468416
"District of Columbia","SUV",2024,4574.6155340964,0,0,0,1220.52530456297,911.471918768382,162.80887395251,4720.86004593848,5795.14083865937
"Florida","Car",2020,373133.433668846,19,13,32,0,2718.88125686546,1041.09358400209,369405.458827979,373165.433668846
"Florida","Car",2021,379007.860707371,32,19,51,74616.4743448953,3305.47594681661,1265.70801560913,449104.15108984,453675.335052266
"Florida","Car",2022,385608.890293546,50,30,80,74616.4743448953,12947.4307638628,3553.03182525486,443804.902049324,460305.364638441
"Florida","Car",2023,392561.447426045,78,50,128,74616.4743448941,23434.838310098,6791.30657206497,437079.776888776,467305.921770939
"Florida","Car",2024,399796.115663352,130,77,207,74616.4743448953,39947.2478329914,7511.31117447285,427161.031000783,474619.590008247
"Florida","SUV",2020,290013.872073701,6,4,10,0,2113.11230537096,809.137088220564,287101.62268011,290023.872073701
"Florida","SUV",2021,301134.195714973,10,5,15,84873.3242272534,2812.55791534614,1076.96354627747,382132.998480602,386022.519942226
"Florida","SUV",2022,312067.103379244,17,9,26,84873.3242272534,11165.838445203,3064.12755356757,382736.461607727,396966.427606497
"Florida","SUV",2023,322593.135476127,30,16,46,84873.324227252,20436.2670310439,5922.33463529378,381153.858037042,407512.459703379
"Florida","SUV",2024,332817.719917196,50,28,78,84873.3242272534,35162.3150302335,6611.59664643535,375995.132467781,417769.04414445
"Georgia","Car",2020,238727.179293479,23,6,29,0,1784.57315315844,688.451065136764,236283.155075184,238756.179293479
"Georgia","Car",2021,231414.178894823,36,7,43,25956.2407360473,1924.02592173875,742.249031835673,254747.144677296,257413.41963087
"Georgia","Car",2022,225211.138691351,56,12,68,25956.2407360473,7336.93786280368,2020.35853603667,241878.083028558,251235.379427398
"Georgia","Car",2023,219894.613640565,90,20,110,25956.2407360467,12623.1810160543,3677.85125354027,229659.822107017,245960.854376612
"Georgia","Car",2024,215382.813611847,142,32,174,25956.2407360473,20605.9793173059,3899.20340092928,217007.87162966,241513.054347895
"Georgia","SUV",2020,236270.014968816,6,0,6,0,1766.03526784668,681.299536007419,233828.680164962,236276.014968816
"Georgia","SUV",2021,233800.975303448,11,1,12,33976.9487018774,2001.58467303507,772.169578856193,265016.169753435,267789.924005326
"Georgia","SUV",2022,231306.818430123,19,4,23,33976.9487018774,7747.87081925031,2133.5163577084,255425.379955042,265306.767132001
"Georgia","SUV",2023,228738.814587081,29,6,35,33976.9487018766,13484.8712227369,3928.91066580572,245336.981400415,262750.763288958
"Georgia","SUV",2024,226192.226314083,49,12,61,33976.9487018774,22202.9306804819,4201.38938736211,233825.854948116,260230.17501596
"Idaho","Car",2020,40776.149332213,0,0,0,0,306.803851077078,119.160424302258,40350.1850568336,40776.149332213
"Idaho","Car",2021,38938.6585610653,0,0,0,6014.95142057833,338.235485401504,131.368246562191,44484.0062496799,44953.6099816436
"Idaho","Car",2022,37225.08009677,0,1,1,6014.9514205784,1292.38266846316,353.673706306909,41594.9751425783,43241.0315173484
"Idaho","Car",2023,35613.9173400854,2,1,3,6014.95142057833,2165.02403675195,628.510510348029,38838.3342135637,41631.8687606637
"Idaho","Car",2024,34117.4917098227,6,6,12,6014.95142057833,3438.32802592433,650.926211644211,36055.1888928325,40144.4431304011
"Idaho","SUV",2020,57445.341491221,0,0,0,0,432.22453038304,167.872920282699,56845.2440405552,57445.341491221
"Idaho","SUV",2021,56301.6762999507,0,0,0,12630.9902597054,518.656320223135,201.442410086664,68212.5678293463,68932.6665596561
"Idaho","SUV",2022,55226.5461033415,0,0,0,12630.9902597055,2028.11775859292,555.015122077881,65274.4034823762,67857.536363047
"Idaho","SUV",2023,54198.1831648902,1,0,1,12630.9902597054,3475.43687448548,1008.92579785963,62345.8107522505,66830.1734245956
"Idaho","SUV",2024,53237.2997174821,2,0,2,12630.9902597054,5641.71891408831,1068.06060742903,59160.5104556701,65870.2899771875
"Illinois","Car",2020,210596.815090481,10,7,17,0,1520.22964421238,594.089742540889,208499.495703728,210613.815090481
"Illinois","Car",2021,212962.344231423,15,11,26,0,1537.36921119451,600.787704901011,210850.187315327,212988.344231423
"Illinois","Car",2022,215184.477659118,25,18,43,0,5959.53771287409,1680.14880390867,207587.791142335,215227.477659118
"Illinois","Car",2023,217231.711247409,40,27,67,0,10767.3637223906,3205.41753692263,203325.929988096,217298.711247409
"Illinois","Car",2024,219104.649850384,64,47,111,0,18113.0025332607,3491.55142399297,197611.095893131,219215.649850384
"Illinois","SUV",2020,183006.123716912,2,1,3,0,1320.97647495848,516.223701398247,181171.923540556,183009.123716912
"Illinois","SUV",2021,190294.08268549,6,4,10,0,1373.63215128522,536.800985436459,188393.649548768,190304.08268549
"Illinois","SUV",2022,197378.75408657,8,5,13,0,5465.67573752097,1540.9162581706,190385.162090878,197391.75408657
"Illinois","SUV",2023,204226.161522576,15,9,24,0,10120.795318324,3012.93572292897,191116.430481323,204250.161522576
"Illinois","SUV",2024,210833.954938845,27,16,43,0,17424.0060945489,3358.73708289781,190094.211761399,210876.954938845
"Indiana","Car",2020,141809.959923937,1,2,3,0,997.669830938632,397.220395651491,140418.069697347,141812.959923937
"Indiana","Car",2021,139643.569239412,3,6,9,6876.9360591699,1030.85124841317,410.431515571909,145088.222534596,146529.505298581
"Indiana","Car",2022,137470.965386651,6,7,13,6876.93605917018,4031.56852954233,1135.20843511457,139194.124481165,144360.901445822
"Indiana","Car",2023,135241.22357868,11,11,22,6876.9360591699,7034.49087114217,2100.6783132426,133004.990453465,142140.15963785
"Indiana","Car",2024,132956.565362944,20,18,38,6876.9360591699,11446.019866789,2224.24916923019,126201.232386095,139871.501422114
"Indiana","SUV",2020,143081.274426767,0,0,0,0,1006.59256350337,400.772965098564,141673.908898165,143081.274426767
"Indiana","SUV",2021,144677.941819791,0,0,0,10329.9499401153,1090.49763328546,434.179613252544,153483.214513368,155007.891759906
"Indiana","SUV",2022,146034.648454653,0,1,1,10329.9499401157,4366.82383718692,1229.60957213265,150769.16498545,156365.598394769
"Indiana","SUV",2023,147135.426233316,4,4,8,10329.9499401153,7793.3289927512,2327.28672236931,147352.760458311,157473.376173432
"Indiana","SUV",2024,148017.258745687,12,6,18,10329.9499401153,12959.4042131251,2518.33776196722,142887.46671071,158365.208685803
"Iowa","Car",2020,69568.8296902132,0,1,1,0,486.758424596549,194.939660335996,68888.1316052806,69569.8296902132
"Iowa","Car",2021,66895.8531334644,0,1,1,3020.11685091951,489.187257086969,195.912372377062,69231.8703549199,69916.9699843839
"Iowa","Car",2022,64438.2218074587,0,3,3,3020.11685091964,1850.64988530653,528.922450021941,65081.7663230499,67461.3386583784
"Iowa","Car",2023,62146.4594572208,2,6,8,3020.11685091951,3184.27207504255,965.362593982273,61024.9416391155,65174.5763081403
"Iowa","Car",2024,60003.2092901003,6,7,13,3020.11685091951,5109.23353820257,1007.95834629285,56919.1342565244,63036.3261410198
"Iowa","SUV",2020,76537.0886714785,0,0,0,0,535.506165112492,214.46242049408,75787.1200858719,76537.0886714785
"Iowa","SUV",2021,76652.0875270219,0,0,0,5513.11269599168,574.884308259855,230.232793356495,81360.0831213973,82165.2002230136
"Iowa","SUV",2022,76786.4039175272,0,0,0,5513.11269599191,2257.70187800263,645.259386020763,79396.5553494957,82299.5166135191
"Iowa","SUV",2023,76930.1432875868,1,0,1,5513.11269599168,4028.02683112155,1221.16023338544,77195.0689190714,82444.2559835784
"Iowa","SUV",2024,77095.3980311745,3,3,6,5513.11269599168,6696.08866489383,1321.01584451571,74597.4062177566,82614.5107271662
"Kansas","Car",2020,60123.3585211385,0,0,0,0,445.051313465058,169.734284714902,59508.5729229585,60123.3585211385
"Kansas","Car",2021,58737.9177199651,0,1,1,1789.50348600548,448.049710167345,170.877817391149,59909.4936784121,60528.4212059706
"Kansas","Car",2022,57385.0240285754,2,2,4,1789.50348600536,1725.41398654626,466.178998763099,56986.9345292714,59178.5275145808
"Kansas","Car",2023,56055.3998385034,4,6,10,1789.50348600548,3000.76476989745,860.192807222914,53993.9457473885,57854.9033245089
"Kansas","Car",2024,54753.3089740639,9,7,16,1789.50348600536,4861.56489289231,907.936677438079,50789.3108897389,56558.8124600693
"Kansas","SUV",2020,68696.5501221336,0,0,0,0,508.512674847074,193.937266383118,67994.1001809034,68696.5501221336
"Kansas","SUV",2021,68499.2834262144,0,0,0,2902.63023501041,528.538595322719,201.574779597553,70671.8002863046,71401.9136612249
"Kansas","SUV",2022,68260.2289085008,0,0,0,2902.6302350102,2074.83013933699,560.585601195765,68527.4434029782,71162.859143511
"Kansas","SUV",2023,67981.5537973528,1,0,1,2902.63023501041,3676.60735268921,1053.92839568502,66154.648283989,70885.1840323632
"Kansas","SUV",2024,67679.5816903831,4,1,5,2902.6302350102,6067.38890824338,1133.13409312485,63386.6889240251,70587.2119253933
"Kentucky","Car",2020,97033.1107117068,0,0,0,0,668.19661860866,270.543831618165,96094.37026148,97033.1107117068
"Kentucky","Car",2021,95306.928546938,0,1,1,3807.39912721572,682.535335808508,276.349385528051,98156.4429528172,99115.3276741538
"Kentucky","Car",2022,93567.4667228164,1,1,2,3807.39912721572,2641.83057970161,760.509202863901,93974.5260674666,97376.8658500321
"Kentucky","Car",2023,91796.8503231376,4,5,9,3807.39912721544,4607.43206119715,1405.94434220354,89599.8730469523,95613.249450353
"Kentucky","Car",2024,90003.5338306618,8,6,14,3807.39912721572,7464.58461966862,1483.01548523409,84877.3328529748,93824.9329578775
"Kentucky","SUV",2020,104785.103961072,0,0,0,0,721.578970660557,292.157628609509,103771.367361802,104785.103961072
"Kentucky","SUV",2021,104523.449721135,0,0,0,5647.97334219902,758.670641580722,307.175547725527,109105.576874028,110171.423063334
"Kentucky","SUV",2022,104114.312874355,0,0,0,5647.97334219902,2977.84655209005,857.23881197439,105927.20085249,109762.286216554
"Kentucky","SUV",2023,103570.794219089,1,0,1,5647.97334219861,5263.10591545867,1606.02129037893,102350.64035545,109219.767561288
"Kentucky","SUV",2024,102935.875978127,3,0,3,5647.97334219902,8639.02269665013,1716.345260882,98231.481362794,108586.849320326
"Louisiana","Car",2020,72224.9699867176,0,0,0,0,490.381638436524,201.794214046888,71532.7941342341,72224.9699867176
"Louisiana","Car",2021,71649.3506150996,0,0,0,2343.309335745,502.383619205998,206.733082239636,73283.543249399,73992.6599508446
"Louisiana","Car",2022,71206.5680138047,0,1,1,2343.30933574523,2003.25608473725,577.55623782436,70970.0650269883,73550.8773495499
"Louisiana","Car",2023,70849.3777304429,2,1,3,2343.309335745,3485.03369764632,1068.90629479193,68641.7470737497,73195.6870661879
"Louisiana","Car",2024,70553.7540012694,6,4,10,2343.30933574523,5784.76075142626,1158.92572294495,65963.3768626434,72907.0633370146
"Louisiana","SUV",2020,83194.7594169343,0,0,0,0,564.86257370147,232.443448470074,82397.4533947627,83194.7594169343
"Louisiana","SUV",2021,84558.9186875387,0,0,0,3905.52859487477,600.641864021673,247.166784752281,87616.6386336395,88464.4472824134
"Louisiana","SUV",2022,85889.1658431861,0,0,0,3905.52859487516,2445.67807335977,705.110363942546,86643.9060007589,89794.6944380613
"Louisiana","SUV",2023,87171.120753349,1,0,1,3905.52859487477,4336.43961554668,1330.04384008495,85411.1658925922,91077.6493482238
"Louisiana","SUV",2024,88411.8017447976,3,0,3,3905.52859487516,7325.09305770529,1467.51769560169,83527.7195863658,92320.3303396728
"Maine","Car",2020,22784.9906941058,0,0,0,0,1995.82100001659,737.366060208918,20051.8036338802,22784.9906941058
"Maine","Car",2021,23144.7873274884,1,1,2,683.578089664961,2087.38921056164,771.196394016121,20971.7798125756,23830.3654171534
"Maine","Car",2022,23393.1657292993,2,2,4,683.5780896649,2781.75547752843,708.993150194652,20589.9951912411,24080.7438189642
"Maine","Car",2023,23516.1572852737,4,6,10,683.578089664961,3236.63958647694,877.988140047279,20095.1076484144,24209.7353749386
"Maine","Car",2024,23510.6840823718,8,8,16,683.578089664961,4006.0341697832,713.906292985805,19490.3217092677,24210.2621720367
"Maine","SUV",2020,22642.0118485945,0,0,0,0,1983.29695792851,732.738990159899,19925.9759005061,22642.0118485945
"Maine","SUV",2021,24045.6809544732,1,0,1,1274.82335597649,2218.00354159809,819.452512516913,22284.0482563347,25321.5043104497
"Maine","SUV",2022,25432.8217345793,2,0,2,1274.82335597637,3085.44047028068,786.394122860143,22837.8104974148,26709.6450905557
"Maine","SUV",2023,26777.9892654659,3,0,3,1274.82335597649,3750.82801835747,1017.46964018923,23287.5149628957,28055.8126214424
"Maine","SUV",2024,28062.9444636792,5,3,8,1274.82335597649,4855.79824739978,865.340828202608,23624.6287440533,29345.7678196557
"Maryland","Car",2020,119487.972143484,6,6,12,0,10535.8492385009,3801.19453165338,105162.92837333,119499.972143484
"Maryland","Car",2021,119077.194402963,12,10,22,10136.2064388739,11394.1842422519,4110.87040577866,113730.346193806,129235.400841837
"Maryland","Car",2022,118975.140065764,22,18,40,10136.2064388739,14913.2999316938,3812.72115430788,110425.325418636,129151.346504638
"Maryland","Car",2023,119039.271872169,37,28,65,10136.2064388739,17285.2923087663,4684.21085445117,107270.975147825,129240.478311042
"Maryland","Car",2024,119181.348781284,61,46,107,10136.2064388739,21454.1014717234,3782.68900028998,104187.764748145,129424.555220158
"Maryland","SUV",2020,83831.4783903873,0,0,0,0,7391.09643223402,2666.60946879002,73773.7724893633,83831.4783903873
"Maryland","SUV",2021,87111.3840299876,4,4,8,11795.8403731515,8720.9718379904,3146.41085980354,87047.8417053451,98915.2244031391
"Maryland","SUV",2022,90389.6987054264,11,7,18,11795.8403731515,11801.5961398024,3017.18569752605,87384.7572412494,102203.539078578
"Maryland","SUV",2023,93602.7560235608,19,12,31,11795.8403731515,14100.7013864999,3821.20575748203,87507.6892527304,105429.596396712
"Maryland","SUV",2024,96733.7189993207,32,18,50,11795.8403731515,17998.7242804851,3173.45270529169,87407.3823866955,108579.559372472
"Massachusetts","Car",2020,125774.810612519,7,6,13,0,11091.0776593899,4000.63038418808,110696.102568941,125787.810612519
"Massachusetts","Car",2021,125190.728351026,13,14,27,11191.4660322595,12027.5960046741,4338.43919434652,120043.159184265,136409.194383286
"Massachusetts","Car",2022,124832.82152938,22,19,41,11191.4660322593,15684.4764114261,4043.18121025186,116337.629939962,136065.28756164
"Massachusetts","Car",2023,124543.353467311,40,32,72,11191.4660322595,18134.2387722525,4951.92068621288,112720.660041105,135806.81949957
"Massachusetts","Car",2024,124251.103966945,67,51,118,11191.4660322595,22439.3738358577,3994.55272095444,109126.643442393,135560.569999205
"Massachusetts","SUV",2020,63871.9591314311,1,0,1,0,5631.86485727127,2031.45360257805,56209.6406715818,63872.9591314311
"Massachusetts","SUV",2021,70376.075009435,4,5,9,15022.5340960401,7530.6376721161,2716.35442547575,75160.6170078833,85407.6091054751
"Massachusetts","SUV",2022,77200.413243685,10,7,17,15022.5340960398,10632.655133189,2740.91084215471,78866.3813643811,92239.9473397248
"Massachusetts","SUV",2023,84227.2986342457,17,12,29,15022.5340960401,13256.6690273401,3620.00161193471,82402.1620910111,99278.8327302859
"Massachusetts","SUV",2024,91381.2699709749,31,18,49,15022.5340960401,17621.1583231693,3136.83645725021,85694.8092865955,106452.804067015
"Michigan","Car",2020,164791.149912041,3,12,15,0,1183.40979892787,453.761425969275,163168.978687144,164806.149912041
"Michigan","Car",2021,163859.113212787,4,20,24,3519.27066019753,1202.05235996901,460.909647227379,165739.421865788,167402.383872985
"Michigan","Car",2022,162648.747056042,7,32,39,3519.27066019753,4804.00880020608,1285.54479798475,160117.464118049,166207.01771624
"Michigan","Car",2023,161080.361881075,13,49,62,3519.27066019797,8210.44917747856,2333.25466922465,154117.92869457,164661.632541273
"Michigan","Car",2024,159143.255444755,21,77,98,3519.27066019753,13355.1046636586,2474.39588845968,146931.025552834,162760.526104952
"Michigan","SUV",2020,162736.88711231,0,4,4,0,1168.57993829544,448.075129714508,161124.2320443,162740.88711231
"Michigan","SUV",2021,169019.328185935,0,5,5,6477.09616321457,1260.20846559081,483.208767481137,173758.007116078,175501.42434915
"Michigan","SUV",2022,175070.242120309,1,9,10,6477.09616321457,5247.69087876376,1404.27338732964,174905.37401743,181557.338283523
"Michigan","SUV",2023,180843.959621077,6,15,21,6477.09616321539,9341.35295564824,2654.63617513497,175346.066653509,187342.055784292
"Michigan","SUV",2024,186347.271870461,12,24,36,6477.09616321457,15824.9083005581,2931.99409666216,174103.465636455,192860.368033675
"Minnesota","Car",2020,108950.703868876,3,2,5,0,777.520099935642,302.823617869671,107875.360151071,108955.703868876
"Minnesota","Car",2021,108011.721011985,4,6,10,8549.61173239156,831.866080128455,323.989946997398,115415.476717251,116571.332744377
"Minnesota","Car",2022,106824.15987389,8,7,15,8549.61173239156,3227.02622213791,892.074511640767,111269.670872503,115388.771606282
"Minnesota","Car",2023,105365.804086692,12,13,25,8549.61173239156,6871.99907865108,2015.46262730756,105052.954113125,113940.415819083
"Minnesota","Car",2024,103666.583984844,22,18,40,8549.61173239156,11014.4741798976,2100.76601878587,99140.9555185524,112256.195717236
"Minnesota","SUV",2020,111356.195041058,0,0,0,0,794.650273665103,309.49536974325,110252.04939765,111356.195041058
"Minnesota","SUV",2021,114356.580205619,0,0,0,15148.5999591519,924.163463209561,359.937348828986,128221.079352732,129505.180164771
"Minnesota","SUV",2022,117249.910849552,1,1,2,15148.5999591519,3702.7859319102,1023.59284509648,127674.132031697,132400.510808703
"Minnesota","SUV",2023,119996.075574585,6,4,10,15148.5999591519,8151.47811306888,2390.71619570571,124612.481224962,135154.675533737
"Minnesota","SUV",2024,122610.01192936,11,6,17,15148.5999591519,13518.4157103287,2578.33718507509,121678.858993108,137775.611888512
"Mississippi","Car",2020,61056.4233254471,0,0,0,0,453.040742613365,179.073536776228,60424.3090460575,61056.4233254471
"Mississippi","Car",2021,60781.7055566917,0,0,0,0,451.002327403508,178.267811845305,60152.4354174429,60781.7055566917
"Mississippi","Car",2022,60373.3272120113,0,0,0,0,1876.05096068015,508.000630505159,57989.275620826,60373.3272120113
"Mississippi","Car",2023,59841.5768201154,0,0,0,0,3092.564696819,895.373968962629,55853.6381543338,59841.5768201154
"Mississippi","Car",2024,59207.1347878545,2,1,3,0,5054.61353181381,963.485062607471,53192.0361934333,59210.1347878545
"Mississippi","SUV",2020,65732.7827106843,0,0,0,0,487.739488678496,192.788919511432,65052.2543024944,65732.7827106843
"Mississippi","SUV",2021,66695.8328440089,0,0,0,0,494.885353500116,195.613467430789,66005.334023078,66695.8328440089
"Mississippi","SUV",2022,67337.1851846954,0,0,0,0,2092.44705880831,566.596775595007,64678.141350292,67337.1851846954
"Mississippi","SUV",2023,67679.5919242012,1,0,1,0,3497.67871046874,1012.66449570797,63170.2487180245,67680.5919242012
"Mississippi","SUV",2024,67764.1622622102,2,0,2,0,5785.01910182984,1102.71130649861,60878.4318538818,67766.1622622102
"Missouri","Car",2020,126475.479475235,1,1,2,0,963.982218222583,366.514072553377,125146.983184459,126477.479475235
"Missouri","Car",2021,121972.075118039,3,5,8,3680.3421383829,957.754758176852,364.14634034849,124338.516157897,125660.417256422
"Missouri","Car",2022,118291.164493332,6,6,12,3680.34213838263,3701.19461070389,994.261287191679,117288.050733819,121983.506631715
"Missouri","Car",2023,115258.760678501,12,12,24,3680.3421383829,6284.8042389626,1793.85712821019,110884.441449711,118963.102816884
"Missouri","Car",2024,112754.702726436,20,16,36,3680.3421383829,10041.5485538364,1867.26232954951,104562.233981433,116471.044864818
"Missouri","SUV",2020,126946.538490242,0,0,0,0,967.55727800113,367.873340073345,125611.107872168,126946.538490242
"Missouri","SUV",2021,126975.291899957,0,0,0,5655.26018009639,1010.87952043866,384.344817666782,131235.327741948,132630.552080054
"Missouri","SUV",2022,127100.435758223,0,0,0,5655.26018009598,4028.04182233111,1082.06308188998,127645.591034098,132755.695938319
"Missouri","SUV",2023,127315.796353446,4,4,8,5655.26018009639,7025.26513184259,2005.20516712268,123948.586234578,132979.056533543
"Missouri","SUV",2024,127647.634720006,12,6,18,5655.26018009639,11494.2580014982,2137.39891384788,119689.237984756,133320.894900102
"Montana","Car",2020,23643.5060142897,0,0,0,0,169.994640047633,67.1835104379867,23406.3278638041,23643.5060142897
"Montana","Car",2021,21274.8406189055,0,0,0,1443.59963109005,163.343502034238,64.5549169716151,22490.5418309897,22718.4402499955
"Montana","Car",2022,19209.1008851535,0,0,0,1443.59963109005,582.728813660447,163.667660626854,19906.3040419563,20652.7005162436
"Montana","Car",2023,17413.9646683128,0,0,0,1443.59963109005,952.735486686279,284.855035715323,17619.9737770012,18857.5642994028
"Montana","Car",2024,15868.8675081401,1,1,2,1443.59963109005,1447.2121866427,280.933739221569,15586.3212133658,17314.4671392301
"Montana","SUV",2020,35943.6904672463,0,0,0,0,258.431838292941,102.13473848703,35583.1238904664,35943.6904672463
"Montana","SUV",2021,34075.7359711709,0,0,0,3626.83243113758,271.078009350562,107.132626449923,37324.357766508,37702.5684023085
"Montana","SUV",2022,32398.5605395871,0,0,0,3626.83243113758,1016.47890991159,285.492533339367,34723.4215274738,36025.3929707247
"Montana","SUV",2023,30902.8090980865,0,0,0,3626.83243113758,1744.53149437172,521.59134206722,32263.5186927851,34529.641529224
"Montana","SUV",2024,29587.9491738513,0,0,0,3626.83243113758,2776.22385539687,538.922319623417,29899.6354299686,33214.7816049889
"Nebraska","Car",2020,47361.5242106924,0,0,0,0,340.019165559542,134.809360794532,46886.6956843383,47361.5242106924
"Nebraska","Car",2021,44441.9469523121,0,0,0,2927.73478828229,340.077730324011,134.832580304674,46894.7714299657,47369.6817405944
"Nebraska","Car",2022,41913.2217870148,0,1,1,2927.73478828235,1273.52984160612,356.931009418756,43211.4957242723,44841.9565752972
"Nebraska","Car",2023,39709.0260122683,1,1,2,2927.73478828229,2153.82215020097,641.224383197571,39843.714267152,42638.7608005505
"Nebraska","Car",2024,37788.7149150374,5,6,11,2927.73478828235,3386.0692935511,656.019386231956,36685.3610235367,40727.4497033197
"Nebraska","SUV",2020,49788.5264627928,0,0,0,0,357.443167306175,141.717555319629,49289.365740167,49788.5264627928
"Nebraska","SUV",2021,49344.09223386,0,0,0,5238.32827226224,391.859624114923,155.362846565388,54035.198035442,54582.4205061223
"Nebraska","SUV",2022,48958.8618026832,0,0,0,5238.32827226235,1539.22228562313,431.396380499757,52226.5714088226,54197.1900749455
"Nebraska","SUV",2023,48620.4748052722,0,0,0,5238.32827226224,2720.58288922431,809.95735182589,50328.2628364843,53858.8030775345
"Nebraska","SUV",2024,48335.6764402494,2,0,2,5238.32827226235,4454.29472627641,862.978113883656,48258.7318723516,53576.0047125117
"Nevada","Car",2020,57524.5100582453,3,1,4,0,463.627276151734,169.295878881182,56895.5869032124,57528.5100582453
"Nevada","Car",2021,56922.831173639,6,1,7,10023.2310125544,539.580563097747,197.030611345955,66216.4510117497,66953.0621861934
"Nevada","Car",2022,56498.2304073414,9,6,15,10023.2310125544,2102.10664862573,546.970387578546,63887.3843836915,66536.4614198957
"Nevada","Car",2023,56204.6441207616,15,6,21,10023.2310125544,3663.10745363459,1011.59987295737,61574.167806724,66248.875133316
"Nevada","Car",2024,56040.1425801996,23,12,35,10023.2310125544,5983.38423841049,1074.12560424478,59040.8637500987,66098.373592754
"Nevada","SUV",2020,54632.0205917688,0,0,0,0,440.284215113214,160.772040363536,54030.9643362921,54632.0205917689
"Nevada","SUV",2021,54854.3381240588,0,0,0,12460.9148603071,542.499490305039,198.096472593487,66574.6570214674,67315.2529843659
"Nevada","SUV",2022,55049.2570677667,2,0,2,12460.9148603071,2132.93256726651,554.9913244218,64824.2480363854,67512.1719280738
"Nevada","SUV",2023,55189.1934450899,7,0,7,12460.9148603071,3740.97306899372,1033.10315878833,62883.032077615,67657.108305397
"Nevada","SUV",2024,55296.8503968912,9,4,13,12460.9148603071,6134.77316648212,1101.30265277812,60534.689437938,67770.7652571982
"New Hampshire","Car",2020,24627.5862895317,0,0,0,0,175.345456747255,66.5467697293801,24385.6940630551,24627.5862895317
"New Hampshire","Car",2021,24914.9329770968,0,1,1,1565.87363666302,188.547282774357,71.5571012938823,26221.7022296916,26481.8066137598
"New Hampshire","Car",2022,25267.0345354479,0,2,2,1565.8736366631,758.918683952275,204.280367560086,25871.7091205986,26834.908172111
"New Hampshire","Car",2023,25652.2146049391,2,6,8,1565.87363666302,1346.89367103366,384.664662578274,25494.5299079902,27226.0882416021
"New Hampshire","Car",2024,26051.1853551912,4,7,11,1565.8736366631,2241.75040065485,418.399105884586,24967.9094853149,27628.0589918543
"New Hampshire","SUV",2020,33235.5508057362,0,0,0,0,236.633130334643,89.8065494643525,32909.1111259372,33235.5508057362
"New Hampshire","SUV",2021,33646.1790262872,0,0,0,2505.94476220333,257.398779707889,97.6874886843193,35797.0375200983,36152.1237884906
"New Hampshire","SUV",2022,34077.8388645406,0,0,0,2505.94476220345,1034.62686534766,278.49354721388,35270.6632141825,36583.783626744
"New Hampshire","SUV",2023,34504.010999916,0,0,0,2505.94476220333,1830.90845584878,522.896349227243,34656.1509570433,37009.9557621194
"New Hampshire","SUV",2024,34913.1544102468,0,1,1,2505.94476220345,3036.27997671197,566.689684587752,33817.1295111505,37420.0991724502
"New Jersey","Car",2020,166917.89815564,8,6,14,0,14548.4433872461,5480.00888252416,146903.44588587,166931.89815564
"New Jersey","Car",2021,168744.367380208,16,13,29,12048.0834261404,15758.9452304864,5935.97249847251,159126.533077389,180821.450806348
"New Jersey","Car",2022,170324.755703805,29,22,51,12048.0834261404,20883.7526407112,5565.49234373786,155974.594145496,182423.839129945
"New Jersey","Car",2023,171588.639921799,50,31,81,12048.083426141,24367.3952810777,6862.84898491785,152487.479081944,183717.72334794
"New Jersey","Car",2024,172532.326811394,86,53,139,12048.0834261404,30450.286905168,5568.26063690123,148700.862695466,184719.410237535
"New Jersey","SUV",2020,109293.598238633,1,0,1,0,9525.23928964161,3587.90246667654,96181.4564823146,109294.598238633
"New Jersey","SUV",2021,116187.292096299,8,5,13,14503.6312588833,11391.1040995347,4290.72375550027,115022.095500147,130703.923355182
"New Jersey","SUV",2022,123030.059897118,14,7,21,14503.6312588833,15747.1641775124,4196.59834002629,117610.928638462,137554.691156001
"New Jersey","SUV",2023,129727.340519563,24,14,38,14503.631258884,19135.1111806572,5389.22510295715,119744.635494832,144268.971778447
"New Jersey","SUV",2024,136247.429874046,44,24,68,14503.6312588833,24861.9442664969,4546.35406382564,121410.762802607,150819.061132929
"New Mexico","Car",2020,41589.0793379016,0,0,0,0,3600.34696960675,1388.49824587102,36600.2341224238,41589.0793379016
"New Mexico","Car",2021,40421.3080492322,1,0,1,1226.38447283383,3605.5076548244,1390.48849915292,36652.6963680887,41648.692522066
"New Mexico","Car",2022,39350.1480292275,3,2,5,1226.38447283383,4631.05291726691,1252.44891414718,34698.0306706473,40581.5325020614
"New Mexico","Car",2023,38364.8372577217,7,3,10,1226.38447283396,5227.85816340635,1503.76110253059,32869.6024646187,39601.2217305556
"New Mexico","Car",2024,37464.7129653186,14,9,23,1226.38447283383,6355.26928148515,1192.88201369729,31165.94614297,38714.0974381524
"New Mexico","SUV",2020,52537.0545835405,0,0,0,0,4548.10801953805,1754.0087276228,46234.9378363796,52537.0545835405
"New Mexico","SUV",2021,51683.716244879,1,0,1,1981.71870130441,4645.87794450172,1791.7143627899,47228.8426388918,53666.4349461834
"New Mexico","SUV",2022,50839.4268265879,3,1,4,1981.71870130441,6028.26037408932,1630.31783367754,45166.5673201254,52825.1455278923
"New Mexico","SUV",2023,50006.5587089949,7,2,9,1981.71870130461,6864.29305221653,1974.47148825638,43158.5128698266,51997.2774102995
"New Mexico","SUV",2024,49198.6733673738,12,5,17,1981.71870130441,8404.51501229031,1577.52478265832,41215.3522737296,51197.3920686782
"New York","Car",2020,247742.922666641,10,15,25,0,21679.0280550423,8049.23571008453,218039.658901514,247767.922666641
"New York","Car",2021,246872.198475872,22,25,47,13078.0280976622,22749.0593150932,8446.52906693802,228801.638191503,259997.226573534
"New York","Car",2022,246659.733412579,40,42,82,13078.0280976622,29823.9524465342,7846.50875267941,222149.300311027,259819.761510241
"New York","Car",2023,246766.663492183,71,68,139,13078.0280976622,34587.679523551,9606.87506280858,215789.137003485,259983.691589845
"New York","Car",2024,246980.132518077,118,108,226,13078.0280976622,42996.3390242481,7756.64000567227,209531.181585819,260284.160615739
"New York","SUV",2020,166358.298909187,3,5,8,0,14556.6045138071,5404.74141980094,146404.952975579,166366.298909187
"New York","SUV",2021,177860.110642899,10,9,19,18815.2113465681,17210.2251122086,6390.00780847106,173094.089068788,196694.321989467
"New York","SUV",2022,189694.015940922,18,15,33,18815.2113465681,23937.9538860491,6297.93670120836,178306.336700233,208542.22728749
"New York","SUV",2023,201701.538200757,35,26,61,18815.2113465681,29345.1964802664,8150.75310523597,183081.799961823,220577.749547325
"New York","SUV",2024,213801.916281619,64,43,107,18815.2113465681,38443.6973304584,6935.33280847984,187345.097489249,232724.127628187
"North Carolina","Car",2020,202892.57021506,5,6,11,0,1518.55559807158,588.779520930628,200796.235096057,202903.57021506
"North Carolina","Car",2021,200097.945236002,8,7,15,22509.6467422048,1666.13521362583,645.999589432235,220310.457175149,222622.591978207
"North Carolina","Car",2022,197712.244901761,12,12,24,22509.6467422048,6516.56770554028,1789.01249103918,211940.311447386,220245.891643965
"North Carolina","Car",2023,195664.22740856,24,17,41,22509.6467422048,11277.1290830775,3277.49729723338,203660.247770454,218214.874150765
"North Carolina","Car",2024,194004.287107102,38,29,67,22509.6467422048,18275.5373648182,3455.01571810396,194850.380766385,216580.933849307
"North Carolina","SUV",2020,285905.345808854,0,0,0,0,2139.75122732662,829.631594744352,282935.962986783,285905.345808854
"North Carolina","SUV",2021,273302.276033754,2,0,2,29518.0231483574,2266.35981395744,878.720704867723,299677.218663286,302822.299182111
"North Carolina","SUV",2022,261244.997221626,8,4,12,29518.0231483574,8603.36187511704,2361.90622962898,279809.752265237,290775.020369983
"North Carolina","SUV",2023,249811.341361632,11,7,18,29518.0231483574,14436.3957812525,4195.68205757687,260715.28667116,279347.36450999
"North Carolina","SUV",2024,239181.979456024,19,13,32,29518.0231483574,22676.1500536143,4286.95765806286,241768.894892704,268732.002604381
"North Dakota","Car",2020,13179.4153968901,0,0,0,0,100.265030058834,38.6563971311166,13040.4939697001,13179.4153968901
"North Dakota","Car",2021,12648.5738978555,0,0,0,1789.65058491368,109.841671133808,42.3485960997814,14286.0342155356,14438.2244827692
"North Dakota","Car",2022,12141.7584478213,0,0,0,1789.6505849137,432.264280268038,117.180075976275,13381.9646764906,13931.409032735
"North Dakota","Car",2023,11655.2510753764,0,0,0,1789.65058491368,725.320303893646,209.345418780849,12510.2359376155,13444.90166029
"North Dakota","Car",2024,11194.7324102466,0,0,0,1789.6505849137,1135.95638789962,214.910667981009,11633.5159392797,12984.3829951603
"North Dakota","SUV",2020,19366.3218313767,0,0,0,0,147.333154170877,56.8031437767236,19162.1855334291,19366.3218313767
"North Dakota","SUV",2021,19299.8622370825,0,0,0,4695.04261405333,182.546022240538,70.3791892975568,23741.9796395977,23994.9048511358
"North Dakota","SUV",2022,19286.34018991,0,0,0,4695.04261405339,744.095242141668,201.712565640813,23035.5749961809,23981.3828039634
"North Dakota","SUV",2023,19316.4711628376,0,0,0,4695.04261405333,1295.36376759377,373.874092514331,22342.2759167828,24011.5137768909
"North Dakota","SUV",2024,19394.3820841663,0,0,0,4695.04261405339,2107.4960494441,398.715468813749,21583.2131799618,24089.4246982197
"Ohio","Car",2020,272141.675747825,5,6,11,0,1967.62502494682,771.09629356024,269413.954429318,272152.675747825
"Ohio","Car",2021,268264.039911365,8,7,15,6565.97937279941,1987.09028467024,778.724571019418,272079.204428475,274845.019284165
"Ohio","Car",2022,264380.736054567,12,13,25,6565.97937280002,7589.51253982249,2131.6697670048,261250.533120539,270971.715427367
"Ohio","Car",2023,260377.532794452,20,21,41,6565.97937279941,13257.0051140037,3936.05970561243,249791.447347635,266984.512167251
"Ohio","Car",2024,256229.522923546,35,34,69,6565.97937280002,21666.3298367967,4171.10984309978,237027.062616449,262864.502296346
"Ohio","SUV",2020,223666.901401979,0,0,0,0,1617.07979258905,633.72045925787,221416.101150133,223666.901401979
"Ohio","SUV",2021,227355.142480975,1,3,4,8431.40071939991,1704.73199343722,668.070646076747,233417.740560861,235790.543200375
"Ohio","SUV",2022,230765.710595869,5,4,9,8431.4007194007,6699.80547071542,1881.77734627888,230624.528498275,239206.11131527
"Ohio","SUV",2023,233857.773500317,10,5,15,8431.40071939991,12031.5131791725,3572.20607632276,226700.454964222,242304.174219717
"Ohio","SUV",2024,236654.111612393,17,12,29,8431.4007194007,20203.3056025916,3889.45462830551,221021.752100896,245114.512331793
"Oklahoma","Car",2020,62024.9549853605,0,0,0,0,446.719901872762,173.279244448403,61404.9558390394,62024.9549853605
"Oklahoma","Car",2021,61448.0455086109,1,0,1,4826.74615802525,477.33553626677,185.15481563711,65613.3013147323,66275.7916666362
"Oklahoma","Car",2022,61165.9105648431,2,1,3,4826.74615802525,1887.75256615544,517.88859060049,63590.0155661124,65995.6567228684
"Oklahoma","Car",2023,61142.2014393689,5,3,8,4826.74615802525,3385.3344120165,987.212663328966,61604.4005220487,65976.9475973941
"Oklahoma","Car",2024,61371.1856592622,11,6,17,4826.74615802525,5649.39242310355,1074.366053936,59491.1733402479,66214.9318172874
"Oklahoma","SUV",2020,81743.8050644672,0,0,0,0,588.740202805851,228.367836514377,80926.697025147,81743.8050644672
"Oklahoma","SUV",2021,81851.6737364005,0,0,0,8089.84820151195,647.782297687669,251.269815022346,89042.4698252024,89941.5219379124
"Oklahoma","SUV",2022,82112.3974219625,0,0,0,8089.84820151195,2580.16253044866,707.845276108196,86914.2378169176,90202.2456234745
"Oklahoma","SUV",2023,82520.1238145894,2,0,2,8089.84820151195,4649.37888425289,1355.82638301743,84606.7667488311,90611.9720161014
"Oklahoma","SUV",2024,83100.3551880572,5,0,5,8089.84820151195,7780.68446062963,1479.68181971249,81934.837109227,91195.2033895691
"Oregon","Car",2020,114096.848578189,12,6,18,0,10036.271487715,3654.81814158055,100423.758948893,114114.848578189
"Oregon","Car",2021,104606.799092881,21,8,29,9490.08624166627,10037.2421579172,3655.17162176182,100433.471554868,114125.885334547
"Oregon","Car",2022,96473.5403310313,35,16,51,9490.08624166627,12206.9127129376,3164.03655109764,90643.6773086624,106014.626572698
"Oregon","Car",2023,89547.8696164484,56,24,80,9490.08624166627,13234.3249699217,3614.20963995691,82269.4212482361,99117.9558581147
"Oregon","Car",2024,83725.5738941793,93,40,133,9490.08624166627,15462.6458073045,2739.90821606198,75146.1061124791,93348.6601358456
"Oregon","SUV",2020,141093.790226868,4,0,4,0,12409.3905979574,4519.01544701037,124169.384181901,141097.790226868
"Oregon","SUV",2021,133230.618512359,9,4,13,14610.4627053612,13003.5987266895,4735.40284261071,130115.07964842,147854.08121772
"Oregon","SUV",2022,125933.123202472,16,8,24,14610.4627053612,16185.4671088109,4195.27940710101,120186.839391921,140567.585907833
"Oregon","SUV",2023,119207.767478102,31,11,42,14610.4627053612,17873.1469132839,4881.04229094951,111106.04097923,133860.230183463
"Oregon","SUV",2024,113088.096357224,54,21,75,14610.4627053612,21164.9238933725,3750.32511191476,102858.310057298,127773.559062586
"Pennsylvania","Car",2020,210263.219786559,6,6,12,0,1566.17338563393,606.326966879277,208102.719434046,210275.219786559
"Pennsylvania","Car",2021,213807.143564902,9,11,20,6537.62742523888,1641.3224525762,635.420109593149,218088.028427971,220364.770990141
"Pennsylvania","Car",2022,216911.034606871,16,17,33,6537.62742523888,6461.33140873296,1790.7309385113,215229.599684866,223481.66203211
"Pennsylvania","Car",2023,219543.30585574,25,25,50,6537.62742523888,14653.8534039076,4293.45757606578,207183.622301006,226130.933280979
"Pennsylvania","Car",2024,221703.114207001,41,43,84,6537.62742523888,24421.025214116,4634.70367924501,199269.012738879,228324.74163224
"Pennsylvania","SUV",2020,357519.349381208,0,0,0,0,2662.87815758022,1030.90427360389,353825.566950024,357519.349381208
"Pennsylvania","SUV",2021,346299.665886526,3,4,7,9215.05560705555,2647.99941135812,1025.14412906909,351848.577953155,355521.721493582
"Pennsylvania","SUV",2022,334542.195015567,8,5,13,9215.05560705555,9939.13101208637,2754.58853282228,331076.531077714,343770.250622623
"Pennsylvania","SUV",2023,322518.299430537,13,11,24,9215.05560705555,21498.7112813457,6298.9441945646,303959.699561682,331757.355037593
"Pennsylvania","SUV",2024,310532.256767978,25,18,43,9215.05560705555,34203.9466503352,6491.33916349167,279095.026561206,319790.312375033
"Rhode Island","Car",2020,19303.9269710809,0,0,0,0,1686.03286565951,629.638829499403,16988.255275922,19303.9269710809
"Rhode Island","Car",2021,19631.5145339979,0,0,0,1196.11112412636,1819.11490992781,679.337518230302,18329.1732299662,20827.6256581243
"Rhode Island","Car",2022,19981.3320372531,1,1,2,1196.11112412636,2425.51264538428,644.797335946198,18109.133180049,21179.4431613794
"Rhode Island","Car",2023,20332.7164445912,4,1,5,1196.11112412644,2859.18343072635,800.999702690378,17873.6444353009,21533.8275687177
"Rhode Island","Car",2024,20675.5915438378,8,7,15,1196.11112412636,3609.78790609015,657.994862259474,17618.9198996145,21886.7026679641
"Rhode Island","SUV",2020,17360.1144346616,0,0,0,0,1516.25747094353,566.237229812935,15277.6197339052,17360.1144346616
"Rhode Island","SUV",2021,17588.2481430737,0,0,0,1332.06287179695,1652.52729392114,617.126375323247,16650.6573456263,18920.3110148707
"Rhode Island","SUV",2022,17833.4413272738,1,0,1,1332.06287179695,2194.98680623619,583.514436748654,16388.002956086,19166.5041990708
"Rhode Island","SUV",2023,18085.4001004953,3,0,3,1332.06287179704,2578.57855368345,722.388298934539,16119.4961196743,19420.4629722923
"Rhode Island","SUV",2024,18341.6895318343,5,1,6,1332.06287179695,3245.79418376521,591.64581200629,15842.3124078597,19679.7524036312
"South Carolina","Car",2020,129024.99720245,0,1,1,0,939.268053035379,372.244481848121,127714.484667566,129025.99720245
"South Carolina","Car",2021,124376.737791254,1,1,2,13238.0292475965,1001.80611383913,397.029151106749,136217.931773904,137616.76703885
"South Carolina","Car",2022,120266.615737093,3,4,7,13238.0292475962,3870.61451670118,1085.06124635517,128555.969221633,133511.644984689
"South Carolina","Car",2023,116595.986315622,7,6,13,13238.0292475965,6637.9677210049,1974.71494564932,121234.332896564,129847.015563218
"South Carolina","Car",2024,113336.587347328,15,8,23,13238.0292475962,10672.387061661,2067.0847850922,113858.144748171,126597.616594924
"South Carolina","SUV",2020,121416.613825087,0,0,0,0,883.874172231332,350.291146598592,120182.448506257,121416.613825087
"South Carolina","SUV",2021,120964.080300124,0,0,0,18188.4905070161,1012.9862747878,401.459998302997,137738.12453405,139152.57080714
"South Carolina","SUV",2022,120457.020601899,0,0,0,18188.4905070157,4019.44959958483,1126.78464191375,133499.276867416,138645.511108915
"South Carolina","SUV",2023,119860.649457206,2,0,2,18188.4905070161,7057.37445682206,2099.48336639704,128894.282141003,138051.139964222
"South Carolina","SUV",2024,119214.72499789,7,4,11,18188.4905070157,11584.2441199769,2243.69811822318,123586.273266705,137414.215504905
"South Dakota","Car",2020,18639.8731720471,0,0,0,0,132.623763143366,53.276212544771,18453.973196359,18639.8731720471
"South Dakota","Car",2021,17770.7818458598,0,0,0,1386.15951011406,136.302732829539,54.7540892563106,18965.884533888,19156.9413559739
"South Dakota","Car",2022,16944.6532765853,0,0,0,1386.15951011406,518.366676068875,146.965497171176,17665.4806134593,18330.8127866993
"South Dakota","Car",2023,16157.5301137962,0,0,0,1386.15951011406,878.252915399161,266.040116708505,16399.3965918026,17543.6896239103
"South Dakota","Car",2024,15415.0369051983,0,1,1,1386.15951011406,1384.606633257,273.2642585078,15144.3255235475,16802.1964153123
"South Dakota","SUV",2020,25537.8314510241,0,0,0,0,181.703130611154,72.991855886532,25283.1364645264,25537.8314510241
"South Dakota","SUV",2021,25230.7032496077,0,0,0,3137.84457800689,201.843839444837,81.0825679821142,28085.6214201877,28368.5478276146
"South Dakota","SUV",2022,24954.1264844064,0,0,0,3137.84457800689,794.396944275828,225.224628157322,27072.3494899802,28091.9710624133
"South Dakota","SUV",2023,24704.0377023423,0,0,0,3137.84457800689,1393.78972195171,422.206375627706,26025.8861827697,27841.8822803492
"South Dakota","SUV",2024,24486.9698526476,0,0,0,3137.84457800689,2276.45840804003,449.279025504599,24899.0769971099,27624.8144306545
"Tennessee","Car",2020,144378.282574311,4,1,5,0,1047.96602143128,410.015019967963,142925.301532912,144383.282574311
"Tennessee","Car",2021,142690.184068347,6,3,9,13951.7277660194,1137.00720680146,444.852240498895,155069.052387066,156650.911834366
"Tennessee","Car",2022,141090.016184454,9,6,15,13951.7277660194,4504.39826771269,1235.93658896626,149316.409093794,155056.743950473
"Tennessee","Car",2023,139508.004175101,16,7,23,13951.7277660191,7696.49387774663,2242.71471927802,143543.523344096,153482.73194112
"Tennessee","Car",2024,137946.932239208,28,14,42,13951.7277660194,12535.2658103932,2385.38088438355,137020.013310451,151940.660005228
"Tennessee","SUV",2020,160934.412935149,0,0,0,0,1168.09781179634,457.016389686084,159309.298733666,160934.412935148
"Tennessee","SUV",2021,160672.271547633,0,0,0,20452.7630686555,1314.64584073812,514.353070250177,179296.035705301,181125.034616289
"Tennessee","SUV",2022,160283.383776818,3,0,3,20452.7630686555,5250.47204795336,1440.64759102782,174048.027206492,180739.146845474
"Tennessee","SUV",2023,159750.855389982,8,3,11,20452.7630686551,9036.9821419353,2633.32540628289,168544.310910419,180214.618458637
"Tennessee","SUV",2024,159139.559533133,14,6,20,20452.7630686555,14818.2073617296,2819.81005557892,161974.30518448,179612.322601789
"Texas","Car",2020,392959.796278159,18,10,28,0,3071.80505389926,1183.01463782554,388732.976586434,392987.796278159
"Texas","Car",2021,404033.294785182,31,16,47,87108.5500431408,3839.3975341021,1478.6301225426,485870.817171678,491188.844828322
"Texas","Car",2022,415706.44987116,49,24,73,87108.5500431399,15783.3946654859,4275.68925766738,482828.915991147,502887.9999143
"Texas","Car",2023,427288.691892125,81,41,122,87108.5500431408,28432.4081075263,8208.88515340243,477877.948674337,514519.241935266
"Texas","Car",2024,438468.864110231,131,64,195,87108.5500431408,47896.8591497251,9019.98004221837,468855.574961429,525772.414153372
"Texas","SUV",2020,466365.561287626,6,3,9,0,3645.43568004176,1403.93146539901,461325.194142185,466374.561287626
"Texas","SUV",2021,482848.130058796,9,5,14,139952.574390322,4868.25640614913,1874.86461155852,616071.58343141,622814.704449117
"Texas","SUV",2022,499337.51629103,17,10,27,139952.57439032,20065.2908010006,5435.64614255111,613816.153737798,639317.09068135
"Texas","SUV",2023,515361.380886933,33,14,47,139952.574390322,36215.3416616547,10455.9409589038,608689.672656697,655360.955277255
"Texas","SUV",2024,530946.767905417,60,25,85,139952.574390322,61125.3874670477,11511.1885166023,598347.766312089,670984.342295739
"Utah","Car",2020,69502.0651664051,3,1,4,0,550.874561362641,197.82788115233,68757.3627238902,69506.0651664051
"Utah","Car",2021,68026.4546789983,7,4,11,12847.8372313181,641.061317384444,230.215390220933,80014.015202711,80885.2919103163
"Utah","Car",2022,66687.4101073721,10,6,16,12847.8372313181,2511.38987355418,636.591862098693,76403.2656030374,79551.2473386902
"Utah","Car",2023,65432.7484627096,17,7,24,12847.837231318,4355.87815111124,1174.16390130651,72774.5436416098,78304.5856940276
"Utah","Car",2024,64270.2343707943,27,13,40,12847.8372313181,7000.56764632247,1229.47263001184,68928.0313257781,77158.0716021124
"Utah","SUV",2020,67084.475938346,0,0,0,0,531.682108148467,190.935563699726,66361.8582664978,67084.475938346
"Utah","SUV",2021,67473.815363785,1,0,1,18667.3494027451,682.72498402811,245.177480452083,85214.26230205,86142.1647665302
"Utah","SUV",2022,67873.8087297365,2,0,2,18667.3494027451,2732.12071752904,692.54313452686,83118.4942804257,86543.1581324816
"Utah","SUV",2023,68237.6411537928,7,3,10,18667.3494027449,4834.8523271497,1303.27545301944,80776.8627763686,86914.9905565378
"Utah","SUV",2024,68582.7345000283,11,4,15,18667.3494027451,7917.57894331105,1390.52246882761,77956.9824906347,87265.0839027734
"Vermont","Car",2020,10219.5258205191,0,1,1,0,898.461842547931,326.998321764538,8995.06565620661,10220.5258205191
"Vermont","Car",2021,10398.2732729232,0,1,1,382.273450107719,947.779840724374,344.947779240382,9488.81910306611,10781.5467230309
"Vermont","Car",2022,10565.0073072926,0,4,4,382.273450107719,1263.73893241105,323.517166697228,9364.024658292,10951.2807574003
"Vermont","Car",2023,10710.7165365166,3,6,9,382.273450107686,1484.28293950647,402.876797866041,9214.83024925179,11101.9899866243
"Vermont","Car",2024,10830.8574511816,7,7,14,382.273450107719,1859.04882375876,329.451690286362,9038.63038724421,11227.1309012893
"Vermont","SUV",2020,10088.5472000397,0,0,0,0,886.859919455601,322.775761383259,8878.91151920084,10088.5472000397
"Vermont","SUV",2021,10650.4968623817,0,0,0,687.267212939463,996.675570354307,362.743550605696,9978.34495436115,11337.7640753212
"Vermont","SUV",2022,11238.598814647,0,0,0,687.267212939463,1376.20261370753,352.307869109128,10197.3555447698,11925.8660275864
"Vermont","SUV",2023,11845.0904823417,1,0,1,687.267212939402,1675.64995322918,454.81927301935,10402.8884690326,12533.3576952811
"Vermont","SUV",2024,12464.5277047667,3,3,6,687.267212939463,2178.7385735577,386.105569997567,10592.9507741509,13157.7949177062
"Virginia","Car",2020,183303.25607188,5,6,11,0,3551.03037280572,1345.0675644446,178418.15813463,183314.25607188
"Virginia","Car",2021,182609.343598217,10,7,17,17216.3946186502,3871.20810131915,1466.34523099993,194505.184884548,199842.738216867
"Virginia","Car",2022,182040.888301207,16,15,31,17216.3946186508,8719.36222981194,2357.2197380722,188211.700951973,199288.282919858
"Virginia","Car",2023,181508.299716699,28,23,51,17216.3946186502,13474.4882926064,3884.12375990837,181417.082282835,198775.694335349
"Virginia","Car",2024,181008.186731599,48,36,84,17216.3946186502,20622.5658247189,3883.19586129287,173802.819664237,198308.581350249
"Virginia","SUV",2020,185725.716014378,0,0,0,0,3597.74342001823,1362.76164138719,180765.210952972,185725.716014378
"Virginia","SUV",2021,185833.494584584,3,3,6,22193.8646925604,4029.8708522717,1526.44387775501,202477.044547117,208033.359277144
"Virginia","SUV",2022,185894.90897215,8,5,13,22193.8646925612,9104.97455577281,2461.4673839483,196535.33172499,208101.773664711
"Virginia","SUV",2023,185856.983323701,13,8,21,22193.8646925604,14104.6504176013,4065.77278650854,189901.424812151,208071.848016261
"Virginia","SUV",2024,185766.211900775,26,14,40,22193.8646925604,21630.4067221207,4072.97067568289,182296.699195532,208000.076593335
"Washington","Car",2020,199076.92050936,23,7,30,0,1499.29486784208,555.034182565719,197052.591458953,199106.92050936
"Washington","Car",2021,188952.670572097,37,13,50,26499.1621251397,1622.7501834038,600.736946995784,213278.345566837,215501.832697237
"Washington","Car",2022,179728.836670703,59,20,79,26499.1621251397,6007.64493826405,1592.65019267174,198706.703664907,206306.998795843
"Washington","Car",2023,171411.521889719,91,32,123,26499.16212514,10950.3532922156,3020.97549044412,184062.3552322,198033.684014859
"Washington","Car",2024,164111.467799706,145,53,198,26499.1621251397,17566.6580853164,3136.57663886702,170105.395200663,190808.629924846
"Washington","SUV",2020,192253.461147151,8,3,11,0,1447.77046990084,535.960014630584,190280.730662619,192264.461147151
"Washington","SUV",2021,190099.796064263,12,5,17,36009.3361077712,1702.75221264633,630.353443294565,223793.026516093,226126.132172034
"Washington","SUV",2022,187795.896284779,21,5,26,36009.3361077712,6517.94935778787,1727.93389209601,215585.349142666,223831.23239255
"Washington","SUV",2023,185311.072259761,33,10,43,36009.3361077716,12240.3799113872,3376.86709453584,205746.161361609,221363.408367532
"Washington","SUV",2024,182738.127057897,54,18,72,36009.3361077712,20145.4551262058,3597.02816673014,195076.979872733,218819.463165669
"West Virginia","Car",2020,29358.2871682357,0,0,0,0,220.164338804379,86.696838078408,29051.4259913529,29358.2871682357
"West Virginia","Car",2021,28672.849625908,0,0,0,0,215.0240899052,84.6726986155192,28373.1528373873,28672.849625908
"West Virginia","Car",2022,28020.0300449324,0,0,0,0,847.443897525854,233.38695573573,26939.1991916708,28020.0300449324
"West Virginia","Car",2023,27397.2102201635,0,1,1,0,1458.00991899511,427.740810189183,25512.4594909792,27398.2102201635
"West Virginia","Car",2024,26805.4561362318,0,1,1,0,2330.35434116404,446.036147652665,24030.0656474151,26806.4561362318
"West Virginia","SUV",2020,37646.4375267738,0,0,0,0,282.319025593229,111.172258782826,37252.9462423977,37646.4375267738
"West Virginia","SUV",2021,37819.2536400932,0,0,0,0,283.615012144,111.682595455668,37423.9560324935,37819.2536400932
"West Virginia","SUV",2022,38000.1185289391,0,0,0,0,1149.28386946654,316.514006831694,36534.3206526409,38000.1185289391
"West Virginia","SUV",2023,38195.2027503238,0,0,0,0,2032.57745745076,596.303438745793,35566.3218541273,38195.2027503238
"West Virginia","SUV",2024,38414.2832616226,1,0,1,0,3339.53961168224,639.196948299361,34436.546701641,38415.2832616226
"Wisconsin","Car",2020,125582.949254669,3,3,6,0,831.472854287002,332.850200695738,124424.626199686,125588.949254669
"Wisconsin","Car",2021,123244.732004582,5,6,11,4643.54583759898,846.768591024987,338.973297820049,126713.535953336,127899.277842181
"Wisconsin","Car",2022,120902.313851542,9,7,16,4643.5458375987,3302.83348887404,927.631749414231,121331.394450852,125561.85968914
"Wisconsin","Car",2023,118512.993799957,16,12,28,4643.54583759898,5721.98450657581,1704.31535053873,115758.239780441,123184.539637556
"Wisconsin","Car",2024,116083.033162875,26,19,45,4643.54583759898,9303.49468958204,1803.71412746374,109664.370183428,120771.579000474
"Wisconsin","SUV",2020,118771.500226561,0,0,0,0,786.33732416275,314.781817364994,117670.381085033,118771.50022656
"Wisconsin","SUV",2021,121769.824754949,0,0,0,7722.3467946937,857.314486068931,343.194966950671,128291.662096623,129492.171549642
"Wisconsin","SUV",2022,124620.048710234,3,3,6,7722.34679469324,3481.34946356028,977.769634492125,127889.276406875,132348.395504927
"Wisconsin","SUV",2023,127303.313527783,7,4,11,7722.3467946937,6272.521539297,1868.29494797183,126895.843835208,135036.660322477
"Wisconsin","SUV",2024,129842.996509048,13,5,18,7722.3467946937,10598.568921553,2054.79651814174,124929.977864047,137583.343303742
"Wyoming","Car",2020,10550.9958913105,0,0,0,0,80.6751080757363,30.5257165691974,10439.7950666656,10550.9958913105
"Wyoming","Car",2021,9941.38698981375,0,0,0,202.056793541666,77.5588799305952,29.3466032169819,10036.5383002078,10143.4437833554
"Wyoming","Car",2022,9376.78885128311,0,0,0,202.056793541689,296.077283662585,78.8119388166594,9203.95642234555,9578.8456448248
"Wyoming","Car",2023,8855.26153571878,0,0,0,202.056793541666,492.545972787812,140.163383037814,8424.60897343482,9057.31832926045
"Wyoming","Car",2024,8377.81017784278,0,0,0,202.056793541666,760.323636611541,141.110125476134,7678.43320929677,8579.86697138444
"Wyoming","SUV",2020,19966.3221962098,0,0,0,0,152.66665039466,57.7657596087903,19755.8897862063,19966.3221962098
"Wyoming","SUV",2021,19479.5239363764,0,0,0,603.889267258376,153.561952579972,58.1045225978271,19871.7467284569,20083.4132036347
"Wyoming","SUV",2022,19038.1022127352,0,0,0,603.889267258445,607.124041743187,161.608557874086,18873.2588803763,19641.9914799936
"Wyoming","SUV",2023,18640.3337132783,0,0,0,603.889267258376,1046.51997245944,297.807286751984,17899.8957213252,19244.2229805366
"Wyoming","SUV",2024,18286.9904007165,0,0,0,603.889267258376,1674.05652976319,310.69181016362,16906.131328048,18890.8796679748
